{"textures":{"0":"modelengine:entity/chaos"},"elements":[{"from":[6.285714,6.857143,7.428571],"to":[9.714286,9.142858,8.571428],"rotation":{"angle":0.0,"axis":"y","origin":[8.0,8.0,8.0]},"faces":{"east":{"uv":[7.0,6.25,7.25,6.75],"rotation":0,"texture":"#0","tintindex":0},"south":{"uv":[8.25,6.25,9.0,6.75],"rotation":0,"texture":"#0","tintindex":0},"north":{"uv":[7.25,6.25,8.0,6.75],"rotation":0,"texture":"#0","tintindex":0},"west":{"uv":[8.0,6.25,8.25,6.75],"rotation":0,"texture":"#0","tintindex":0},"up":{"uv":[8.0,6.25,7.25,6.0],"rotation":0,"texture":"#0","tintindex":0},"down":{"uv":[8.75,6.0,8.0,6.25],"rotation":0,"texture":"#0","tintindex":0}}},{"from":[7.428571,6.0,7.428571],"to":[8.571428,7.142857,8.571428],"rotation":{"angle":0.0,"axis":"y","origin":[8.0,6.0,8.0]},"faces":{"east":{"uv":[6.75,8.75,7.0,9.0],"rotation":0,"texture":"#0","tintindex":0},"south":{"uv":[7.5,8.75,7.75,9.0],"rotation":0,"texture":"#0","tintindex":0},"north":{"uv":[7.0,8.75,7.25,9.0],"rotation":0,"texture":"#0","tintindex":0},"west":{"uv":[7.25,8.75,7.5,9.0],"rotation":0,"texture":"#0","tintindex":0},"up":{"uv":[7.25,8.75,7.0,8.5],"rotation":0,"texture":"#0","tintindex":0},"down":{"uv":[7.5,8.5,7.25,8.75],"rotation":0,"texture":"#0","tintindex":0}}}],"display":{"head":{"translation":[0.0,-6.4,0.0],"scale":[4.0,4.0,4.0]}}}