{"textures":{"0":"modelengine:entity/chaos"},"elements":[{"from":[8.0,5.885714,9.714286],"to":[9.714286,7.6,10.285714],"rotation":{"angle":0.0,"axis":"y","origin":[8.0,8.0,8.0]},"faces":{"east":{"uv":[5.75,8.625,5.875,9.0],"rotation":0,"texture":"#0","tintindex":0},"south":{"uv":[6.375,8.625,6.75,9.0],"rotation":0,"texture":"#0","tintindex":0},"north":{"uv":[5.875,8.625,6.25,9.0],"rotation":0,"texture":"#0","tintindex":0},"west":{"uv":[6.25,8.625,6.375,9.0],"rotation":0,"texture":"#0","tintindex":0},"up":{"uv":[6.25,8.625,5.875,8.5],"rotation":0,"texture":"#0","tintindex":0},"down":{"uv":[6.625,8.5,6.25,8.625],"rotation":0,"texture":"#0","tintindex":0}}}],"display":{"head":{"translation":[0.0,-6.4,0.0],"scale":[4.0,4.0,4.0]}}}