{"textures":{"0":"modelengine:entity/hell"},"elements":[{"from":[-1.1428576,-2.4142294,8.940971],"to":[8.0,11.300056,8.940971],"rotation":{"angle":0.0,"axis":"x","origin":[3.4285712,4.442914,8.426685]},"faces":{"east":{"uv":[0.0,0.0,0.0,3.0],"rotation":0,"texture":"#0","tintindex":0},"south":{"uv":[2.125,0.0,4.0,3.0],"rotation":0,"texture":"#0","tintindex":0},"north":{"uv":[4.0,0.0,2.125,3.0],"rotation":0,"texture":"#0","tintindex":0},"west":{"uv":[0.0,0.0,0.0,3.0],"rotation":0,"texture":"#0","tintindex":0},"up":{"uv":[2.0,0.0,0.0,0.0],"rotation":0,"texture":"#0","tintindex":0},"down":{"uv":[2.0,0.0,0.0,0.0],"rotation":0,"texture":"#0","tintindex":0}}}],"display":{"head":{"translation":[0.0,-6.4,0.0],"scale":[4.0,4.0,4.0]}}}