{"textures":{"0":"modelengine:entity/hell"},"elements":[{"from":[6.285714,5.142857,6.857143],"to":[9.714286,7.428571,9.142858],"rotation":{"angle":0.0,"axis":"y","origin":[8.0,-4.5714293,8.0]},"faces":{"east":{"uv":[6.75,5.125,7.25,5.625],"rotation":0,"texture":"#0","tintindex":0},"south":{"uv":[5.0,6.0,5.75,6.5],"rotation":0,"texture":"#0","tintindex":0},"north":{"uv":[6.0,4.75,6.75,5.25],"rotation":0,"texture":"#0","tintindex":0},"west":{"uv":[0.0,6.875,0.5,7.375],"rotation":0,"texture":"#0","tintindex":0},"up":{"uv":[6.75,5.75,6.0,5.25],"rotation":0,"texture":"#0","tintindex":0},"down":{"uv":[6.5,6.0,5.75,6.5],"rotation":0,"texture":"#0","tintindex":0}}}],"display":{"head":{"translation":[0.0,-6.4,0.0],"scale":[4.0,4.0,4.0]}}}