{"textures":{"0":"modelengine:entity/hell"},"elements":[{"from":[6.56375,7.904633,7.428571],"to":[7.706607,9.04749,8.571428],"rotation":{"angle":0.0,"axis":"y","origin":[8.0,8.0,8.0]},"faces":{"east":{"uv":[0.5,7.375,0.75,7.625],"rotation":0,"texture":"#0","tintindex":0},"south":{"uv":[7.375,0.5,7.625,0.75],"rotation":0,"texture":"#0","tintindex":0},"north":{"uv":[7.375,0.25,7.625,0.5],"rotation":0,"texture":"#0","tintindex":0},"west":{"uv":[7.375,0.75,7.625,1.0],"rotation":0,"texture":"#0","tintindex":0},"up":{"uv":[1.25,7.625,1.0,7.375],"rotation":0,"texture":"#0","tintindex":0},"down":{"uv":[1.5,7.375,1.25,7.625],"rotation":0,"texture":"#0","tintindex":0}}}],"display":{"head":{"translation":[0.0,-6.4,0.0],"scale":[4.0,4.0,4.0]}}}