{"textures":{"0":"modelengine:entity/hell"},"elements":[{"from":[7.714286,7.600713,8.116325],"to":[8.285714,10.686427,8.63061],"rotation":{"angle":0.0,"axis":"z","origin":[8.171429,8.751288,9.863447]},"faces":{"east":{"uv":[0.875,6.875,1.0,7.5],"rotation":0,"texture":"#0","tintindex":0},"south":{"uv":[6.375,7.125,6.5,7.75],"rotation":0,"texture":"#0","tintindex":0},"north":{"uv":[4.75,6.75,4.875,7.375],"rotation":0,"texture":"#0","tintindex":0},"west":{"uv":[4.625,7.25,4.75,7.875],"rotation":0,"texture":"#0","tintindex":0},"up":{"uv":[1.125,7.75,1.0,7.625],"rotation":0,"texture":"#0","tintindex":0},"down":{"uv":[1.25,7.625,1.125,7.75],"rotation":0,"texture":"#0","tintindex":0}}}],"display":{"head":{"translation":[0.0,-6.4,0.0],"scale":[4.0,4.0,4.0]}}}