{"textures":{"0":"modelengine:entity/hell"},"elements":[{"from":[6.857143,6.5583186,5.9624267],"to":[8.571428,10.558319,8.248141],"rotation":{"angle":0.0,"axis":"y","origin":[10.857143,-4.5714293,8.0]},"faces":{"east":{"uv":[4.0,5.5,4.5,6.375],"rotation":0,"texture":"#0","tintindex":0},"south":{"uv":[6.5,2.0,6.875,2.875],"rotation":0,"texture":"#0","tintindex":0},"north":{"uv":[6.5,1.125,6.875,2.0],"rotation":0,"texture":"#0","tintindex":0},"west":{"uv":[5.5,4.25,6.0,5.125],"rotation":0,"texture":"#0","tintindex":0},"up":{"uv":[7.25,4.125,6.875,3.625],"rotation":0,"texture":"#0","tintindex":0},"down":{"uv":[7.25,4.125,6.875,4.625],"rotation":0,"texture":"#0","tintindex":0}}}],"display":{"head":{"translation":[0.0,-6.4,0.0],"scale":[4.0,4.0,4.0]}}}