{"textures":{"0":"modelengine:entity/dopel"},"elements":[{"from":[6.857143,5.714286,6.857143],"to":[9.142858,10.285714,9.142858],"rotation":{"angle":0.0,"axis":"y","origin":[8.0,8.0,8.0]},"faces":{"east":{"uv":[2.25,9.875,2.75,10.875],"rotation":0,"texture":"#0","tintindex":0},"south":{"uv":[3.75,9.875,4.25,10.875],"rotation":0,"texture":"#0","tintindex":0},"north":{"uv":[2.75,9.875,3.25,10.875],"rotation":0,"texture":"#0","tintindex":0},"west":{"uv":[3.25,9.875,3.75,10.875],"rotation":0,"texture":"#0","tintindex":0},"up":{"uv":[3.25,9.875,2.75,9.375],"rotation":0,"texture":"#0","tintindex":0},"down":{"uv":[3.75,9.375,3.25,9.875],"rotation":0,"texture":"#0","tintindex":0}}}],"display":{"head":{"translation":[0.0,-6.4,0.0],"scale":[4.0,4.0,4.0]}}}