{"textures":{"0":"modelengine:entity/dopel"},"elements":[{"from":[7.714286,8.0,7.714286],"to":[8.285714,8.0,8.285714],"rotation":{"angle":0.0,"axis":"y","origin":[8.0,8.0,8.0]},"faces":{"east":{"uv":[1.375,1.75,1.5,1.75],"rotation":0,"texture":"#0","tintindex":0},"south":{"uv":[1.75,1.75,1.875,1.75],"rotation":0,"texture":"#0","tintindex":0},"north":{"uv":[1.5,1.75,1.625,1.75],"rotation":0,"texture":"#0","tintindex":0},"west":{"uv":[1.625,1.75,1.75,1.75],"rotation":0,"texture":"#0","tintindex":0},"up":{"uv":[1.625,1.75,1.5,1.625],"rotation":0,"texture":"#0","tintindex":0},"down":{"uv":[1.75,1.625,1.625,1.75],"rotation":0,"texture":"#0","tintindex":0}}}],"display":{"head":{"translation":[0.0,-6.4,0.0],"scale":[4.0,4.0,4.0]}}}