{"textures":{"0":"modelengine:entity/dopel"},"elements":[{"from":[7.714286,7.714286,7.428571],"to":[8.285714,8.285714,8.571428],"rotation":{"angle":0.0,"axis":"y","origin":[8.0,8.0,8.0]},"faces":{"east":{"uv":[3.5,11.125,3.75,11.25],"rotation":0,"texture":"#0","tintindex":0},"south":{"uv":[4.125,11.125,4.25,11.25],"rotation":0,"texture":"#0","tintindex":0},"north":{"uv":[3.75,11.125,3.875,11.25],"rotation":0,"texture":"#0","tintindex":0},"west":{"uv":[3.875,11.125,4.125,11.25],"rotation":0,"texture":"#0","tintindex":0},"up":{"uv":[3.875,11.125,3.75,10.875],"rotation":0,"texture":"#0","tintindex":0},"down":{"uv":[4.0,10.875,3.875,11.125],"rotation":0,"texture":"#0","tintindex":0}}}],"display":{"head":{"translation":[0.0,-6.4,0.0],"scale":[4.0,4.0,4.0]}}}