{"textures":{"0":"modelengine:entity/dopel"},"elements":[{"from":[6.857143,6.5714283,6.857143],"to":[9.142858,9.428572,9.142858],"rotation":{"angle":0.0,"axis":"y","origin":[8.0,8.0,8.0]},"faces":{"east":{"uv":[9.75,4.75,10.25,5.375],"rotation":0,"texture":"#0","tintindex":0},"south":{"uv":[11.25,4.75,11.75,5.375],"rotation":0,"texture":"#0","tintindex":0},"north":{"uv":[10.25,4.75,10.75,5.375],"rotation":0,"texture":"#0","tintindex":0},"west":{"uv":[10.75,4.75,11.25,5.375],"rotation":0,"texture":"#0","tintindex":0},"up":{"uv":[10.75,4.75,10.25,4.25],"rotation":0,"texture":"#0","tintindex":0},"down":{"uv":[11.25,4.25,10.75,4.75],"rotation":0,"texture":"#0","tintindex":0}}}],"display":{"head":{"translation":[0.0,-6.4,0.0],"scale":[4.0,4.0,4.0]}}}