{"textures":{"0":"modelengine:entity/dopel"},"elements":[{"from":[7.5714283,6.0,5.0857143],"to":[8.314285,10.228572,10.8],"rotation":{"angle":0.0,"axis":"y","origin":[8.0,8.0,8.0]},"faces":{"east":{"uv":[5.5,8.0,6.75,8.875],"rotation":0,"texture":"#0","tintindex":0},"south":{"uv":[8.125,8.0,8.25,8.875],"rotation":0,"texture":"#0","tintindex":0},"north":{"uv":[6.75,8.0,6.875,8.875],"rotation":0,"texture":"#0","tintindex":0},"west":{"uv":[6.875,8.0,8.125,8.875],"rotation":0,"texture":"#0","tintindex":0},"up":{"uv":[6.875,8.0,6.75,6.75],"rotation":0,"texture":"#0","tintindex":0},"down":{"uv":[7.0,6.75,6.875,8.0],"rotation":0,"texture":"#0","tintindex":0}}}],"display":{"head":{"translation":[0.0,-6.4,0.0],"scale":[4.0,4.0,4.0]}}}