{"textures":{"0":"modelengine:entity/dopel"},"elements":[{"from":[8.0,5.714286,7.714286],"to":[8.0,10.285714,8.285714],"rotation":{"angle":0.0,"axis":"y","origin":[8.0,8.0,8.0]},"faces":{"east":{"uv":[8.0,5.875,8.125,6.875],"rotation":0,"texture":"#0","tintindex":0},"south":{"uv":[8.25,5.875,8.25,6.875],"rotation":0,"texture":"#0","tintindex":0},"north":{"uv":[8.125,5.875,8.125,6.875],"rotation":0,"texture":"#0","tintindex":0},"west":{"uv":[8.125,5.875,8.25,6.875],"rotation":0,"texture":"#0","tintindex":0},"up":{"uv":[8.125,5.875,8.125,5.75],"rotation":0,"texture":"#0","tintindex":0},"down":{"uv":[8.125,5.75,8.125,5.875],"rotation":0,"texture":"#0","tintindex":0}}}],"display":{"head":{"translation":[0.0,-6.4,0.0],"scale":[4.0,4.0,4.0]}}}