{"textures":{"0":"modelengine:entity/dopel"},"elements":[{"from":[6.0,4.3999996,8.0],"to":[10.0,11.6,8.0],"rotation":{"angle":0.0,"axis":"y","origin":[8.0,8.0,8.0]},"faces":{"east":{"uv":[0.0,0.0,0.0,1.5],"rotation":0,"texture":"#0","tintindex":0},"south":{"uv":[0.875,0.0,1.75,1.5],"rotation":0,"texture":"#0","tintindex":0},"north":{"uv":[0.0,0.0,0.875,1.5],"rotation":0,"texture":"#0","tintindex":0},"west":{"uv":[0.875,0.0,0.875,1.5],"rotation":0,"texture":"#0","tintindex":0},"up":{"uv":[0.875,0.0,0.0,0.0],"rotation":0,"texture":"#0","tintindex":0},"down":{"uv":[1.75,0.0,0.875,0.0],"rotation":0,"texture":"#0","tintindex":0}}}],"display":{"head":{"translation":[0.0,-6.4,0.0],"scale":[4.0,4.0,4.0]}}}