{"textures":{"0":"modelengine:entity/dopel"},"elements":[{"from":[7.428571,5.8861613,4.5878057],"to":[8.571428,7.0290184,5.7306623],"rotation":{"angle":0.0,"axis":"y","origin":[8.0,6.45759,5.159234]},"faces":{"east":{"uv":[5.5,6.75,5.75,7.0],"rotation":0,"texture":"#0","tintindex":0},"south":{"uv":[6.25,6.75,6.5,7.0],"rotation":0,"texture":"#0","tintindex":0},"north":{"uv":[5.75,6.75,6.0,7.0],"rotation":0,"texture":"#0","tintindex":0},"west":{"uv":[6.0,6.75,6.25,7.0],"rotation":0,"texture":"#0","tintindex":0},"up":{"uv":[6.0,6.75,5.75,6.5],"rotation":0,"texture":"#0","tintindex":0},"down":{"uv":[6.25,6.5,6.0,6.75],"rotation":0,"texture":"#0","tintindex":0}}}],"display":{"head":{"translation":[0.0,-6.4,0.0],"scale":[4.0,4.0,4.0]}}}