{"textures":{"0":"modelengine:entity/dopel"},"elements":[{"from":[7.7427645,5.9191165,4.431929],"to":[8.885622,7.0619736,5.574786],"rotation":{"angle":0.0,"axis":"y","origin":[8.314194,6.4905453,5.003358]},"faces":{"east":{"uv":[8.5,8.125,8.75,8.375],"rotation":0,"texture":"#0","tintindex":0},"south":{"uv":[9.25,8.125,9.5,8.375],"rotation":0,"texture":"#0","tintindex":0},"north":{"uv":[8.75,8.125,9.0,8.375],"rotation":0,"texture":"#0","tintindex":0},"west":{"uv":[9.0,8.125,9.25,8.375],"rotation":0,"texture":"#0","tintindex":0},"up":{"uv":[9.0,8.125,8.75,7.875],"rotation":0,"texture":"#0","tintindex":0},"down":{"uv":[9.25,7.875,9.0,8.125],"rotation":0,"texture":"#0","tintindex":0}}},{"from":[8.314194,6.4905453,3.6319294],"to":[8.885622,7.0619736,4.7747865],"rotation":{"angle":0.0,"axis":"y","origin":[8.599908,6.7762594,4.2033577]},"faces":{"east":{"uv":[5.5,11.125,5.75,11.25],"rotation":0,"texture":"#0","tintindex":0},"south":{"uv":[6.125,11.125,6.25,11.25],"rotation":0,"texture":"#0","tintindex":0},"north":{"uv":[5.75,11.125,5.875,11.25],"rotation":0,"texture":"#0","tintindex":0},"west":{"uv":[5.875,11.125,6.125,11.25],"rotation":0,"texture":"#0","tintindex":0},"up":{"uv":[5.875,11.125,5.75,10.875],"rotation":0,"texture":"#0","tintindex":0},"down":{"uv":[6.0,10.875,5.875,11.125],"rotation":0,"texture":"#0","tintindex":0}}}],"display":{"head":{"translation":[0.0,-6.4,0.0],"scale":[4.0,4.0,4.0]}}}