{"textures":{"0":"modelengine:entity/dopel"},"elements":[{"from":[7.714286,8.041482,8.494262],"to":[8.285714,8.61291,9.637119],"rotation":{"angle":0.0,"axis":"y","origin":[8.0,8.327196,9.06569]},"faces":{"east":{"uv":[5.25,9.625,5.5,9.75],"rotation":0,"texture":"#0","tintindex":0},"south":{"uv":[5.875,9.625,6.0,9.75],"rotation":0,"texture":"#0","tintindex":0},"north":{"uv":[5.5,9.625,5.625,9.75],"rotation":0,"texture":"#0","tintindex":0},"west":{"uv":[5.625,9.625,5.875,9.75],"rotation":0,"texture":"#0","tintindex":0},"up":{"uv":[5.625,9.625,5.5,9.375],"rotation":0,"texture":"#0","tintindex":0},"down":{"uv":[5.75,9.375,5.625,9.625],"rotation":0,"texture":"#0","tintindex":0}}}],"display":{"head":{"translation":[0.0,-6.4,0.0],"scale":[4.0,4.0,4.0]}}}