{"textures":{"0":"modelengine:entity/stomp_shockwave"},"elements":[{"from":[19.142857,-16.0,21.714287],"to":[22.142857,-14.071428,24.714287],"rotation":{"angle":22.5,"axis":"z","origin":[8.0,-14.5,8.0]},"faces":{"east":{"uv":[5.0,10.0,5.5,10.25],"rotation":0,"texture":"#0","tintindex":0},"south":{"uv":[5.5,10.0,6.0,10.25],"rotation":0,"texture":"#0","tintindex":0},"north":{"uv":[10.0,4.875,10.5,5.125],"rotation":0,"texture":"#0","tintindex":0},"west":{"uv":[6.375,10.0,6.875,10.25],"rotation":0,"texture":"#0","tintindex":0},"up":{"uv":[1.375,9.75,0.875,9.25],"rotation":0,"texture":"#0","tintindex":0},"down":{"uv":[9.75,1.0,9.25,1.5],"rotation":0,"texture":"#0","tintindex":0}}},{"from":[18.5,-11.071428,22.357143],"to":[22.785715,-9.785713,24.5],"rotation":{"angle":0.0,"axis":"y","origin":[8.0,-14.5,8.0]},"faces":{"east":{"uv":[3.125,4.75,3.5,5.0],"rotation":0,"texture":"#0","tintindex":0},"south":{"uv":[9.875,8.375,10.5,8.625],"rotation":0,"texture":"#0","tintindex":0},"north":{"uv":[7.625,9.875,8.25,10.125],"rotation":0,"texture":"#0","tintindex":0},"west":{"uv":[2.75,5.875,3.125,6.125],"rotation":0,"texture":"#0","tintindex":0},"up":{"uv":[9.875,8.875,9.25,8.5],"rotation":0,"texture":"#0","tintindex":0},"down":{"uv":[10.125,2.125,9.5,2.5],"rotation":0,"texture":"#0","tintindex":0}}}],"display":{"head":{"translation":[0.0,-32.971436,0.0],"scale":[4.0,4.0,4.0]}}}