{"textures":{"0":"modelengine:entity/stomp_shockwave"},"elements":[{"from":[3.9114285,-16.0,3.371428],"to":[8.0,-8.02857,7.7685714],"rotation":{"angle":-22.5,"axis":"x","origin":[8.0,-13.428572,8.0]},"faces":{"east":{"uv":[5.5,2.25,6.125,3.375],"rotation":0,"texture":"#0","tintindex":0},"south":{"uv":[5.625,4.5,6.25,5.625],"rotation":0,"texture":"#0","tintindex":0},"north":{"uv":[5.5,1.125,6.125,2.25],"rotation":0,"texture":"#0","tintindex":0},"west":{"uv":[5.625,5.625,6.25,6.75],"rotation":0,"texture":"#0","tintindex":0},"up":{"uv":[8.375,6.625,7.75,6.0],"rotation":0,"texture":"#0","tintindex":0},"down":{"uv":[7.875,7.75,7.25,8.375],"rotation":0,"texture":"#0","tintindex":0}}},{"from":[4.142857,-8.02857,4.3357143],"to":[7.2285714,-4.2485714,7.035714],"rotation":{"angle":-22.5,"axis":"x","origin":[8.0,-13.428572,8.0]},"faces":{"east":{"uv":[2.5,9.875,2.875,10.375],"rotation":0,"texture":"#0","tintindex":0},"south":{"uv":[9.125,9.0,9.625,9.5],"rotation":0,"texture":"#0","tintindex":0},"north":{"uv":[9.125,0.0,9.625,0.5],"rotation":0,"texture":"#0","tintindex":0},"west":{"uv":[2.875,9.875,3.25,10.375],"rotation":0,"texture":"#0","tintindex":0},"up":{"uv":[10.375,5.5,9.875,5.125],"rotation":0,"texture":"#0","tintindex":0},"down":{"uv":[10.375,5.5,9.875,5.875],"rotation":0,"texture":"#0","tintindex":0}}},{"from":[2.9857144,-15.057142,5.492857],"to":[5.685714,-9.571428,8.578571],"rotation":{"angle":-22.5,"axis":"x","origin":[8.0,-13.428572,8.0]},"faces":{"east":{"uv":[0.0,8.0,0.5,8.75],"rotation":0,"texture":"#0","tintindex":0},"south":{"uv":[5.75,8.625,6.125,9.375],"rotation":0,"texture":"#0","tintindex":0},"north":{"uv":[3.75,8.625,4.125,9.375],"rotation":0,"texture":"#0","tintindex":0},"west":{"uv":[0.5,8.0,1.0,8.75],"rotation":0,"texture":"#0","tintindex":0},"up":{"uv":[4.5,10.375,4.125,9.875],"rotation":0,"texture":"#0","tintindex":0},"down":{"uv":[10.25,5.875,9.875,6.375],"rotation":0,"texture":"#0","tintindex":0}}},{"from":[-3.014286,-12.485714,1.4214282],"to":[-0.31428623,-7.0,4.5071425],"rotation":{"angle":22.5,"axis":"z","origin":[8.0,-13.428572,8.0]},"faces":{"east":{"uv":[1.0,8.0,1.5,8.75],"rotation":0,"texture":"#0","tintindex":0},"south":{"uv":[8.75,0.0,9.125,0.75],"rotation":0,"texture":"#0","tintindex":0},"north":{"uv":[0.0,8.75,0.375,9.5],"rotation":0,"texture":"#0","tintindex":0},"west":{"uv":[1.5,8.0,2.0,8.75],"rotation":0,"texture":"#0","tintindex":0},"up":{"uv":[6.375,10.375,6.0,9.875],"rotation":0,"texture":"#0","tintindex":0},"down":{"uv":[7.625,9.875,7.25,10.375],"rotation":0,"texture":"#0","tintindex":0}}},{"from":[-2.5857143,-7.1285706,1.9357138],"to":[-0.8285713,-5.0714283,3.6499996],"rotation":{"angle":22.5,"axis":"z","origin":[8.0,-13.428572,8.0]},"faces":{"east":{"uv":[10.125,2.125,10.375,2.375],"rotation":0,"texture":"#0","tintindex":0},"south":{"uv":[10.125,7.0,10.375,7.25],"rotation":0,"texture":"#0","tintindex":0},"north":{"uv":[10.125,1.5,10.375,1.75],"rotation":0,"texture":"#0","tintindex":0},"west":{"uv":[7.625,10.125,7.875,10.375],"rotation":0,"texture":"#0","tintindex":0},"up":{"uv":[8.125,10.375,7.875,10.125],"rotation":0,"texture":"#0","tintindex":0},"down":{"uv":[8.375,10.125,8.125,10.375],"rotation":0,"texture":"#0","tintindex":0}}},{"from":[5.685714,-15.914284,2.7928567],"to":[8.771429,-9.571428,5.8785715],"rotation":{"angle":-22.5,"axis":"x","origin":[8.0,-13.428572,8.0]},"faces":{"east":{"uv":[4.75,7.25,5.25,8.125],"rotation":0,"texture":"#0","tintindex":0},"south":{"uv":[7.25,5.375,7.75,6.25],"rotation":0,"texture":"#0","tintindex":0},"north":{"uv":[7.25,4.5,7.75,5.375],"rotation":0,"texture":"#0","tintindex":0},"west":{"uv":[7.25,6.25,7.75,7.125],"rotation":0,"texture":"#0","tintindex":0},"up":{"uv":[0.875,9.75,0.375,9.25],"rotation":0,"texture":"#0","tintindex":0},"down":{"uv":[9.75,0.5,9.25,1.0],"rotation":0,"texture":"#0","tintindex":0}}}],"display":{"head":{"translation":[0.0,-40.685722,0.0],"scale":[4.0,4.0,4.0]}}}