{"textures":{},"elements":[{"from":[8.142858,8.142858,29.714287],"to":[8.714286,8.714286,30.285715],"rotation":{"angle":0.0,"axis":"y","origin":[8.142858,7.5714283,8.571428]},"faces":{"east":{"uv":[0.0,0.0,0.0625,0.0625],"rotation":0,"texture":"#missing","tintindex":0},"south":{"uv":[0.0,0.0,0.0625,0.0625],"rotation":0,"texture":"#missing","tintindex":0},"north":{"uv":[0.0,0.0,0.0625,0.0625],"rotation":0,"texture":"#missing","tintindex":0},"west":{"uv":[0.0,0.0,0.0625,0.0625],"rotation":0,"texture":"#missing","tintindex":0},"up":{"uv":[0.0,0.0,0.0625,0.0625],"rotation":0,"texture":"#missing","tintindex":0},"down":{"uv":[0.0,0.0,0.0625,0.0625],"rotation":0,"texture":"#missing","tintindex":0}}}],"display":{"head":{"translation":[0.0,-6.4,0.0],"scale":[4.0,4.0,4.0]}}}