{"textures":{"1":"modelengine:entity/horse"},"elements":[{"from":[8.0,5.160144,7.76557],"to":[8.0,10.097287,16.817],"rotation":{"angle":0.0,"axis":"y","origin":[8.0,12.822857,6.1714287]},"faces":{"east":{"uv":[7.375,0.0,8.375,0.5625],"rotation":0,"texture":"#1","tintindex":0},"south":{"uv":[0.0,0.0,0.0,0.5625],"rotation":0,"texture":"#1","tintindex":0},"north":{"uv":[0.0,0.0,0.0,0.5625],"rotation":0,"texture":"#1","tintindex":0},"west":{"uv":[5.625,7.5,6.625,8.0625],"rotation":0,"texture":"#1","tintindex":0},"up":{"uv":[0.0,1.0,0.0,0.0],"rotation":0,"texture":"#1","tintindex":0},"down":{"uv":[0.0,0.0,0.0,1.0],"rotation":0,"texture":"#1","tintindex":0}}},{"from":[6.221346,7.7472043,7.76557],"to":[11.158489,7.7472043,16.817],"rotation":{"angle":0.0,"axis":"y","origin":[-26.218513,-21.395653,6.1714287]},"faces":{"east":{"uv":[0.0,0.0,0.0,1.0],"rotation":270,"texture":"#1","tintindex":0},"south":{"uv":[0.0,0.0,0.0,0.5625],"rotation":270,"texture":"#1","tintindex":0},"north":{"uv":[0.0,0.0,0.0,0.5625],"rotation":90,"texture":"#1","tintindex":0},"west":{"uv":[0.0,1.0,0.0,0.0],"rotation":270,"texture":"#1","tintindex":0},"up":{"uv":[7.375,0.0,8.375,0.5625],"rotation":270,"texture":"#1","tintindex":0},"down":{"uv":[5.625,7.5,6.625,8.0625],"rotation":270,"texture":"#1","tintindex":0}}}],"display":{"head":{"translation":[0.0,-6.4,0.0],"scale":[4.0,4.0,4.0]}}}