{"textures":{"0":"modelengine:entity/hell"},"elements":[{"from":[7.257143,9.908753,6.6464214],"to":[8.971429,10.480182,7.2178497],"rotation":{"angle":0.0,"axis":"z","origin":[8.285714,8.571428,8.285714]},"faces":{"east":{"uv":[7.625,1.125,7.75,1.25],"rotation":0,"texture":"#0","tintindex":0},"south":{"uv":[1.5,7.5,1.875,7.625],"rotation":0,"texture":"#0","tintindex":0},"north":{"uv":[7.25,7.375,7.625,7.5],"rotation":0,"texture":"#0","tintindex":0},"west":{"uv":[1.25,7.625,1.375,7.75],"rotation":0,"texture":"#0","tintindex":0},"up":{"uv":[2.25,7.625,1.875,7.5],"rotation":0,"texture":"#0","tintindex":0},"down":{"uv":[2.625,7.5,2.25,7.625],"rotation":0,"texture":"#0","tintindex":0}}}],"display":{"head":{"translation":[0.0,-6.4,0.0],"scale":[4.0,4.0,4.0]}}}