{"textures":{"0":"modelengine:entity/hell"},"elements":[{"from":[6.067781,8.1247425,7.981971],"to":[7.724924,8.639029,8.553399],"rotation":{"angle":0.0,"axis":"y","origin":[8.0,8.0,8.0]},"faces":{"east":{"uv":[7.625,1.375,7.75,1.5],"rotation":0,"texture":"#0","tintindex":0},"south":{"uv":[7.5,4.875,7.875,5.0],"rotation":0,"texture":"#0","tintindex":0},"north":{"uv":[4.125,7.5,4.5,7.625],"rotation":0,"texture":"#0","tintindex":0},"west":{"uv":[1.5,7.625,1.625,7.75],"rotation":0,"texture":"#0","tintindex":0},"up":{"uv":[7.875,5.125,7.5,5.0],"rotation":0,"texture":"#0","tintindex":0},"down":{"uv":[7.875,5.125,7.5,5.25],"rotation":0,"texture":"#0","tintindex":0}}}],"display":{"head":{"translation":[0.0,-6.4,0.0],"scale":[4.0,4.0,4.0]}}}