{"textures":{"0":"modelengine:entity/hell"},"elements":[{"from":[8.4878435,7.8453317,7.428571],"to":[9.630701,8.988189,8.571428],"rotation":{"angle":0.0,"axis":"y","origin":[5.714286,-10.857143,8.0]},"faces":{"east":{"uv":[7.25,6.375,7.5,6.625],"rotation":0,"texture":"#0","tintindex":0},"south":{"uv":[6.75,7.25,7.0,7.5],"rotation":0,"texture":"#0","tintindex":0},"north":{"uv":[7.25,6.125,7.5,6.375],"rotation":0,"texture":"#0","tintindex":0},"west":{"uv":[0.0,7.375,0.25,7.625],"rotation":0,"texture":"#0","tintindex":0},"up":{"uv":[7.625,0.25,7.375,0.0],"rotation":0,"texture":"#0","tintindex":0},"down":{"uv":[0.5,7.375,0.25,7.625],"rotation":0,"texture":"#0","tintindex":0}}}],"display":{"head":{"translation":[0.0,-6.4,0.0],"scale":[4.0,4.0,4.0]}}}