{"textures":{"0":"modelengine:entity/hell"},"elements":[{"from":[7.714286,8.267517,7.7052464],"to":[8.285714,10.153232,8.162389],"rotation":{"angle":0.0,"axis":"z","origin":[8.171429,8.7934475,10.107769]},"faces":{"east":{"uv":[5.875,7.375,6.0,7.75],"rotation":0,"texture":"#0","tintindex":0},"south":{"uv":[7.0,7.375,7.125,7.75],"rotation":0,"texture":"#0","tintindex":0},"north":{"uv":[7.375,5.75,7.5,6.125],"rotation":0,"texture":"#0","tintindex":0},"west":{"uv":[7.125,7.375,7.25,7.75],"rotation":0,"texture":"#0","tintindex":0},"up":{"uv":[7.75,0.875,7.625,0.75],"rotation":0,"texture":"#0","tintindex":0},"down":{"uv":[7.75,0.875,7.625,1.0],"rotation":0,"texture":"#0","tintindex":0}}}],"display":{"head":{"translation":[0.0,-6.4,0.0],"scale":[4.0,4.0,4.0]}}}