{"textures":{"0":"modelengine:entity/hell"},"elements":[{"from":[5.714286,9.142858,5.714286],"to":[10.285714,13.714286,10.285714],"rotation":{"angle":0.0,"axis":"y","origin":[8.0,-4.5714293,8.0]},"faces":{"east":{"uv":[4.0,1.0,5.0,2.0],"rotation":0,"texture":"#0","tintindex":0},"south":{"uv":[4.0,2.0,5.0,3.0],"rotation":0,"texture":"#0","tintindex":0},"north":{"uv":[4.0,0.0,5.0,1.0],"rotation":0,"texture":"#0","tintindex":0},"west":{"uv":[4.0,3.0,5.0,4.0],"rotation":0,"texture":"#0","tintindex":0},"up":{"uv":[5.0,5.0,4.0,4.0],"rotation":0,"texture":"#0","tintindex":0},"down":{"uv":[6.0,0.0,5.0,1.0],"rotation":0,"texture":"#0","tintindex":0}}}],"display":{"head":{"translation":[0.0,-6.4,0.0],"scale":[4.0,4.0,4.0]}}}