{
"parent": "item/generated",
"display": {
    "thirdperson_righthand": {
      "rotation": [ 5, -90, 55 ],
      "translation": [ 0, 12, 0 ],
      "scale": [ 2, 2, 0.85 ]
    },
    "thirdperson_lefthand": {
      "rotation": [ -5, 90, -55 ],
      "translation": [ 0, 12, 0 ],
      "scale": [ 2, 2, 0.85 ]
    },
     "firstperson_righthand": {
      "rotation": [ 0, -90, 25 ],
      "translation": [ 1.13, 3.0, 1.0 ],
      "scale": [ 1, 1, 0.68 ]
    },
     "firstperson_lefthand": {
      "rotation": [ 0, 90, -25 ],
      "translation": [ 1.13, 3.0, 1.0 ],
      "scale": [ 1, 1, 0.68 ]
    }
  }
}