{"textures":{"0":"modelengine:entity/texture"},"elements":[{"from":[2.2857141,5.714286,5.142857],"to":[13.714286,10.285714,10.857143],"rotation":{"angle":0.0,"axis":"y","origin":[8.0,-8.800001,8.571428]},"faces":{"east":{"uv":[6.5,5.0,7.125,5.5],"rotation":0,"texture":"#0","tintindex":0},"south":{"uv":[9.0,5.0,10.25,5.5],"rotation":0,"texture":"#0","tintindex":0},"north":{"uv":[7.125,5.0,8.375,5.5],"rotation":0,"texture":"#0","tintindex":0},"west":{"uv":[8.375,5.0,9.0,5.5],"rotation":0,"texture":"#0","tintindex":0},"up":{"uv":[8.375,5.0,7.125,4.375],"rotation":0,"texture":"#0","tintindex":0},"down":{"uv":[9.625,4.375,8.375,5.0],"rotation":0,"texture":"#0","tintindex":0}}}],"display":{"head":{"translation":[0.0,-6.4,0.0],"scale":[4.0,4.0,4.0]}}}