{"textures":{"0":"modelengine:entity/texture"},"elements":[{"from":[2.8571424,-2.285715,7.428571],"to":[13.142858,18.285715,8.571428],"rotation":{"angle":0.0,"axis":"y","origin":[5.4007144,-0.82437706,5.714286]},"faces":{"east":{"uv":[3.75,6.875,3.875,9.125],"rotation":0,"texture":"#0","tintindex":0},"south":{"uv":[5.125,6.875,6.25,9.125],"rotation":0,"texture":"#0","tintindex":0},"north":{"uv":[3.875,6.875,5.0,9.125],"rotation":0,"texture":"#0","tintindex":0},"west":{"uv":[5.0,6.875,5.125,9.125],"rotation":0,"texture":"#0","tintindex":0},"up":{"uv":[5.0,6.875,3.875,6.75],"rotation":0,"texture":"#0","tintindex":0},"down":{"uv":[6.125,6.75,5.0,6.875],"rotation":0,"texture":"#0","tintindex":0}}}],"display":{"head":{"translation":[0.0,-6.4,0.0],"scale":[4.0,4.0,4.0]}}}