{"textures":{"0":"modelengine:entity/texture"},"elements":[{"from":[3.4285712,6.247619,4.5714283],"to":[9.142858,10.819048,11.428572],"rotation":{"angle":0.0,"axis":"y","origin":[-2.9714298,-31.352383,8.0]},"faces":{"east":{"uv":[7.75,3.25,8.5,3.75],"rotation":0,"texture":"#0","tintindex":0},"south":{"uv":[9.875,3.25,10.5,3.75],"rotation":0,"texture":"#0","tintindex":0},"north":{"uv":[8.5,3.25,9.125,3.75],"rotation":0,"texture":"#0","tintindex":0},"west":{"uv":[9.125,3.25,9.875,3.75],"rotation":0,"texture":"#0","tintindex":0},"up":{"uv":[9.125,3.25,8.5,2.5],"rotation":0,"texture":"#0","tintindex":0},"down":{"uv":[9.75,2.5,9.125,3.25],"rotation":0,"texture":"#0","tintindex":0}}},{"from":[6.4,6.590476,4.0],"to":[10.971429,8.87619,12.0],"rotation":{"angle":0.0,"axis":"y","origin":[-2.9714298,-31.352383,8.0]},"faces":{"east":{"uv":[6.5,6.375,7.375,6.625],"rotation":0,"texture":"#0","tintindex":0},"south":{"uv":[8.75,6.375,9.25,6.625],"rotation":0,"texture":"#0","tintindex":0},"north":{"uv":[7.375,6.375,7.875,6.625],"rotation":0,"texture":"#0","tintindex":0},"west":{"uv":[7.875,6.375,8.75,6.625],"rotation":0,"texture":"#0","tintindex":0},"up":{"uv":[7.875,6.375,7.375,5.5],"rotation":0,"texture":"#0","tintindex":0},"down":{"uv":[8.375,5.5,7.875,6.375],"rotation":0,"texture":"#0","tintindex":0}}},{"from":[6.1714287,5.447619,4.5714283],"to":[11.885715,10.019048,11.428572],"rotation":{"angle":0.0,"axis":"y","origin":[-2.9714298,-31.352383,8.0]},"faces":{"east":{"uv":[7.75,2.0,8.5,2.5],"rotation":0,"texture":"#0","tintindex":0},"south":{"uv":[9.875,2.0,10.5,2.5],"rotation":0,"texture":"#0","tintindex":0},"north":{"uv":[8.5,2.0,9.125,2.5],"rotation":0,"texture":"#0","tintindex":0},"west":{"uv":[9.125,2.0,9.875,2.5],"rotation":0,"texture":"#0","tintindex":0},"up":{"uv":[9.125,2.0,8.5,1.25],"rotation":0,"texture":"#0","tintindex":0},"down":{"uv":[9.75,1.25,9.125,2.0],"rotation":0,"texture":"#0","tintindex":0}}}],"display":{"head":{"translation":[0.0,-6.4,0.0],"scale":[4.0,4.0,4.0]}}}