{"textures":{"0":"modelengine:entity/texture"},"elements":[{"from":[6.1714287,2.2695136,6.195279],"to":[9.6,10.269514,9.623851],"rotation":{"angle":0.0,"axis":"y","origin":[7.885714,-3.1838007,9.119006]},"faces":{"east":{"uv":[0.0,10.5,0.375,11.375],"rotation":0,"texture":"#0","tintindex":0},"south":{"uv":[1.125,10.5,1.5,11.375],"rotation":0,"texture":"#0","tintindex":0},"north":{"uv":[0.375,10.5,0.75,11.375],"rotation":0,"texture":"#0","tintindex":0},"west":{"uv":[0.75,10.5,1.125,11.375],"rotation":0,"texture":"#0","tintindex":0},"up":{"uv":[0.75,10.5,0.375,10.125],"rotation":0,"texture":"#0","tintindex":0},"down":{"uv":[1.125,10.125,0.75,10.5],"rotation":0,"texture":"#0","tintindex":0}}},{"from":[5.8285713,8.587629,4.0904346],"to":[10.4,10.873343,12.090435],"rotation":{"angle":0.0,"axis":"y","origin":[-3.5428581,-19.1838,9.4618635]},"faces":{"east":{"uv":[8.125,9.375,9.0,9.625],"rotation":0,"texture":"#0","tintindex":0},"south":{"uv":[10.375,9.375,10.875,9.625],"rotation":0,"texture":"#0","tintindex":0},"north":{"uv":[9.0,9.375,9.5,9.625],"rotation":0,"texture":"#0","tintindex":0},"west":{"uv":[9.5,9.375,10.375,9.625],"rotation":0,"texture":"#0","tintindex":0},"up":{"uv":[9.5,9.375,9.0,8.5],"rotation":0,"texture":"#0","tintindex":0},"down":{"uv":[10.0,8.5,9.5,9.375],"rotation":0,"texture":"#0","tintindex":0}}}],"display":{"head":{"translation":[0.0,-6.4,0.0],"scale":[4.0,4.0,4.0]}}}