{"textures":{"0":"modelengine:entity/texture"},"elements":[{"from":[4.4845715,8.882286,5.709714],"to":[11.341715,11.168,11.424],"rotation":{"angle":0.0,"axis":"y","origin":[7.9131427,8.882286,6.8525715]},"faces":{"east":{"uv":[0.0,9.875,0.625,10.125],"rotation":0,"texture":"#0","tintindex":0},"south":{"uv":[2.0,9.875,2.75,10.125],"rotation":0,"texture":"#0","tintindex":0},"north":{"uv":[0.625,9.875,1.375,10.125],"rotation":0,"texture":"#0","tintindex":0},"west":{"uv":[1.375,9.875,2.0,10.125],"rotation":0,"texture":"#0","tintindex":0},"up":{"uv":[1.375,9.875,0.625,9.25],"rotation":0,"texture":"#0","tintindex":0},"down":{"uv":[2.125,9.25,1.375,9.875],"rotation":0,"texture":"#0","tintindex":0}}},{"from":[7.456,8.310857,5.5954285],"to":[8.598857,10.596572,6.7382855],"rotation":{"angle":0.0,"axis":"y","origin":[8.598857,8.310857,6.7382855]},"faces":{"east":{"uv":[6.5,4.5,6.625,4.75],"rotation":0,"texture":"#0","tintindex":0},"south":{"uv":[6.875,4.5,7.0,4.75],"rotation":0,"texture":"#0","tintindex":0},"north":{"uv":[6.625,4.5,6.75,4.75],"rotation":0,"texture":"#0","tintindex":0},"west":{"uv":[6.75,4.5,6.875,4.75],"rotation":0,"texture":"#0","tintindex":0},"up":{"uv":[6.75,4.5,6.625,4.375],"rotation":0,"texture":"#0","tintindex":0},"down":{"uv":[6.875,4.375,6.75,4.5],"rotation":0,"texture":"#0","tintindex":0}}},{"from":[10.198857,4.7679996,5.824],"to":[11.341715,9.339429,11.538286],"rotation":{"angle":0.0,"axis":"y","origin":[11.341715,7.0537143,6.966857]},"faces":{"east":{"uv":[5.625,11.125,6.25,11.625],"rotation":0,"texture":"#0","tintindex":0},"south":{"uv":[7.0,11.125,7.125,11.625],"rotation":0,"texture":"#0","tintindex":0},"north":{"uv":[6.25,11.125,6.375,11.625],"rotation":0,"texture":"#0","tintindex":0},"west":{"uv":[6.375,11.125,7.0,11.625],"rotation":0,"texture":"#0","tintindex":0},"up":{"uv":[6.375,11.125,6.25,10.5],"rotation":0,"texture":"#0","tintindex":0},"down":{"uv":[6.5,10.5,6.375,11.125],"rotation":0,"texture":"#0","tintindex":0}}},{"from":[4.4845715,4.7679996,5.824],"to":[5.6274285,9.339429,11.538286],"rotation":{"angle":0.0,"axis":"y","origin":[5.6274285,7.0537143,6.966857]},"faces":{"east":{"uv":[9.875,10.75,10.5,11.25],"rotation":0,"texture":"#0","tintindex":0},"south":{"uv":[11.25,10.75,11.375,11.25],"rotation":0,"texture":"#0","tintindex":0},"north":{"uv":[10.5,10.75,10.625,11.25],"rotation":0,"texture":"#0","tintindex":0},"west":{"uv":[10.625,10.75,11.25,11.25],"rotation":0,"texture":"#0","tintindex":0},"up":{"uv":[10.625,10.75,10.5,10.125],"rotation":0,"texture":"#0","tintindex":0},"down":{"uv":[10.75,10.125,10.625,10.75],"rotation":0,"texture":"#0","tintindex":0}}},{"from":[5.6274285,4.7679996,6.624],"to":[10.198857,5.910857,11.195429],"rotation":{"angle":0.0,"axis":"y","origin":[7.9131427,4.7679996,7.766857]},"faces":{"east":{"uv":[10.25,1.25,10.75,1.375],"rotation":0,"texture":"#0","tintindex":0},"south":{"uv":[11.75,1.25,12.25,1.375],"rotation":0,"texture":"#0","tintindex":0},"north":{"uv":[10.75,1.25,11.25,1.375],"rotation":0,"texture":"#0","tintindex":0},"west":{"uv":[11.25,1.25,11.75,1.375],"rotation":0,"texture":"#0","tintindex":0},"up":{"uv":[11.25,1.25,10.75,0.75],"rotation":0,"texture":"#0","tintindex":0},"down":{"uv":[11.75,0.75,11.25,1.25],"rotation":0,"texture":"#0","tintindex":0}}},{"from":[5.6274285,8.082286,6.509714],"to":[10.198857,9.225143,11.081143],"rotation":{"angle":0.0,"axis":"y","origin":[7.9131427,8.082286,7.652571]},"faces":{"east":{"uv":[10.0,9.0,10.5,9.125],"rotation":0,"texture":"#0","tintindex":0},"south":{"uv":[11.5,9.0,12.0,9.125],"rotation":0,"texture":"#0","tintindex":0},"north":{"uv":[10.5,9.0,11.0,9.125],"rotation":0,"texture":"#0","tintindex":0},"west":{"uv":[11.0,9.0,11.5,9.125],"rotation":0,"texture":"#0","tintindex":0},"up":{"uv":[11.0,9.0,10.5,8.5],"rotation":0,"texture":"#0","tintindex":0},"down":{"uv":[11.5,8.5,11.0,9.0],"rotation":0,"texture":"#0","tintindex":0}}},{"from":[5.6274285,6.4822855,6.624],"to":[10.198857,7.625143,11.195429],"rotation":{"angle":0.0,"axis":"y","origin":[7.9131427,6.4822855,7.766857]},"faces":{"east":{"uv":[9.75,3.125,10.25,3.25],"rotation":0,"texture":"#0","tintindex":0},"south":{"uv":[11.25,3.125,11.75,3.25],"rotation":0,"texture":"#0","tintindex":0},"north":{"uv":[10.25,3.125,10.75,3.25],"rotation":0,"texture":"#0","tintindex":0},"west":{"uv":[10.75,3.125,11.25,3.25],"rotation":0,"texture":"#0","tintindex":0},"up":{"uv":[10.75,3.125,10.25,2.625],"rotation":0,"texture":"#0","tintindex":0},"down":{"uv":[11.25,2.625,10.75,3.125],"rotation":0,"texture":"#0","tintindex":0}}},{"from":[5.6274285,5.568,8.224],"to":[10.198857,8.996572,10.509714],"rotation":{"angle":0.0,"axis":"y","origin":[7.9131427,5.568,9.366858]},"faces":{"east":{"uv":[6.875,11.625,7.125,12.0],"rotation":0,"texture":"#0","tintindex":0},"south":{"uv":[7.875,11.625,8.375,12.0],"rotation":0,"texture":"#0","tintindex":0},"north":{"uv":[7.125,11.625,7.625,12.0],"rotation":0,"texture":"#0","tintindex":0},"west":{"uv":[7.625,11.625,7.875,12.0],"rotation":0,"texture":"#0","tintindex":0},"up":{"uv":[7.625,11.625,7.125,11.375],"rotation":0,"texture":"#0","tintindex":0},"down":{"uv":[8.125,11.375,7.625,11.625],"rotation":0,"texture":"#0","tintindex":0}}},{"from":[7.456,7.0537143,6.509714],"to":[8.598857,8.196571,7.652571],"rotation":{"angle":0.0,"axis":"y","origin":[8.484571,7.0537143,7.652571]},"faces":{"east":{"uv":[7.75,3.125,7.875,3.25],"rotation":0,"texture":"#0","tintindex":0},"south":{"uv":[8.125,3.125,8.25,3.25],"rotation":0,"texture":"#0","tintindex":0},"north":{"uv":[7.875,3.125,8.0,3.25],"rotation":0,"texture":"#0","tintindex":0},"west":{"uv":[8.0,3.125,8.125,3.25],"rotation":0,"texture":"#0","tintindex":0},"up":{"uv":[8.0,3.125,7.875,3.0],"rotation":0,"texture":"#0","tintindex":0},"down":{"uv":[8.125,3.0,8.0,3.125],"rotation":0,"texture":"#0","tintindex":0}}},{"from":[9.7417145,7.0537143,6.509714],"to":[10.884571,8.196571,7.652571],"rotation":{"angle":0.0,"axis":"y","origin":[10.884571,7.0537143,7.652571]},"faces":{"east":{"uv":[7.75,2.875,7.875,3.0],"rotation":0,"texture":"#0","tintindex":0},"south":{"uv":[8.125,2.875,8.25,3.0],"rotation":0,"texture":"#0","tintindex":0},"north":{"uv":[7.875,2.875,8.0,3.0],"rotation":0,"texture":"#0","tintindex":0},"west":{"uv":[8.0,2.875,8.125,3.0],"rotation":0,"texture":"#0","tintindex":0},"up":{"uv":[8.0,2.875,7.875,2.75],"rotation":0,"texture":"#0","tintindex":0},"down":{"uv":[8.125,2.75,8.0,2.875],"rotation":0,"texture":"#0","tintindex":0}}},{"from":[5.2845716,7.0537143,6.509714],"to":[6.4274282,8.196571,7.652571],"rotation":{"angle":0.0,"axis":"y","origin":[6.4274282,7.0537143,7.652571]},"faces":{"east":{"uv":[6.5,4.875,6.625,5.0],"rotation":0,"texture":"#0","tintindex":0},"south":{"uv":[6.875,4.875,7.0,5.0],"rotation":0,"texture":"#0","tintindex":0},"north":{"uv":[6.625,4.875,6.75,5.0],"rotation":0,"texture":"#0","tintindex":0},"west":{"uv":[6.75,4.875,6.875,5.0],"rotation":0,"texture":"#0","tintindex":0},"up":{"uv":[6.75,4.875,6.625,4.75],"rotation":0,"texture":"#0","tintindex":0},"down":{"uv":[6.875,4.75,6.75,4.875],"rotation":0,"texture":"#0","tintindex":0}}},{"from":[9.170286,3.6251426,6.0525713],"to":[10.313143,7.0537143,8.338285],"rotation":{"angle":0.0,"axis":"y","origin":[9.170286,3.6251426,7.1954284]},"faces":{"east":{"uv":[7.75,1.5,8.0,1.875],"rotation":0,"texture":"#0","tintindex":0},"south":{"uv":[8.375,1.5,8.5,1.875],"rotation":0,"texture":"#0","tintindex":0},"north":{"uv":[8.0,1.5,8.125,1.875],"rotation":0,"texture":"#0","tintindex":0},"west":{"uv":[8.125,1.5,8.375,1.875],"rotation":0,"texture":"#0","tintindex":0},"up":{"uv":[8.125,1.5,8.0,1.25],"rotation":0,"texture":"#0","tintindex":0},"down":{"uv":[8.25,1.25,8.125,1.5],"rotation":0,"texture":"#0","tintindex":0}}},{"from":[5.5131426,3.6251426,6.0525713],"to":[6.656,7.0537143,8.338285],"rotation":{"angle":0.0,"axis":"y","origin":[5.5131426,3.6251426,7.1954284]},"faces":{"east":{"uv":[6.5,5.75,6.75,6.125],"rotation":0,"texture":"#0","tintindex":0},"south":{"uv":[7.125,5.75,7.25,6.125],"rotation":0,"texture":"#0","tintindex":0},"north":{"uv":[6.75,5.75,6.875,6.125],"rotation":0,"texture":"#0","tintindex":0},"west":{"uv":[6.875,5.75,7.125,6.125],"rotation":0,"texture":"#0","tintindex":0},"up":{"uv":[6.875,5.75,6.75,5.5],"rotation":0,"texture":"#0","tintindex":0},"down":{"uv":[7.0,5.5,6.875,5.75],"rotation":0,"texture":"#0","tintindex":0}}},{"from":[6.4274282,4.653714,6.7382855],"to":[9.856,6.9394283,6.7382855],"rotation":{"angle":0.0,"axis":"y","origin":[7.570286,4.653714,7.8811426]},"faces":{"east":{"uv":[5.25,6.375,5.25,6.625],"rotation":0,"texture":"#0","tintindex":0},"south":{"uv":[5.625,6.375,6.0,6.625],"rotation":0,"texture":"#0","tintindex":0},"north":{"uv":[5.25,6.375,5.625,6.625],"rotation":0,"texture":"#0","tintindex":0},"west":{"uv":[5.625,6.375,5.625,6.625],"rotation":0,"texture":"#0","tintindex":0},"up":{"uv":[5.625,6.375,5.25,6.375],"rotation":0,"texture":"#0","tintindex":0},"down":{"uv":[6.0,6.375,5.625,6.375],"rotation":0,"texture":"#0","tintindex":0}}},{"from":[10.770286,7.2822857,7.3097143],"to":[14.198857,9.568,10.738286],"rotation":{"angle":0.0,"axis":"y","origin":[11.913143,7.2822857,9.595428]},"faces":{"east":{"uv":[11.375,2.625,11.75,2.875],"rotation":0,"texture":"#0","tintindex":0},"south":{"uv":[12.5,2.625,12.875,2.875],"rotation":0,"texture":"#0","tintindex":0},"north":{"uv":[11.75,2.625,12.125,2.875],"rotation":0,"texture":"#0","tintindex":0},"west":{"uv":[12.125,2.625,12.5,2.875],"rotation":0,"texture":"#0","tintindex":0},"up":{"uv":[12.125,2.625,11.75,2.25],"rotation":0,"texture":"#0","tintindex":0},"down":{"uv":[12.5,2.25,12.125,2.625],"rotation":0,"texture":"#0","tintindex":0}}},{"from":[1.627428,7.2822857,7.3097143],"to":[5.0559998,9.568,10.738286],"rotation":{"angle":0.0,"axis":"y","origin":[2.7702851,7.2822857,9.595428]},"faces":{"east":{"uv":[0.0,11.75,0.375,12.0],"rotation":0,"texture":"#0","tintindex":0},"south":{"uv":[1.125,11.75,1.5,12.0],"rotation":0,"texture":"#0","tintindex":0},"north":{"uv":[0.375,11.75,0.75,12.0],"rotation":0,"texture":"#0","tintindex":0},"west":{"uv":[0.75,11.75,1.125,12.0],"rotation":0,"texture":"#0","tintindex":0},"up":{"uv":[0.75,11.75,0.375,11.375],"rotation":0,"texture":"#0","tintindex":0},"down":{"uv":[1.125,11.375,0.75,11.75],"rotation":0,"texture":"#0","tintindex":0}}},{"from":[13.627428,8.653714,5.366857],"to":[15.913143,10.939428,7.652571],"rotation":{"angle":0.0,"axis":"y","origin":[14.770286,8.653714,6.509714]},"faces":{"east":{"uv":[6.25,12.25,6.5,12.5],"rotation":0,"texture":"#0","tintindex":0},"south":{"uv":[7.0,12.25,7.25,12.5],"rotation":0,"texture":"#0","tintindex":0},"north":{"uv":[6.5,12.25,6.75,12.5],"rotation":0,"texture":"#0","tintindex":0},"west":{"uv":[6.75,12.25,7.0,12.5],"rotation":0,"texture":"#0","tintindex":0},"up":{"uv":[6.75,12.25,6.5,12.0],"rotation":0,"texture":"#0","tintindex":0},"down":{"uv":[7.0,12.0,6.75,12.25],"rotation":0,"texture":"#0","tintindex":0}}},{"from":[-0.20114326,8.653714,5.366857],"to":[2.084571,10.939428,7.652571],"rotation":{"angle":0.0,"axis":"y","origin":[0.9417138,8.653714,6.509714]},"faces":{"east":{"uv":[11.75,1.0,12.0,1.25],"rotation":0,"texture":"#0","tintindex":0},"south":{"uv":[12.5,1.0,12.75,1.25],"rotation":0,"texture":"#0","tintindex":0},"north":{"uv":[12.0,1.0,12.25,1.25],"rotation":0,"texture":"#0","tintindex":0},"west":{"uv":[12.25,1.0,12.5,1.25],"rotation":0,"texture":"#0","tintindex":0},"up":{"uv":[12.25,1.0,12.0,0.75],"rotation":0,"texture":"#0","tintindex":0},"down":{"uv":[12.5,0.75,12.25,1.0],"rotation":0,"texture":"#0","tintindex":0}}},{"from":[15.456,10.4822855,4.7954283],"to":[16.598858,11.625143,5.938286],"rotation":{"angle":0.0,"axis":"y","origin":[16.598858,10.4822855,5.938286]},"faces":{"east":{"uv":[5.5,4.5,5.625,4.625],"rotation":0,"texture":"#0","tintindex":0},"south":{"uv":[5.875,4.5,6.0,4.625],"rotation":0,"texture":"#0","tintindex":0},"north":{"uv":[5.625,4.5,5.75,4.625],"rotation":0,"texture":"#0","tintindex":0},"west":{"uv":[5.75,4.5,5.875,4.625],"rotation":0,"texture":"#0","tintindex":0},"up":{"uv":[5.75,4.5,5.625,4.375],"rotation":0,"texture":"#0","tintindex":0},"down":{"uv":[5.875,4.375,5.75,4.5],"rotation":0,"texture":"#0","tintindex":0}}},{"from":[-1.1154289,10.4822855,4.7954283],"to":[0.027428627,11.625143,5.938286],"rotation":{"angle":0.0,"axis":"y","origin":[0.027428627,10.4822855,5.938286]},"faces":{"east":{"uv":[0.75,4.5,0.875,4.625],"rotation":0,"texture":"#0","tintindex":0},"south":{"uv":[1.125,4.5,1.25,4.625],"rotation":0,"texture":"#0","tintindex":0},"north":{"uv":[0.875,4.5,1.0,4.625],"rotation":0,"texture":"#0","tintindex":0},"west":{"uv":[1.0,4.5,1.125,4.625],"rotation":0,"texture":"#0","tintindex":0},"up":{"uv":[1.0,4.5,0.875,4.375],"rotation":0,"texture":"#0","tintindex":0},"down":{"uv":[1.125,4.375,1.0,4.5],"rotation":0,"texture":"#0","tintindex":0}}},{"from":[9.513143,9.110857,7.9954286],"to":[11.798857,11.396571,10.281143],"rotation":{"angle":0.0,"axis":"y","origin":[10.656,9.110857,9.138286]},"faces":{"east":{"uv":[6.5,10.75,6.75,11.0],"rotation":0,"texture":"#0","tintindex":0},"south":{"uv":[7.25,10.75,7.5,11.0],"rotation":0,"texture":"#0","tintindex":0},"north":{"uv":[6.75,10.75,7.0,11.0],"rotation":0,"texture":"#0","tintindex":0},"west":{"uv":[7.0,10.75,7.25,11.0],"rotation":0,"texture":"#0","tintindex":0},"up":{"uv":[7.0,10.75,6.75,10.5],"rotation":0,"texture":"#0","tintindex":0},"down":{"uv":[7.25,10.5,7.0,10.75],"rotation":0,"texture":"#0","tintindex":0}}},{"from":[4.141714,9.110857,7.9954286],"to":[9.856,11.396571,10.281143],"rotation":{"angle":0.0,"axis":"y","origin":[5.2845716,9.110857,9.138286]},"faces":{"east":{"uv":[10.5,3.5,10.75,3.75],"rotation":0,"texture":"#0","tintindex":0},"south":{"uv":[11.625,3.5,12.25,3.75],"rotation":0,"texture":"#0","tintindex":0},"north":{"uv":[10.75,3.5,11.375,3.75],"rotation":0,"texture":"#0","tintindex":0},"west":{"uv":[11.375,3.5,11.625,3.75],"rotation":0,"texture":"#0","tintindex":0},"up":{"uv":[11.375,3.5,10.75,3.25],"rotation":0,"texture":"#0","tintindex":0},"down":{"uv":[12.0,3.25,11.375,3.5],"rotation":0,"texture":"#0","tintindex":0}}},{"from":[5.6274285,5.568,10.281143],"to":[10.198857,10.139429,12.566857],"rotation":{"angle":0.0,"axis":"y","origin":[7.9131427,5.568,11.424]},"faces":{"east":{"uv":[10.75,10.25,11.0,10.75],"rotation":0,"texture":"#0","tintindex":0},"south":{"uv":[11.75,10.25,12.25,10.75],"rotation":0,"texture":"#0","tintindex":0},"north":{"uv":[11.0,10.25,11.5,10.75],"rotation":0,"texture":"#0","tintindex":0},"west":{"uv":[11.5,10.25,11.75,10.75],"rotation":0,"texture":"#0","tintindex":0},"up":{"uv":[11.5,10.25,11.0,10.0],"rotation":0,"texture":"#0","tintindex":0},"down":{"uv":[12.0,10.0,11.5,10.25],"rotation":0,"texture":"#0","tintindex":0}}},{"from":[9.398857,4.7679996,7.8811426],"to":[11.684571,7.0537143,10.166857],"rotation":{"angle":0.0,"axis":"y","origin":[10.541715,4.7679996,9.024]},"faces":{"east":{"uv":[12.0,0.25,12.25,0.5],"rotation":0,"texture":"#0","tintindex":0},"south":{"uv":[12.75,0.25,13.0,0.5],"rotation":0,"texture":"#0","tintindex":0},"north":{"uv":[12.25,0.25,12.5,0.5],"rotation":0,"texture":"#0","tintindex":0},"west":{"uv":[12.5,0.25,12.75,0.5],"rotation":0,"texture":"#0","tintindex":0},"up":{"uv":[12.5,0.25,12.25,0.0],"rotation":0,"texture":"#0","tintindex":0},"down":{"uv":[12.75,0.0,12.5,0.25],"rotation":0,"texture":"#0","tintindex":0}}},{"from":[4.141714,4.7679996,7.8811426],"to":[6.4274282,7.0537143,10.166857],"rotation":{"angle":0.0,"axis":"y","origin":[5.2845716,4.7679996,9.024]},"faces":{"east":{"uv":[0.0,12.25,0.25,12.5],"rotation":0,"texture":"#0","tintindex":0},"south":{"uv":[0.75,12.25,1.0,12.5],"rotation":0,"texture":"#0","tintindex":0},"north":{"uv":[0.25,12.25,0.5,12.5],"rotation":0,"texture":"#0","tintindex":0},"west":{"uv":[0.5,12.25,0.75,12.5],"rotation":0,"texture":"#0","tintindex":0},"up":{"uv":[0.5,12.25,0.25,12.0],"rotation":0,"texture":"#0","tintindex":0},"down":{"uv":[0.75,12.0,0.5,12.25],"rotation":0,"texture":"#0","tintindex":0}}}],"display":{"head":{"translation":[0.0,-6.4,0.0],"scale":[4.0,4.0,4.0]}}}