{"textures":{"0":"modelengine:entity/texture"},"elements":[{"from":[1.1428566,2.2857141,8.0],"to":[14.857143,13.714286,8.0],"rotation":{"angle":0.0,"axis":"y","origin":[7.4652443,-17.170752,6.5142856]},"faces":{"east":{"uv":[6.25,6.75,6.25,8.0],"rotation":0,"texture":"#0","tintindex":0},"south":{"uv":[7.75,6.75,9.25,8.0],"rotation":0,"texture":"#0","tintindex":0},"north":{"uv":[6.25,6.75,7.75,8.0],"rotation":0,"texture":"#0","tintindex":0},"west":{"uv":[7.75,6.75,7.75,8.0],"rotation":0,"texture":"#0","tintindex":0},"up":{"uv":[7.75,6.75,6.25,6.75],"rotation":0,"texture":"#0","tintindex":0},"down":{"uv":[9.25,6.75,7.75,6.75],"rotation":0,"texture":"#0","tintindex":0}}}],"display":{"head":{"translation":[0.0,-6.4,0.0],"scale":[4.0,4.0,4.0]}}}