{"textures":{"0":"modelengine:entity/texture"},"elements":[{"from":[6.857143,6.8,5.8285713],"to":[9.142858,9.085714,11.542857],"rotation":{"angle":0.0,"axis":"y","origin":[8.0,6.8,10.4]},"faces":{"east":{"uv":[10.5,9.75,11.125,10.0],"rotation":0,"texture":"#0","tintindex":0},"south":{"uv":[12.0,9.75,12.25,10.0],"rotation":0,"texture":"#0","tintindex":0},"north":{"uv":[11.125,9.75,11.375,10.0],"rotation":0,"texture":"#0","tintindex":0},"west":{"uv":[11.375,9.75,12.0,10.0],"rotation":0,"texture":"#0","tintindex":0},"up":{"uv":[11.375,9.75,11.125,9.125],"rotation":0,"texture":"#0","tintindex":0},"down":{"uv":[11.625,9.125,11.375,9.75],"rotation":0,"texture":"#0","tintindex":0}}},{"from":[6.285714,6.8,6.9714284],"to":[9.714286,9.085714,11.542857],"rotation":{"angle":0.0,"axis":"y","origin":[8.571428,6.8,10.4]},"faces":{"east":{"uv":[10.75,0.5,11.25,0.75],"rotation":0,"texture":"#0","tintindex":0},"south":{"uv":[12.125,0.5,12.5,0.75],"rotation":0,"texture":"#0","tintindex":0},"north":{"uv":[11.25,0.5,11.625,0.75],"rotation":0,"texture":"#0","tintindex":0},"west":{"uv":[11.625,0.5,12.125,0.75],"rotation":0,"texture":"#0","tintindex":0},"up":{"uv":[11.625,0.5,11.25,0.0],"rotation":0,"texture":"#0","tintindex":0},"down":{"uv":[12.0,0.0,11.625,0.5],"rotation":0,"texture":"#0","tintindex":0}}},{"from":[7.428571,6.8,4.9142857],"to":[8.571428,7.9428573,6.0571427],"rotation":{"angle":0.0,"axis":"y","origin":[8.571428,6.8,6.0571427]},"faces":{"east":{"uv":[6.25,8.375,6.375,8.5],"rotation":0,"texture":"#0","tintindex":0},"south":{"uv":[6.625,8.375,6.75,8.5],"rotation":0,"texture":"#0","tintindex":0},"north":{"uv":[6.375,8.375,6.5,8.5],"rotation":0,"texture":"#0","tintindex":0},"west":{"uv":[6.5,8.375,6.625,8.5],"rotation":0,"texture":"#0","tintindex":0},"up":{"uv":[6.5,8.375,6.375,8.25],"rotation":0,"texture":"#0","tintindex":0},"down":{"uv":[6.625,8.25,6.5,8.375],"rotation":0,"texture":"#0","tintindex":0}}},{"from":[6.857143,8.171429,7.428571],"to":[9.142858,9.314285,9.714286],"rotation":{"angle":0.0,"axis":"y","origin":[8.0,8.171429,8.571428]},"faces":{"east":{"uv":[12.0,3.375,12.25,3.5],"rotation":0,"texture":"#0","tintindex":0},"south":{"uv":[12.75,3.375,13.0,3.5],"rotation":0,"texture":"#0","tintindex":0},"north":{"uv":[12.25,3.375,12.5,3.5],"rotation":0,"texture":"#0","tintindex":0},"west":{"uv":[12.5,3.375,12.75,3.5],"rotation":0,"texture":"#0","tintindex":0},"up":{"uv":[12.5,3.375,12.25,3.125],"rotation":0,"texture":"#0","tintindex":0},"down":{"uv":[12.75,3.125,12.5,3.375],"rotation":0,"texture":"#0","tintindex":0}}}],"display":{"head":{"translation":[0.0,-6.4,0.0],"scale":[4.0,4.0,4.0]}}}