{"textures":{"0":"modelengine:entity/archangel"},"elements":[{"from":[7.428571,11.857143,8.0],"to":[8.571428,13.0,17.142857],"rotation":{"angle":0.0,"axis":"y","origin":[8.0,9.943811,5.913131]},"faces":{"east":{"uv":[9.246,3.879,7.254,4.121],"rotation":0,"texture":"#0","tintindex":0},"south":{"uv":[5.996,10.754,5.754,10.996],"rotation":0,"texture":"#0","tintindex":0},"north":{"uv":[10.996,5.379,10.754,5.621],"rotation":0,"texture":"#0","tintindex":0},"west":{"uv":[9.246,3.504,7.254,3.746],"rotation":0,"texture":"#0","tintindex":0},"up":{"uv":[5.129,8.496,5.371,6.504],"rotation":0,"texture":"#0","tintindex":0},"down":{"uv":[5.504,6.504,5.746,8.496],"rotation":0,"texture":"#0","tintindex":0}}},{"from":[8.000204,-5.8571434,8.000438],"to":[8.000204,13.0,24.000439],"rotation":{"angle":0.0,"axis":"y","origin":[7.4287753,9.943811,-14.65786]},"faces":{"east":{"uv":[0.004,0.004,3.496,4.121],"rotation":0,"texture":"#0","tintindex":0},"south":{"uv":[0.492,11.379,0.504,15.496],"rotation":0,"texture":"#0","tintindex":0},"north":{"uv":[11.242,11.004,11.254,15.121],"rotation":0,"texture":"#0","tintindex":0},"west":{"uv":[3.496,0.004,0.004,4.121],"rotation":0,"texture":"#0","tintindex":0},"up":{"uv":[0.629,14.871,0.629,11.379],"rotation":0,"texture":"#0","tintindex":0},"down":{"uv":[0.742,11.379,0.754,14.871],"rotation":0,"texture":"#0","tintindex":0}}}],"display":{"head":{"translation":[0.0,-6.4,0.0],"scale":[4.0,4.0,4.0]}}}