{"textures":{"0":"modelengine:entity/archangel"},"elements":[{"from":[7.142857,8.084286,6.732373],"to":[8.857143,9.37,7.332373],"rotation":{"angle":0.0,"axis":"y","origin":[5.428571,-2.115714,8.189516]},"faces":{"east":{"uv":[10.004,10.879,10.121,11.1875],"rotation":0,"texture":"#0","tintindex":0},"south":{"uv":[10.629,1.004,10.996,1.3125],"rotation":0,"texture":"#0","tintindex":0},"north":{"uv":[10.629,0.504,10.996,0.8125],"rotation":0,"texture":"#0","tintindex":0},"west":{"uv":[3.754,11.004,3.871,11.3125],"rotation":0,"texture":"#0","tintindex":0},"up":{"uv":[8.496,10.996,8.129,10.879],"rotation":0,"texture":"#0","tintindex":0},"down":{"uv":[8.996,10.879,8.629,10.996],"rotation":0,"texture":"#0","tintindex":0}}},{"from":[6.5714283,8.37,6.732373],"to":[7.142857,9.084286,7.332373],"rotation":{"angle":0.0,"axis":"y","origin":[5.428571,-2.115714,8.189516]},"faces":{"east":{"uv":[8.379,11.129,8.496,11.3125],"rotation":0,"texture":"#0","tintindex":0},"south":{"uv":[8.629,11.129,8.746,11.3125],"rotation":0,"texture":"#0","tintindex":0},"north":{"uv":[8.129,11.129,8.246,11.3125],"rotation":0,"texture":"#0","tintindex":0},"west":{"uv":[8.879,11.129,8.996,11.3125],"rotation":0,"texture":"#0","tintindex":0},"up":{"uv":[4.121,11.371,4.004,11.254],"rotation":0,"texture":"#0","tintindex":0},"down":{"uv":[6.746,11.254,6.629,11.371],"rotation":0,"texture":"#0","tintindex":0}}},{"from":[5.714286,7.884286,7.046659],"to":[10.285714,11.312858,9.332374],"rotation":{"angle":0.0,"axis":"y","origin":[5.714286,-2.6871433,8.189516]},"faces":{"east":{"uv":[8.504,7.754,8.996,8.496],"rotation":0,"texture":"#0","tintindex":0},"south":{"uv":[7.129,6.129,8.121,6.871],"rotation":0,"texture":"#0","tintindex":0},"north":{"uv":[7.129,5.254,8.121,5.996],"rotation":0,"texture":"#0","tintindex":0},"west":{"uv":[5.129,8.629,5.621,9.371],"rotation":0,"texture":"#0","tintindex":0},"up":{"uv":[8.246,2.746,7.254,2.254],"rotation":0,"texture":"#0","tintindex":0},"down":{"uv":[8.246,2.879,7.254,3.371],"rotation":0,"texture":"#0","tintindex":0}}},{"from":[5.428571,8.755714,6.760945],"to":[6.5714283,9.327143,9.618088],"rotation":{"angle":0.0,"axis":"y","origin":[10.0,-1.8299999,7.903802]},"faces":{"east":{"uv":[10.754,1.504,11.371,1.621],"rotation":0,"texture":"#0","tintindex":0},"south":{"uv":[11.129,0.379,11.371,0.496],"rotation":0,"texture":"#0","tintindex":0},"north":{"uv":[11.004,8.629,11.246,8.746],"rotation":0,"texture":"#0","tintindex":0},"west":{"uv":[10.754,1.754,11.371,1.871],"rotation":0,"texture":"#0","tintindex":0},"up":{"uv":[8.746,10.746,8.504,10.129],"rotation":0,"texture":"#0","tintindex":0},"down":{"uv":[9.121,10.129,8.879,10.746],"rotation":0,"texture":"#0","tintindex":0}}},{"from":[6.527337,8.405949,6.7180877],"to":[8.313051,8.977377,7.332373],"rotation":{"angle":22.5,"axis":"z","origin":[5.670194,8.691663,8.189516]},"faces":{"east":{"uv":[11.129,7.129,11.246,7.246],"rotation":0,"texture":"#0","tintindex":0},"south":{"uv":[10.754,9.754,11.121,9.871],"rotation":0,"texture":"#0","tintindex":0},"north":{"uv":[10.754,9.504,11.121,9.621],"rotation":0,"texture":"#0","tintindex":0},"west":{"uv":[1.379,11.254,1.496,11.371],"rotation":0,"texture":"#0","tintindex":0},"up":{"uv":[4.621,10.996,4.254,10.879],"rotation":0,"texture":"#0","tintindex":0},"down":{"uv":[5.121,10.879,4.754,10.996],"rotation":0,"texture":"#0","tintindex":0}}},{"from":[7.7012343,8.405949,6.703802],"to":[9.472663,8.977377,7.332373],"rotation":{"angle":-22.5,"axis":"z","origin":[10.329805,8.691663,8.189516]},"faces":{"east":{"uv":[1.629,11.254,1.746,11.371],"rotation":0,"texture":"#0","tintindex":0},"south":{"uv":[10.879,6.004,11.246,6.121],"rotation":0,"texture":"#0","tintindex":0},"north":{"uv":[10.879,5.754,11.246,5.871],"rotation":0,"texture":"#0","tintindex":0},"west":{"uv":[1.879,11.254,1.996,11.371],"rotation":0,"texture":"#0","tintindex":0},"up":{"uv":[6.496,10.996,6.129,10.879],"rotation":0,"texture":"#0","tintindex":0},"down":{"uv":[11.246,6.254,10.879,6.371],"rotation":0,"texture":"#0","tintindex":0}}},{"from":[7.686949,8.534052,6.703802],"to":[9.472663,9.10548,7.332373],"rotation":{"angle":22.5,"axis":"z","origin":[10.329805,8.819766,8.189516]},"faces":{"east":{"uv":[3.254,11.254,3.371,11.371],"rotation":0,"texture":"#0","tintindex":0},"south":{"uv":[2.129,11.004,2.496,11.121],"rotation":0,"texture":"#0","tintindex":0},"north":{"uv":[1.629,11.004,1.996,11.121],"rotation":0,"texture":"#0","tintindex":0},"west":{"uv":[3.504,11.254,3.621,11.371],"rotation":0,"texture":"#0","tintindex":0},"up":{"uv":[11.371,2.371,11.004,2.254],"rotation":0,"texture":"#0","tintindex":0},"down":{"uv":[3.621,11.004,3.254,11.121],"rotation":0,"texture":"#0","tintindex":0}}},{"from":[6.527337,8.534052,6.7180877],"to":[8.298766,9.10548,7.332373],"rotation":{"angle":-22.5,"axis":"z","origin":[5.670194,8.819766,8.189516]},"faces":{"east":{"uv":[2.129,11.254,2.246,11.371],"rotation":0,"texture":"#0","tintindex":0},"south":{"uv":[10.879,10.504,11.246,10.621],"rotation":0,"texture":"#0","tintindex":0},"north":{"uv":[10.879,9.129,11.246,9.246],"rotation":0,"texture":"#0","tintindex":0},"west":{"uv":[2.379,11.254,2.496,11.371],"rotation":0,"texture":"#0","tintindex":0},"up":{"uv":[11.246,10.871,10.879,10.754],"rotation":0,"texture":"#0","tintindex":0},"down":{"uv":[1.496,11.004,1.129,11.121],"rotation":0,"texture":"#0","tintindex":0}}},{"from":[5.428571,8.184286,6.760945],"to":[6.5714283,8.755714,9.618088],"rotation":{"angle":0.0,"axis":"y","origin":[10.0,19.341429,7.903802]},"faces":{"east":{"uv":[10.754,2.004,11.371,2.121],"rotation":0,"texture":"#0","tintindex":0},"south":{"uv":[0.754,11.129,0.996,11.246],"rotation":0,"texture":"#0","tintindex":0},"north":{"uv":[11.129,0.629,11.371,0.746],"rotation":0,"texture":"#0","tintindex":0},"west":{"uv":[3.254,10.754,3.871,10.871],"rotation":0,"texture":"#0","tintindex":0},"up":{"uv":[10.246,10.746,10.004,10.129],"rotation":0,"texture":"#0","tintindex":0},"down":{"uv":[10.496,0.004,10.254,0.621],"rotation":0,"texture":"#0","tintindex":0}}},{"from":[6.5714283,8.37,9.02708],"to":[7.142857,9.084286,9.62708],"rotation":{"angle":0.0,"axis":"y","origin":[5.428571,-2.115714,8.169937]},"faces":{"east":{"uv":[8.496,11.129,8.379,11.3125],"rotation":0,"texture":"#0","tintindex":0},"south":{"uv":[8.246,11.129,8.129,11.3125],"rotation":0,"texture":"#0","tintindex":0},"north":{"uv":[8.746,11.129,8.629,11.3125],"rotation":0,"texture":"#0","tintindex":0},"west":{"uv":[8.996,11.129,8.879,11.3125],"rotation":0,"texture":"#0","tintindex":0},"up":{"uv":[4.121,11.254,4.004,11.371],"rotation":0,"texture":"#0","tintindex":0},"down":{"uv":[6.746,11.371,6.629,11.254],"rotation":0,"texture":"#0","tintindex":0}}},{"from":[6.527337,8.534052,9.02708],"to":[8.298766,9.10548,9.641365],"rotation":{"angle":-22.5,"axis":"z","origin":[5.670194,8.819766,8.169937]},"faces":{"east":{"uv":[2.246,11.254,2.129,11.371],"rotation":0,"texture":"#0","tintindex":0},"south":{"uv":[11.246,9.129,10.879,9.246],"rotation":0,"texture":"#0","tintindex":0},"north":{"uv":[11.246,10.504,10.879,10.621],"rotation":0,"texture":"#0","tintindex":0},"west":{"uv":[2.496,11.254,2.379,11.371],"rotation":0,"texture":"#0","tintindex":0},"up":{"uv":[11.246,10.754,10.879,10.871],"rotation":0,"texture":"#0","tintindex":0},"down":{"uv":[1.496,11.121,1.129,11.004],"rotation":0,"texture":"#0","tintindex":0}}},{"from":[7.686949,8.534052,9.02708],"to":[9.472663,9.10548,9.655651],"rotation":{"angle":22.5,"axis":"z","origin":[10.329805,8.819766,8.169937]},"faces":{"east":{"uv":[3.371,11.254,3.254,11.371],"rotation":0,"texture":"#0","tintindex":0},"south":{"uv":[1.996,11.004,1.629,11.121],"rotation":0,"texture":"#0","tintindex":0},"north":{"uv":[2.496,11.004,2.129,11.121],"rotation":0,"texture":"#0","tintindex":0},"west":{"uv":[3.621,11.254,3.504,11.371],"rotation":0,"texture":"#0","tintindex":0},"up":{"uv":[11.371,2.254,11.004,2.371],"rotation":0,"texture":"#0","tintindex":0},"down":{"uv":[3.621,11.121,3.254,11.004],"rotation":0,"texture":"#0","tintindex":0}}},{"from":[7.142857,8.084286,9.02708],"to":[8.857143,9.37,9.62708],"rotation":{"angle":0.0,"axis":"y","origin":[5.428571,-2.115714,8.169937]},"faces":{"east":{"uv":[10.121,10.879,10.004,11.1875],"rotation":0,"texture":"#0","tintindex":0},"south":{"uv":[10.996,0.504,10.629,0.8125],"rotation":0,"texture":"#0","tintindex":0},"north":{"uv":[10.996,1.004,10.629,1.3125],"rotation":0,"texture":"#0","tintindex":0},"west":{"uv":[3.871,11.004,3.754,11.3125],"rotation":0,"texture":"#0","tintindex":0},"up":{"uv":[8.496,10.879,8.129,10.996],"rotation":0,"texture":"#0","tintindex":0},"down":{"uv":[8.996,10.996,8.629,10.879],"rotation":0,"texture":"#0","tintindex":0}}},{"from":[6.527337,8.405949,9.02708],"to":[8.313051,8.977377,9.641365],"rotation":{"angle":22.5,"axis":"z","origin":[5.670194,8.691663,8.169937]},"faces":{"east":{"uv":[11.246,7.129,11.129,7.246],"rotation":0,"texture":"#0","tintindex":0},"south":{"uv":[11.121,9.504,10.754,9.621],"rotation":0,"texture":"#0","tintindex":0},"north":{"uv":[11.121,9.754,10.754,9.871],"rotation":0,"texture":"#0","tintindex":0},"west":{"uv":[1.496,11.254,1.379,11.371],"rotation":0,"texture":"#0","tintindex":0},"up":{"uv":[4.621,10.879,4.254,10.996],"rotation":0,"texture":"#0","tintindex":0},"down":{"uv":[5.121,10.996,4.754,10.879],"rotation":0,"texture":"#0","tintindex":0}}},{"from":[7.7012343,8.405949,9.02708],"to":[9.472663,8.977377,9.655651],"rotation":{"angle":-22.5,"axis":"z","origin":[10.329805,8.691663,8.169937]},"faces":{"east":{"uv":[1.746,11.254,1.629,11.371],"rotation":0,"texture":"#0","tintindex":0},"south":{"uv":[11.246,5.754,10.879,5.871],"rotation":0,"texture":"#0","tintindex":0},"north":{"uv":[11.246,6.004,10.879,6.121],"rotation":0,"texture":"#0","tintindex":0},"west":{"uv":[1.996,11.254,1.879,11.371],"rotation":0,"texture":"#0","tintindex":0},"up":{"uv":[6.496,10.879,6.129,10.996],"rotation":0,"texture":"#0","tintindex":0},"down":{"uv":[11.246,6.371,10.879,6.254],"rotation":0,"texture":"#0","tintindex":0}}},{"from":[9.428572,8.755714,6.760945],"to":[10.571428,9.327143,9.618088],"rotation":{"angle":0.0,"axis":"y","origin":[6.0,-1.8299999,7.903802]},"faces":{"east":{"uv":[10.629,3.129,11.246,3.246],"rotation":0,"texture":"#0","tintindex":0},"south":{"uv":[9.629,2.879,9.871,2.996],"rotation":0,"texture":"#0","tintindex":0},"north":{"uv":[9.129,8.379,9.371,8.496],"rotation":0,"texture":"#0","tintindex":0},"west":{"uv":[10.629,8.004,11.246,8.121],"rotation":0,"texture":"#0","tintindex":0},"up":{"uv":[8.371,10.746,8.129,10.129],"rotation":0,"texture":"#0","tintindex":0},"down":{"uv":[10.371,8.379,10.129,8.996],"rotation":0,"texture":"#0","tintindex":0}}},{"from":[9.428572,8.184286,6.760945],"to":[10.571428,8.755714,9.618088],"rotation":{"angle":0.0,"axis":"y","origin":[6.0,19.341429,7.903802]},"faces":{"east":{"uv":[10.754,3.379,11.371,3.496],"rotation":0,"texture":"#0","tintindex":0},"south":{"uv":[11.129,1.129,11.371,1.246],"rotation":0,"texture":"#0","tintindex":0},"north":{"uv":[11.129,0.879,11.371,0.996],"rotation":0,"texture":"#0","tintindex":0},"west":{"uv":[10.754,3.629,11.371,3.746],"rotation":0,"texture":"#0","tintindex":0},"up":{"uv":[10.496,1.371,10.254,0.754],"rotation":0,"texture":"#0","tintindex":0},"down":{"uv":[10.621,1.504,10.379,2.121],"rotation":0,"texture":"#0","tintindex":0}}},{"from":[8.857143,8.37,6.732373],"to":[9.428572,9.084286,7.332373],"rotation":{"angle":0.0,"axis":"y","origin":[10.571428,-2.115714,8.189516]},"faces":{"east":{"uv":[9.379,11.129,9.496,11.3125],"rotation":0,"texture":"#0","tintindex":0},"south":{"uv":[9.629,11.129,9.746,11.3125],"rotation":0,"texture":"#0","tintindex":0},"north":{"uv":[9.129,11.129,9.246,11.3125],"rotation":0,"texture":"#0","tintindex":0},"west":{"uv":[1.129,11.254,1.246,11.4375],"rotation":0,"texture":"#0","tintindex":0},"up":{"uv":[6.996,11.371,6.879,11.254],"rotation":0,"texture":"#0","tintindex":0},"down":{"uv":[7.246,11.254,7.129,11.371],"rotation":0,"texture":"#0","tintindex":0}}},{"from":[8.857143,8.37,9.02708],"to":[9.428572,9.084286,9.62708],"rotation":{"angle":0.0,"axis":"y","origin":[10.571428,-2.115714,8.169937]},"faces":{"east":{"uv":[9.496,11.129,9.379,11.3125],"rotation":0,"texture":"#0","tintindex":0},"south":{"uv":[9.246,11.129,9.129,11.3125],"rotation":0,"texture":"#0","tintindex":0},"north":{"uv":[9.746,11.129,9.629,11.3125],"rotation":0,"texture":"#0","tintindex":0},"west":{"uv":[1.246,11.254,1.129,11.4375],"rotation":0,"texture":"#0","tintindex":0},"up":{"uv":[6.996,11.254,6.879,11.371],"rotation":0,"texture":"#0","tintindex":0},"down":{"uv":[7.246,11.371,7.129,11.254],"rotation":0,"texture":"#0","tintindex":0}}},{"from":[6.857143,6.37,6.746659],"to":[9.142858,8.227143,6.746659],"rotation":{"angle":0.0,"axis":"y","origin":[5.714286,-2.115714,8.189516]},"faces":{"east":{"uv":[5.004,8.879,4.992,9.3125],"rotation":0,"texture":"#0","tintindex":0},"south":{"uv":[10.371,7.379,9.879,7.8125],"rotation":0,"texture":"#0","tintindex":0},"north":{"uv":[9.879,7.379,10.371,7.8125],"rotation":0,"texture":"#0","tintindex":0},"west":{"uv":[4.254,9.879,4.242,10.3125],"rotation":0,"texture":"#0","tintindex":0},"up":{"uv":[10.746,5.754,10.254,5.742],"rotation":0,"texture":"#0","tintindex":0},"down":{"uv":[11.496,2.504,11.004,2.492],"rotation":0,"texture":"#0","tintindex":0}}},{"from":[6.857143,4.512857,6.746659],"to":[9.142858,6.37,6.746659],"rotation":{"angle":0.0,"axis":"y","origin":[10.285714,-2.115714,8.189516]},"faces":{"east":{"uv":[11.379,2.629,11.379,3.0625],"rotation":0,"texture":"#0","tintindex":0},"south":{"uv":[10.496,2.879,10.004,3.3125],"rotation":0,"texture":"#0","tintindex":0},"north":{"uv":[2.371,10.004,1.879,10.4375],"rotation":0,"texture":"#0","tintindex":0},"west":{"uv":[3.254,10.129,3.242,10.5625],"rotation":0,"texture":"#0","tintindex":0},"up":{"uv":[11.004,7.879,11.496,7.879],"rotation":0,"texture":"#0","tintindex":0},"down":{"uv":[11.004,10.379,11.496,10.379],"rotation":0,"texture":"#0","tintindex":0}}}],"display":{"head":{"translation":[0.0,-6.4,0.0],"scale":[4.0,4.0,4.0]}}}