{"textures":{"0":"modelengine:entity/texture"},"elements":[{"from":[6.857143,3.4285712,6.857143],"to":[9.142858,12.571428,9.142858],"rotation":{"angle":0.0,"axis":"y","origin":[8.0,10.285714,8.0]},"faces":{"east":{"uv":[4.25,11.375,4.5,12.375],"rotation":0,"texture":"#0","tintindex":0},"south":{"uv":[5.0,11.375,5.25,12.375],"rotation":0,"texture":"#0","tintindex":0},"north":{"uv":[4.5,11.375,4.75,12.375],"rotation":0,"texture":"#0","tintindex":0},"west":{"uv":[4.75,11.375,5.0,12.375],"rotation":0,"texture":"#0","tintindex":0},"up":{"uv":[4.75,11.375,4.5,11.125],"rotation":0,"texture":"#0","tintindex":0},"down":{"uv":[5.0,11.125,4.75,11.375],"rotation":0,"texture":"#0","tintindex":0}}}],"display":{"head":{"translation":[0.0,-6.4,0.0],"scale":[4.0,4.0,4.0]}}}