{"textures":{"0":"modelengine:entity/texture"},"elements":[{"from":[6.285714,8.685715,6.2285714],"to":[9.714286,10.971429,9.657143],"rotation":{"angle":0.0,"axis":"y","origin":[8.571428,8.685715,8.514286]},"faces":{"east":{"uv":[2.625,11.875,3.0,12.125],"rotation":0,"texture":"#0","tintindex":0},"south":{"uv":[3.75,11.875,4.125,12.125],"rotation":0,"texture":"#0","tintindex":0},"north":{"uv":[3.0,11.875,3.375,12.125],"rotation":0,"texture":"#0","tintindex":0},"west":{"uv":[3.375,11.875,3.75,12.125],"rotation":0,"texture":"#0","tintindex":0},"up":{"uv":[3.375,11.875,3.0,11.5],"rotation":0,"texture":"#0","tintindex":0},"down":{"uv":[3.75,11.5,3.375,11.875],"rotation":0,"texture":"#0","tintindex":0}}},{"from":[6.857143,3.3142858,6.9142857],"to":[9.142858,9.028571,9.2],"rotation":{"angle":0.0,"axis":"y","origin":[8.0,6.742857,8.057143]},"faces":{"east":{"uv":[11.625,4.0,11.875,4.625],"rotation":0,"texture":"#0","tintindex":0},"south":{"uv":[12.375,4.0,12.625,4.625],"rotation":0,"texture":"#0","tintindex":0},"north":{"uv":[11.875,4.0,12.125,4.625],"rotation":0,"texture":"#0","tintindex":0},"west":{"uv":[12.125,4.0,12.375,4.625],"rotation":0,"texture":"#0","tintindex":0},"up":{"uv":[12.125,4.0,11.875,3.75],"rotation":0,"texture":"#0","tintindex":0},"down":{"uv":[12.375,3.75,12.125,4.0],"rotation":0,"texture":"#0","tintindex":0}}}],"display":{"head":{"translation":[0.0,-6.4,0.0],"scale":[4.0,4.0,4.0]}}}