{"textures":{"0":"modelengine:entity/texture"},"elements":[{"from":[6.285714,8.685715,6.2285714],"to":[9.714286,10.971429,9.657143],"rotation":{"angle":0.0,"axis":"y","origin":[8.571428,8.685715,8.514286]},"faces":{"east":{"uv":[11.5,8.375,11.875,8.625],"rotation":0,"texture":"#0","tintindex":0},"south":{"uv":[12.625,8.375,13.0,8.625],"rotation":0,"texture":"#0","tintindex":0},"north":{"uv":[11.875,8.375,12.25,8.625],"rotation":0,"texture":"#0","tintindex":0},"west":{"uv":[12.25,8.375,12.625,8.625],"rotation":0,"texture":"#0","tintindex":0},"up":{"uv":[12.25,8.375,11.875,8.0],"rotation":0,"texture":"#0","tintindex":0},"down":{"uv":[12.625,8.0,12.25,8.375],"rotation":0,"texture":"#0","tintindex":0}}},{"from":[6.857143,3.3142858,6.9142857],"to":[9.142858,9.028571,9.2],"rotation":{"angle":0.0,"axis":"y","origin":[8.0,6.742857,8.057143]},"faces":{"east":{"uv":[11.5,11.0,11.75,11.625],"rotation":0,"texture":"#0","tintindex":0},"south":{"uv":[12.25,11.0,12.5,11.625],"rotation":0,"texture":"#0","tintindex":0},"north":{"uv":[11.75,11.0,12.0,11.625],"rotation":0,"texture":"#0","tintindex":0},"west":{"uv":[12.0,11.0,12.25,11.625],"rotation":0,"texture":"#0","tintindex":0},"up":{"uv":[12.0,11.0,11.75,10.75],"rotation":0,"texture":"#0","tintindex":0},"down":{"uv":[12.25,10.75,12.0,11.0],"rotation":0,"texture":"#0","tintindex":0}}}],"display":{"head":{"translation":[0.0,-6.4,0.0],"scale":[4.0,4.0,4.0]}}}