{"textures":{"0":"modelengine:entity/texture"},"elements":[{"from":[4.0,3.4285712,7.428571],"to":[12.0,12.571428,8.571428],"rotation":{"angle":0.0,"axis":"y","origin":[15.791974,3.1876059,5.485714]},"faces":{"east":{"uv":[8.5,9.75,8.625,10.75],"rotation":0,"texture":"#0","tintindex":0},"south":{"uv":[9.625,9.75,10.5,10.75],"rotation":0,"texture":"#0","tintindex":0},"north":{"uv":[8.625,9.75,9.5,10.75],"rotation":0,"texture":"#0","tintindex":0},"west":{"uv":[9.5,9.75,9.625,10.75],"rotation":0,"texture":"#0","tintindex":0},"up":{"uv":[9.5,9.75,8.625,9.625],"rotation":0,"texture":"#0","tintindex":0},"down":{"uv":[10.375,9.625,9.5,9.75],"rotation":0,"texture":"#0","tintindex":0}}}],"display":{"head":{"translation":[0.0,-6.4,0.0],"scale":[4.0,4.0,4.0]}}}