{"textures":{"0":"modelengine:entity/texture"},"elements":[{"from":[7.428571,7.428571,4.0],"to":[8.571428,8.571428,12.0],"rotation":{"angle":0.0,"axis":"y","origin":[8.571428,-2.5017538,6.3699284]},"faces":{"east":{"uv":[9.75,2.5,10.625,2.625],"rotation":0,"texture":"#0","tintindex":0},"south":{"uv":[11.625,2.5,11.75,2.625],"rotation":0,"texture":"#0","tintindex":0},"north":{"uv":[10.625,2.5,10.75,2.625],"rotation":0,"texture":"#0","tintindex":0},"west":{"uv":[10.75,2.5,11.625,2.625],"rotation":0,"texture":"#0","tintindex":0},"up":{"uv":[10.75,2.5,10.625,1.625],"rotation":0,"texture":"#0","tintindex":0},"down":{"uv":[10.875,1.625,10.75,2.5],"rotation":0,"texture":"#0","tintindex":0}}}],"display":{"head":{"translation":[0.0,-6.4,0.0],"scale":[4.0,4.0,4.0]}}}