{"textures":{"0":"modelengine:entity/texture"},"elements":[{"from":[6.285714,5.142857,6.285714],"to":[9.714286,10.857143,9.714286],"rotation":{"angle":0.0,"axis":"y","origin":[8.571428,8.571428,8.571428]},"faces":{"east":{"uv":[8.5,11.375,8.875,12.0],"rotation":0,"texture":"#0","tintindex":0},"south":{"uv":[9.625,11.375,10.0,12.0],"rotation":0,"texture":"#0","tintindex":0},"north":{"uv":[8.875,11.375,9.25,12.0],"rotation":0,"texture":"#0","tintindex":0},"west":{"uv":[9.25,11.375,9.625,12.0],"rotation":0,"texture":"#0","tintindex":0},"up":{"uv":[9.25,11.375,8.875,11.0],"rotation":0,"texture":"#0","tintindex":0},"down":{"uv":[9.625,11.0,9.25,11.375],"rotation":0,"texture":"#0","tintindex":0}}}],"display":{"head":{"translation":[0.0,-6.4,0.0],"scale":[4.0,4.0,4.0]}}}