{"textures":{"0":"modelengine:entity/texture"},"elements":[{"from":[7.428571,7.428571,6.285714],"to":[8.571428,8.571428,9.714286],"rotation":{"angle":0.0,"axis":"y","origin":[-3.9514275,11.672431,34.985588]},"faces":{"east":{"uv":[7.25,12.375,7.625,12.5],"rotation":0,"texture":"#0","tintindex":0},"south":{"uv":[8.125,12.375,8.25,12.5],"rotation":0,"texture":"#0","tintindex":0},"north":{"uv":[7.625,12.375,7.75,12.5],"rotation":0,"texture":"#0","tintindex":0},"west":{"uv":[7.75,12.375,8.125,12.5],"rotation":0,"texture":"#0","tintindex":0},"up":{"uv":[7.75,12.375,7.625,12.0],"rotation":0,"texture":"#0","tintindex":0},"down":{"uv":[7.875,12.0,7.75,12.375],"rotation":0,"texture":"#0","tintindex":0}}}],"display":{"head":{"translation":[0.0,-6.4,0.0],"scale":[4.0,4.0,4.0]}}}