{"textures":{"0":"modelengine:entity/texture"},"elements":[{"from":[-3.4285736,-16.0,8.0],"to":[32.0,17.257145,8.0],"rotation":{"angle":0.0,"axis":"y","origin":[7.999998,10.4000025,9.142858]},"faces":{"east":{"uv":[0.0,0.0,0.0,4.375],"rotation":0,"texture":"#0","tintindex":0},"south":{"uv":[3.875,0.0,7.75,4.375],"rotation":0,"texture":"#0","tintindex":0},"north":{"uv":[0.0,0.0,3.875,4.375],"rotation":0,"texture":"#0","tintindex":0},"west":{"uv":[3.875,0.0,3.875,4.375],"rotation":0,"texture":"#0","tintindex":0},"up":{"uv":[3.875,0.0,0.0,0.0],"rotation":0,"texture":"#0","tintindex":0},"down":{"uv":[7.75,0.0,3.875,0.0],"rotation":0,"texture":"#0","tintindex":0}}}],"display":{"head":{"translation":[7.6293945E-6,-8.457151,0.0],"scale":[4.0,4.0,4.0]}}}