{"textures":{"0":"modelengine:entity/texture"},"elements":[{"from":[4.5714283,6.857143,8.0],"to":[11.428572,9.142858,8.0],"rotation":{"angle":0.0,"axis":"y","origin":[5.714286,6.857143,9.142858]},"faces":{"east":{"uv":[7.75,4.125,7.75,4.375],"rotation":0,"texture":"#0","tintindex":0},"south":{"uv":[8.5,4.125,9.25,4.375],"rotation":0,"texture":"#0","tintindex":0},"north":{"uv":[7.75,4.125,8.5,4.375],"rotation":0,"texture":"#0","tintindex":0},"west":{"uv":[8.5,4.125,8.5,4.375],"rotation":0,"texture":"#0","tintindex":0},"up":{"uv":[8.5,4.125,7.75,4.125],"rotation":0,"texture":"#0","tintindex":0},"down":{"uv":[9.25,4.125,8.5,4.125],"rotation":0,"texture":"#0","tintindex":0}}}],"display":{"head":{"translation":[0.0,-6.4,0.0],"scale":[4.0,4.0,4.0]}}}