{"textures":{"0":"modelengine:entity/texture"},"elements":[{"from":[6.857143,5.714286,6.857143],"to":[9.142858,10.285714,9.142858],"rotation":{"angle":0.0,"axis":"y","origin":[-1.984477,7.2477407,7.4857144]},"faces":{"east":{"uv":[5.25,11.875,5.5,12.375],"rotation":0,"texture":"#0","tintindex":0},"south":{"uv":[6.0,11.875,6.25,12.375],"rotation":0,"texture":"#0","tintindex":0},"north":{"uv":[5.5,11.875,5.75,12.375],"rotation":0,"texture":"#0","tintindex":0},"west":{"uv":[5.75,11.875,6.0,12.375],"rotation":0,"texture":"#0","tintindex":0},"up":{"uv":[5.75,11.875,5.5,11.625],"rotation":0,"texture":"#0","tintindex":0},"down":{"uv":[6.0,11.625,5.75,11.875],"rotation":0,"texture":"#0","tintindex":0}}}],"display":{"head":{"translation":[0.0,-6.4,0.0],"scale":[4.0,4.0,4.0]}}}