{"textures":{"0":"modelengine:entity/texture"},"elements":[{"from":[6.857143,5.714286,6.857143],"to":[9.142858,10.285714,9.142858],"rotation":{"angle":0.0,"axis":"y","origin":[-0.6431465,1.9865503,8.0]},"faces":{"east":{"uv":[1.25,12.125,1.5,12.625],"rotation":0,"texture":"#0","tintindex":0},"south":{"uv":[2.0,12.125,2.25,12.625],"rotation":0,"texture":"#0","tintindex":0},"north":{"uv":[1.5,12.125,1.75,12.625],"rotation":0,"texture":"#0","tintindex":0},"west":{"uv":[1.75,12.125,2.0,12.625],"rotation":0,"texture":"#0","tintindex":0},"up":{"uv":[1.75,12.125,1.5,11.875],"rotation":0,"texture":"#0","tintindex":0},"down":{"uv":[2.0,11.875,1.75,12.125],"rotation":0,"texture":"#0","tintindex":0}}}],"display":{"head":{"translation":[0.0,-6.4,0.0],"scale":[4.0,4.0,4.0]}}}