{"textures":{"0":"modelengine:entity/texture"},"elements":[{"from":[8.0,6.285714,4.5714283],"to":[8.0,9.714286,11.428572],"rotation":{"angle":0.0,"axis":"y","origin":[9.142858,7.428571,8.0]},"faces":{"east":{"uv":[1.125,10.125,1.875,10.5],"rotation":0,"texture":"#0","tintindex":0},"south":{"uv":[2.625,10.125,2.625,10.5],"rotation":0,"texture":"#0","tintindex":0},"north":{"uv":[1.875,10.125,1.875,10.5],"rotation":0,"texture":"#0","tintindex":0},"west":{"uv":[1.875,10.125,2.625,10.5],"rotation":0,"texture":"#0","tintindex":0},"up":{"uv":[1.875,10.125,1.875,9.375],"rotation":0,"texture":"#0","tintindex":0},"down":{"uv":[1.875,9.375,1.875,10.125],"rotation":0,"texture":"#0","tintindex":0}}}],"display":{"head":{"translation":[0.0,-6.4,0.0],"scale":[4.0,4.0,4.0]}}}