{"textures":{"0":"modelengine:entity/texture"},"elements":[{"from":[4.5714283,4.5714283,7.142857],"to":[11.428572,11.428572,7.142857],"rotation":{"angle":0.0,"axis":"y","origin":[16.315685,-21.865593,13.447168]},"faces":{"east":{"uv":[10.0,11.25,10.0,12.0],"rotation":0,"texture":"#0","tintindex":0},"south":{"uv":[10.75,11.25,11.5,12.0],"rotation":0,"texture":"#0","tintindex":0},"north":{"uv":[10.0,11.25,10.75,12.0],"rotation":0,"texture":"#0","tintindex":0},"west":{"uv":[10.75,11.25,10.75,12.0],"rotation":0,"texture":"#0","tintindex":0},"up":{"uv":[10.75,11.25,10.0,11.25],"rotation":0,"texture":"#0","tintindex":0},"down":{"uv":[11.5,11.25,10.75,11.25],"rotation":0,"texture":"#0","tintindex":0}}}],"display":{"head":{"translation":[0.0,-6.4,0.0],"scale":[4.0,4.0,4.0]}}}