{"textures":{"0":"modelengine:entity/texture"},"elements":[{"from":[0.0,4.5714283,2.2857141],"to":[16.0,11.428572,13.714286],"rotation":{"angle":0.0,"axis":"y","origin":[8.0,4.5714283,7.0857143]},"faces":{"east":{"uv":[0.0,5.625,1.25,6.375],"rotation":0,"texture":"#0","tintindex":0},"south":{"uv":[4.25,5.625,6.0,6.375],"rotation":0,"texture":"#0","tintindex":0},"north":{"uv":[1.25,5.625,3.0,6.375],"rotation":0,"texture":"#0","tintindex":0},"west":{"uv":[3.0,5.625,4.25,6.375],"rotation":0,"texture":"#0","tintindex":0},"up":{"uv":[3.0,5.625,1.25,4.375],"rotation":0,"texture":"#0","tintindex":0},"down":{"uv":[4.75,4.375,3.0,5.625],"rotation":0,"texture":"#0","tintindex":0}}}],"display":{"head":{"translation":[0.0,-6.4,0.0],"scale":[4.0,4.0,4.0]}}}