{"parent":"minecraft:item/generated","textures":{"layer0":"minecraft:item/leather_horse_armor"},"overrides":[{"predicate":{"custom_model_data":1},"model":"modelengine:archangel/upper_body2"},{"predicate":{"custom_model_data":2},"model":"modelengine:archangel/head"},{"predicate":{"custom_model_data":3},"model":"modelengine:archangel/right_arm"},{"predicate":{"custom_model_data":4},"model":"modelengine:archangel/right_wrist"},{"predicate":{"custom_model_data":5},"model":"modelengine:archangel/weapon"},{"predicate":{"custom_model_data":6},"model":"modelengine:archangel/left_arm"},{"predicate":{"custom_model_data":7},"model":"modelengine:archangel/left_wrist"},{"predicate":{"custom_model_data":8},"model":"modelengine:archangel/spear"},{"predicate":{"custom_model_data":9},"model":"modelengine:archangel/right_wing"},{"predicate":{"custom_model_data":10},"model":"modelengine:archangel/right_wing_end"},{"predicate":{"custom_model_data":11},"model":"modelengine:archangel/left_wing"},{"predicate":{"custom_model_data":12},"model":"modelengine:archangel/left_wing_end"},{"predicate":{"custom_model_data":13},"model":"modelengine:archangel/upper_body"},{"predicate":{"custom_model_data":14},"model":"modelengine:archangel/right_leg"},{"predicate":{"custom_model_data":15},"model":"modelengine:archangel/right_ankle"},{"predicate":{"custom_model_data":16},"model":"modelengine:archangel/left_leg"},{"predicate":{"custom_model_data":17},"model":"modelengine:archangel/left_ankle"},{"predicate":{"custom_model_data":18},"model":"modelengine:chaos/head"},{"predicate":{"custom_model_data":19},"model":"modelengine:chaos/bone23"},{"predicate":{"custom_model_data":20},"model":"modelengine:chaos/body"},{"predicate":{"custom_model_data":21},"model":"modelengine:chaos/bone6"},{"predicate":{"custom_model_data":22},"model":"modelengine:chaos/bone3"},{"predicate":{"custom_model_data":23},"model":"modelengine:chaos/bone8"},{"predicate":{"custom_model_data":24},"model":"modelengine:chaos/bone10"},{"predicate":{"custom_model_data":25},"model":"modelengine:chaos/bone12"},{"predicate":{"custom_model_data":26},"model":"modelengine:chaos/bone11"},{"predicate":{"custom_model_data":27},"model":"modelengine:chaos/bone9"},{"predicate":{"custom_model_data":28},"model":"modelengine:chaos/bone5"},{"predicate":{"custom_model_data":29},"model":"modelengine:chaos/left_arm"},{"predicate":{"custom_model_data":30},"model":"modelengine:chaos/bone4"},{"predicate":{"custom_model_data":31},"model":"modelengine:chaos/bone13"},{"predicate":{"custom_model_data":32},"model":"modelengine:chaos/right_arm"},{"predicate":{"custom_model_data":33},"model":"modelengine:chaos/bone2"},{"predicate":{"custom_model_data":34},"model":"modelengine:chaos/lokotright"},{"predicate":{"custom_model_data":35},"model":"modelengine:chaos/bone7"},{"predicate":{"custom_model_data":36},"model":"modelengine:chaos/bone27"},{"predicate":{"custom_model_data":37},"model":"modelengine:chaos/bone20"},{"predicate":{"custom_model_data":38},"model":"modelengine:chaos/left_leg"},{"predicate":{"custom_model_data":39},"model":"modelengine:chaos/bone14"},{"predicate":{"custom_model_data":40},"model":"modelengine:chaos/bone19"},{"predicate":{"custom_model_data":41},"model":"modelengine:chaos/bone16"},{"predicate":{"custom_model_data":42},"model":"modelengine:chaos/bone25"},{"predicate":{"custom_model_data":43},"model":"modelengine:chaos/right_leg"},{"predicate":{"custom_model_data":44},"model":"modelengine:chaos/bone24"},{"predicate":{"custom_model_data":45},"model":"modelengine:chaos/bone17"},{"predicate":{"custom_model_data":46},"model":"modelengine:chaos/bone18"},{"predicate":{"custom_model_data":47},"model":"modelengine:chaos/bone21"},{"predicate":{"custom_model_data":48},"model":"modelengine:chaos/bone15"},{"predicate":{"custom_model_data":49},"model":"modelengine:chaos/bone22"},{"predicate":{"custom_model_data":50},"model":"modelengine:dopel/trapka_cape_left"},{"predicate":{"custom_model_data":51},"model":"modelengine:dopel/bone22"},{"predicate":{"custom_model_data":52},"model":"modelengine:dopel/trapka_cape_right"},{"predicate":{"custom_model_data":53},"model":"modelengine:dopel/bone19"},{"predicate":{"custom_model_data":54},"model":"modelengine:dopel/face"},{"predicate":{"custom_model_data":55},"model":"modelengine:dopel/head"},{"predicate":{"custom_model_data":56},"model":"modelengine:dopel/bone"},{"predicate":{"custom_model_data":57},"model":"modelengine:dopel/bone4"},{"predicate":{"custom_model_data":58},"model":"modelengine:dopel/bone5"},{"predicate":{"custom_model_data":59},"model":"modelengine:dopel/bone6"},{"predicate":{"custom_model_data":60},"model":"modelengine:dopel/bone24"},{"predicate":{"custom_model_data":61},"model":"modelengine:dopel/bone12"},{"predicate":{"custom_model_data":62},"model":"modelengine:dopel/bone13"},{"predicate":{"custom_model_data":63},"model":"modelengine:dopel/bone14"},{"predicate":{"custom_model_data":64},"model":"modelengine:dopel/bone16"},{"predicate":{"custom_model_data":65},"model":"modelengine:dopel/bone18"},{"predicate":{"custom_model_data":66},"model":"modelengine:dopel/bone15"},{"predicate":{"custom_model_data":67},"model":"modelengine:dopel/bone17"},{"predicate":{"custom_model_data":68},"model":"modelengine:dopel/bone25"},{"predicate":{"custom_model_data":69},"model":"modelengine:dopel/bone2"},{"predicate":{"custom_model_data":70},"model":"modelengine:dopel/bone3"},{"predicate":{"custom_model_data":71},"model":"modelengine:dopel/bone21"},{"predicate":{"custom_model_data":72},"model":"modelengine:dopel/bone20"},{"predicate":{"custom_model_data":73},"model":"modelengine:dopel/bone8"},{"predicate":{"custom_model_data":74},"model":"modelengine:dopel/bone23"},{"predicate":{"custom_model_data":75},"model":"modelengine:dopel/bone7"},{"predicate":{"custom_model_data":76},"model":"modelengine:dopel/bone9"},{"predicate":{"custom_model_data":77},"model":"modelengine:dopel/bone10"},{"predicate":{"custom_model_data":78},"model":"modelengine:dopel/bone11"},{"predicate":{"custom_model_data":79},"model":"modelengine:dopel/bone48"},{"predicate":{"custom_model_data":80},"model":"modelengine:dopel/bone50"},{"predicate":{"custom_model_data":81},"model":"modelengine:dopel/bone47"},{"predicate":{"custom_model_data":82},"model":"modelengine:dopel/bone49"},{"predicate":{"custom_model_data":83},"model":"modelengine:dopel/left_arm"},{"predicate":{"custom_model_data":84},"model":"modelengine:dopel/bone35"},{"predicate":{"custom_model_data":85},"model":"modelengine:dopel/bone36"},{"predicate":{"custom_model_data":86},"model":"modelengine:dopel/lokotleft2"},{"predicate":{"custom_model_data":87},"model":"modelengine:dopel/bone37"},{"predicate":{"custom_model_data":88},"model":"modelengine:dopel/bone41"},{"predicate":{"custom_model_data":89},"model":"modelengine:dopel/bone42"},{"predicate":{"custom_model_data":90},"model":"modelengine:dopel/bone38"},{"predicate":{"custom_model_data":91},"model":"modelengine:dopel/bone40"},{"predicate":{"custom_model_data":92},"model":"modelengine:dopel/bone39"},{"predicate":{"custom_model_data":93},"model":"modelengine:dopel/bone43"},{"predicate":{"custom_model_data":94},"model":"modelengine:dopel/bone44"},{"predicate":{"custom_model_data":95},"model":"modelengine:dopel/right_arm"},{"predicate":{"custom_model_data":96},"model":"modelengine:dopel/bone26"},{"predicate":{"custom_model_data":97},"model":"modelengine:dopel/bone27"},{"predicate":{"custom_model_data":98},"model":"modelengine:dopel/palec_left"},{"predicate":{"custom_model_data":99},"model":"modelengine:dopel/bone28"},{"predicate":{"custom_model_data":100},"model":"modelengine:dopel/bone29"},{"predicate":{"custom_model_data":101},"model":"modelengine:dopel/bone30"},{"predicate":{"custom_model_data":102},"model":"modelengine:dopel/lokotleft"},{"predicate":{"custom_model_data":103},"model":"modelengine:dopel/bone32"},{"predicate":{"custom_model_data":104},"model":"modelengine:dopel/bone31"},{"predicate":{"custom_model_data":105},"model":"modelengine:dopel/bone33"},{"predicate":{"custom_model_data":106},"model":"modelengine:dopel/bone34"},{"predicate":{"custom_model_data":107},"model":"modelengine:dopel/legs"},{"predicate":{"custom_model_data":108},"model":"modelengine:dopel/bone57"},{"predicate":{"custom_model_data":109},"model":"modelengine:dopel/bone58"},{"predicate":{"custom_model_data":110},"model":"modelengine:dopel/bone46"},{"predicate":{"custom_model_data":111},"model":"modelengine:dopel/bone45"},{"predicate":{"custom_model_data":112},"model":"modelengine:dopel/bone56"},{"predicate":{"custom_model_data":113},"model":"modelengine:dopel/bone51"},{"predicate":{"custom_model_data":114},"model":"modelengine:dopel/bone52"},{"predicate":{"custom_model_data":115},"model":"modelengine:dopel/bone53"},{"predicate":{"custom_model_data":116},"model":"modelengine:dopel/bone55"},{"predicate":{"custom_model_data":117},"model":"modelengine:dopel/bone54"},{"predicate":{"custom_model_data":118},"model":"modelengine:driada/body8"},{"predicate":{"custom_model_data":119},"model":"modelengine:driada/left_leg2"},{"predicate":{"custom_model_data":120},"model":"modelengine:driada/left_leg6"},{"predicate":{"custom_model_data":121},"model":"modelengine:driada/left_leg3"},{"predicate":{"custom_model_data":122},"model":"modelengine:driada/left_leg4"},{"predicate":{"custom_model_data":123},"model":"modelengine:driada/right_arm"},{"predicate":{"custom_model_data":124},"model":"modelengine:driada/right_arm2"},{"predicate":{"custom_model_data":125},"model":"modelengine:driada/left_arm"},{"predicate":{"custom_model_data":126},"model":"modelengine:driada/left_arm2"},{"predicate":{"custom_model_data":127},"model":"modelengine:driada/body"},{"predicate":{"custom_model_data":128},"model":"modelengine:driada/body9"},{"predicate":{"custom_model_data":129},"model":"modelengine:driada/body2"},{"predicate":{"custom_model_data":130},"model":"modelengine:driada/body4"},{"predicate":{"custom_model_data":131},"model":"modelengine:driada/body6"},{"predicate":{"custom_model_data":132},"model":"modelengine:driada/body7"},{"predicate":{"custom_model_data":133},"model":"modelengine:driada/body5"},{"predicate":{"custom_model_data":134},"model":"modelengine:driada/body3"},{"predicate":{"custom_model_data":135},"model":"modelengine:driada/head"},{"predicate":{"custom_model_data":136},"model":"modelengine:driada/hair"},{"predicate":{"custom_model_data":137},"model":"modelengine:driada/bone2"},{"predicate":{"custom_model_data":138},"model":"modelengine:driada/bone4"},{"predicate":{"custom_model_data":139},"model":"modelengine:driada/bone5"},{"predicate":{"custom_model_data":140},"model":"modelengine:driada/bone3"},{"predicate":{"custom_model_data":141},"model":"modelengine:driada/bone12"},{"predicate":{"custom_model_data":142},"model":"modelengine:driada/bone9"},{"predicate":{"custom_model_data":143},"model":"modelengine:driada/bone13"},{"predicate":{"custom_model_data":144},"model":"modelengine:driada/bone17"},{"predicate":{"custom_model_data":145},"model":"modelengine:driada/bone11"},{"predicate":{"custom_model_data":146},"model":"modelengine:driada/bone10"},{"predicate":{"custom_model_data":147},"model":"modelengine:driada/bone8"},{"predicate":{"custom_model_data":148},"model":"modelengine:driada/bone7"},{"predicate":{"custom_model_data":149},"model":"modelengine:driada/bone6"},{"predicate":{"custom_model_data":150},"model":"modelengine:driada/bone14"},{"predicate":{"custom_model_data":151},"model":"modelengine:driada/bone15"},{"predicate":{"custom_model_data":152},"model":"modelengine:forester/upper_body"},{"predicate":{"custom_model_data":153},"model":"modelengine:forester/head"},{"predicate":{"custom_model_data":154},"model":"modelengine:forester/flower"},{"predicate":{"custom_model_data":155},"model":"modelengine:forester/rightarm4"},{"predicate":{"custom_model_data":156},"model":"modelengine:forester/wine1_4"},{"predicate":{"custom_model_data":157},"model":"modelengine:forester/wine1_3"},{"predicate":{"custom_model_data":158},"model":"modelengine:forester/wine2"},{"predicate":{"custom_model_data":159},"model":"modelengine:forester/rightarm"},{"predicate":{"custom_model_data":160},"model":"modelengine:forester/leftarm3"},{"predicate":{"custom_model_data":161},"model":"modelengine:forester/wine1_2"},{"predicate":{"custom_model_data":162},"model":"modelengine:forester/wine1_1"},{"predicate":{"custom_model_data":163},"model":"modelengine:forester/wine1"},{"predicate":{"custom_model_data":164},"model":"modelengine:forester/leftarm"},{"predicate":{"custom_model_data":165},"model":"modelengine:forester/body"},{"predicate":{"custom_model_data":166},"model":"modelengine:forester/rightleg"},{"predicate":{"custom_model_data":167},"model":"modelengine:forester/rightleg1"},{"predicate":{"custom_model_data":168},"model":"modelengine:forester/leftleg"},{"predicate":{"custom_model_data":169},"model":"modelengine:forester/leftleg3"},{"predicate":{"custom_model_data":170},"model":"modelengine:model/head"},{"predicate":{"custom_model_data":171},"model":"modelengine:model/torso"},{"predicate":{"custom_model_data":172},"model":"modelengine:model/bone16"},{"predicate":{"custom_model_data":173},"model":"modelengine:model/bone17"},{"predicate":{"custom_model_data":174},"model":"modelengine:model/bone2"},{"predicate":{"custom_model_data":175},"model":"modelengine:model/bone40"},{"predicate":{"custom_model_data":176},"model":"modelengine:model/bone39"},{"predicate":{"custom_model_data":177},"model":"modelengine:model/press"},{"predicate":{"custom_model_data":178},"model":"modelengine:model/bedra"},{"predicate":{"custom_model_data":179},"model":"modelengine:model/pants"},{"predicate":{"custom_model_data":180},"model":"modelengine:model/pants3"},{"predicate":{"custom_model_data":181},"model":"modelengine:model/pants4"},{"predicate":{"custom_model_data":182},"model":"modelengine:model/pants2"},{"predicate":{"custom_model_data":183},"model":"modelengine:model/bone4"},{"predicate":{"custom_model_data":184},"model":"modelengine:model/bone5"},{"predicate":{"custom_model_data":185},"model":"modelengine:model/bone8"},{"predicate":{"custom_model_data":186},"model":"modelengine:model/bone9"},{"predicate":{"custom_model_data":187},"model":"modelengine:model/bone10"},{"predicate":{"custom_model_data":188},"model":"modelengine:model/armr"},{"predicate":{"custom_model_data":189},"model":"modelengine:model/bone14"},{"predicate":{"custom_model_data":190},"model":"modelengine:model/bone27"},{"predicate":{"custom_model_data":191},"model":"modelengine:model/bone28"},{"predicate":{"custom_model_data":192},"model":"modelengine:model/bone26"},{"predicate":{"custom_model_data":193},"model":"modelengine:model/bone30"},{"predicate":{"custom_model_data":194},"model":"modelengine:model/bone29"},{"predicate":{"custom_model_data":195},"model":"modelengine:model/bone6"},{"predicate":{"custom_model_data":196},"model":"modelengine:model/bone12"},{"predicate":{"custom_model_data":197},"model":"modelengine:model/bone11"},{"predicate":{"custom_model_data":198},"model":"modelengine:model/bone13"},{"predicate":{"custom_model_data":199},"model":"modelengine:model/armr2"},{"predicate":{"custom_model_data":200},"model":"modelengine:model/bone15"},{"predicate":{"custom_model_data":201},"model":"modelengine:model/bone18"},{"predicate":{"custom_model_data":202},"model":"modelengine:model/bone19"},{"predicate":{"custom_model_data":203},"model":"modelengine:model/bone20"},{"predicate":{"custom_model_data":204},"model":"modelengine:model/bone21"},{"predicate":{"custom_model_data":205},"model":"modelengine:model/bone22"},{"predicate":{"custom_model_data":206},"model":"modelengine:model/bone23"},{"predicate":{"custom_model_data":207},"model":"modelengine:model/bone24"},{"predicate":{"custom_model_data":208},"model":"modelengine:model/bone25"},{"predicate":{"custom_model_data":209},"model":"modelengine:model/bedro_right"},{"predicate":{"custom_model_data":210},"model":"modelengine:model/bone34"},{"predicate":{"custom_model_data":211},"model":"modelengine:model/bone35"},{"predicate":{"custom_model_data":212},"model":"modelengine:model/stoparight"},{"predicate":{"custom_model_data":213},"model":"modelengine:model/bedro_left"},{"predicate":{"custom_model_data":214},"model":"modelengine:model/bone33"},{"predicate":{"custom_model_data":215},"model":"modelengine:model/bone36"},{"predicate":{"custom_model_data":216},"model":"modelengine:model/stopaleft"},{"predicate":{"custom_model_data":217},"model":"modelengine:reaper/body"},{"predicate":{"custom_model_data":218},"model":"modelengine:reaper/crystal"},{"predicate":{"custom_model_data":219},"model":"modelengine:reaper/circle"},{"predicate":{"custom_model_data":220},"model":"modelengine:reaper/upper_body"},{"predicate":{"custom_model_data":221},"model":"modelengine:reaper/head"},{"predicate":{"custom_model_data":222},"model":"modelengine:reaper/jaw"},{"predicate":{"custom_model_data":223},"model":"modelengine:reaper/cape_under"},{"predicate":{"custom_model_data":224},"model":"modelengine:reaper/cape1"},{"predicate":{"custom_model_data":225},"model":"modelengine:reaper/cape2"},{"predicate":{"custom_model_data":226},"model":"modelengine:reaper/cape3"},{"predicate":{"custom_model_data":227},"model":"modelengine:reaper/arm1"},{"predicate":{"custom_model_data":228},"model":"modelengine:reaper/arm1_1"},{"predicate":{"custom_model_data":229},"model":"modelengine:reaper/lamp"},{"predicate":{"custom_model_data":230},"model":"modelengine:reaper/arm2"},{"predicate":{"custom_model_data":231},"model":"modelengine:reaper/arm1_2"},{"predicate":{"custom_model_data":232},"model":"modelengine:reaper/scythe"},{"predicate":{"custom_model_data":233},"model":"modelengine:reaper/lower_body"},{"predicate":{"custom_model_data":234},"model":"modelengine:rpg_skeleton/body"},{"predicate":{"custom_model_data":235},"model":"modelengine:rpg_skeleton/left_leg"},{"predicate":{"custom_model_data":236},"model":"modelengine:rpg_skeleton/left_foot"},{"predicate":{"custom_model_data":237},"model":"modelengine:rpg_skeleton/left_arm"},{"predicate":{"custom_model_data":238},"model":"modelengine:rpg_skeleton/left_hand"},{"predicate":{"custom_model_data":239},"model":"modelengine:rpg_skeleton/right_leg"},{"predicate":{"custom_model_data":240},"model":"modelengine:rpg_skeleton/right_foot"},{"predicate":{"custom_model_data":241},"model":"modelengine:rpg_skeleton/head"},{"predicate":{"custom_model_data":242},"model":"modelengine:rpg_skeleton/jaw"},{"predicate":{"custom_model_data":243},"model":"modelengine:rpg_skeleton/right_arm"},{"predicate":{"custom_model_data":244},"model":"modelengine:rpg_skeleton/right_hand"},{"predicate":{"custom_model_data":245},"model":"modelengine:rpg_skeleton/hp_bar"},{"predicate":{"custom_model_data":246},"model":"modelengine:soulknight/cape"},{"predicate":{"custom_model_data":247},"model":"modelengine:soulknight/cape2"},{"predicate":{"custom_model_data":248},"model":"modelengine:soulknight/cape3"},{"predicate":{"custom_model_data":249},"model":"modelengine:soulknight/body"},{"predicate":{"custom_model_data":250},"model":"modelengine:soulknight/belly"},{"predicate":{"custom_model_data":251},"model":"modelengine:soulknight/head"},{"predicate":{"custom_model_data":252},"model":"modelengine:soulknight/leftarm"},{"predicate":{"custom_model_data":253},"model":"modelengine:soulknight/leftfrontarm"},{"predicate":{"custom_model_data":254},"model":"modelengine:soulknight/lefthand"},{"predicate":{"custom_model_data":255},"model":"modelengine:soulknight/sword"},{"predicate":{"custom_model_data":256},"model":"modelengine:soulknight/swordedge"},{"predicate":{"custom_model_data":257},"model":"modelengine:soulknight/rightarm"},{"predicate":{"custom_model_data":258},"model":"modelengine:soulknight/rightfrontarm"},{"predicate":{"custom_model_data":259},"model":"modelengine:soulknight/righthand"},{"predicate":{"custom_model_data":260},"model":"modelengine:soulknight/spear_tip"},{"predicate":{"custom_model_data":261},"model":"modelengine:soulknight/spear"},{"predicate":{"custom_model_data":262},"model":"modelengine:soulknight/hip"},{"predicate":{"custom_model_data":263},"model":"modelengine:soulknight/leftleg"},{"predicate":{"custom_model_data":264},"model":"modelengine:soulknight/leftfrontleg"},{"predicate":{"custom_model_data":265},"model":"modelengine:soulknight/leftfoot"},{"predicate":{"custom_model_data":266},"model":"modelengine:soulknight/rightleg"},{"predicate":{"custom_model_data":267},"model":"modelengine:soulknight/rightfrontleg"},{"predicate":{"custom_model_data":268},"model":"modelengine:soulknight/rightfoot"},{"predicate":{"custom_model_data":269},"model":"modelengine:soulknight_withhorse/cape"},{"predicate":{"custom_model_data":270},"model":"modelengine:soulknight_withhorse/cape2"},{"predicate":{"custom_model_data":271},"model":"modelengine:soulknight_withhorse/cape3"},{"predicate":{"custom_model_data":272},"model":"modelengine:soulknight_withhorse/body"},{"predicate":{"custom_model_data":273},"model":"modelengine:soulknight_withhorse/belly"},{"predicate":{"custom_model_data":274},"model":"modelengine:soulknight_withhorse/head"},{"predicate":{"custom_model_data":275},"model":"modelengine:soulknight_withhorse/leftarm"},{"predicate":{"custom_model_data":276},"model":"modelengine:soulknight_withhorse/leftfrontarm"},{"predicate":{"custom_model_data":277},"model":"modelengine:soulknight_withhorse/lefthand"},{"predicate":{"custom_model_data":278},"model":"modelengine:soulknight_withhorse/rightarm"},{"predicate":{"custom_model_data":279},"model":"modelengine:soulknight_withhorse/rightfrontarm"},{"predicate":{"custom_model_data":280},"model":"modelengine:soulknight_withhorse/righthand"},{"predicate":{"custom_model_data":281},"model":"modelengine:soulknight_withhorse/spear_tip"},{"predicate":{"custom_model_data":282},"model":"modelengine:soulknight_withhorse/spear"},{"predicate":{"custom_model_data":283},"model":"modelengine:soulknight_withhorse/hip"},{"predicate":{"custom_model_data":284},"model":"modelengine:soulknight_withhorse/leftleg"},{"predicate":{"custom_model_data":285},"model":"modelengine:soulknight_withhorse/leftfrontleg"},{"predicate":{"custom_model_data":286},"model":"modelengine:soulknight_withhorse/rightleg"},{"predicate":{"custom_model_data":287},"model":"modelengine:soulknight_withhorse/rightfrontleg"},{"predicate":{"custom_model_data":288},"model":"modelengine:soulknight_withhorse/neck1"},{"predicate":{"custom_model_data":289},"model":"modelengine:soulknight_withhorse/horsehead"},{"predicate":{"custom_model_data":290},"model":"modelengine:soulknight_withhorse/jaw"},{"predicate":{"custom_model_data":291},"model":"modelengine:soulknight_withhorse/neck2"},{"predicate":{"custom_model_data":292},"model":"modelengine:soulknight_withhorse/horsebody"},{"predicate":{"custom_model_data":293},"model":"modelengine:soulknight_withhorse/horse_leftleg"},{"predicate":{"custom_model_data":294},"model":"modelengine:soulknight_withhorse/horse_leftfrontleg"},{"predicate":{"custom_model_data":295},"model":"modelengine:soulknight_withhorse/horse_leftfoot"},{"predicate":{"custom_model_data":296},"model":"modelengine:soulknight_withhorse/horse_rightleg"},{"predicate":{"custom_model_data":297},"model":"modelengine:soulknight_withhorse/horse_rightfrontleg"},{"predicate":{"custom_model_data":298},"model":"modelengine:soulknight_withhorse/horse_rightfoot"},{"predicate":{"custom_model_data":299},"model":"modelengine:soulknight_withhorse/horsehip"},{"predicate":{"custom_model_data":300},"model":"modelengine:soulknight_withhorse/horse_leftbackleg"},{"predicate":{"custom_model_data":301},"model":"modelengine:soulknight_withhorse/horse_leftbackfrontleg"},{"predicate":{"custom_model_data":302},"model":"modelengine:soulknight_withhorse/horse_leftbackfoot"},{"predicate":{"custom_model_data":303},"model":"modelengine:soulknight_withhorse/horse_rightbackleg"},{"predicate":{"custom_model_data":304},"model":"modelengine:soulknight_withhorse/horse_rightbackfrontleg"},{"predicate":{"custom_model_data":305},"model":"modelengine:soulknight_withhorse/horse_rightbackfoot"},{"predicate":{"custom_model_data":306},"model":"modelengine:soulknight_withhorse/tail3"},{"predicate":{"custom_model_data":307},"model":"modelengine:soulknight_withhorse/tail2"},{"predicate":{"custom_model_data":308},"model":"modelengine:soulknight_withhorse/tail"},{"predicate":{"custom_model_data":309},"model":"modelengine:stomp_shockwave/debris1"},{"predicate":{"custom_model_data":310},"model":"modelengine:stomp_shockwave/debris2"},{"predicate":{"custom_model_data":311},"model":"modelengine:stomp_shockwave/debris3"},{"predicate":{"custom_model_data":312},"model":"modelengine:stomp_shockwave/debris4"},{"predicate":{"custom_model_data":313},"model":"modelengine:stomp_shockwave/debris5"},{"predicate":{"custom_model_data":314},"model":"modelengine:stomp_shockwave/debris6"},{"predicate":{"custom_model_data":315},"model":"modelengine:stomp_shockwave/lightbeam_med"},{"predicate":{"custom_model_data":316},"model":"modelengine:stomp_shockwave/lightbeam_far"},{"predicate":{"custom_model_data":317},"model":"modelengine:stomp_shockwave/lightbeam_close"},{"predicate":{"custom_model_data":318},"model":"modelengine:stomp_shockwave/spike1"},{"predicate":{"custom_model_data":319},"model":"modelengine:stomp_shockwave/spike2"},{"predicate":{"custom_model_data":320},"model":"modelengine:stomp_shockwave/spike3"},{"predicate":{"custom_model_data":321},"model":"modelengine:stomp_shockwave/spike4"},{"predicate":{"custom_model_data":322},"model":"modelengine:stomp_shockwave/spike5"},{"predicate":{"custom_model_data":323},"model":"modelengine:stomp_shockwave/spike6"},{"predicate":{"custom_model_data":324},"model":"modelengine:test/trapka_cape_left"},{"predicate":{"custom_model_data":325},"model":"modelengine:test/bone22"},{"predicate":{"custom_model_data":326},"model":"modelengine:test/trapka_cape_right"},{"predicate":{"custom_model_data":327},"model":"modelengine:test/bone19"},{"predicate":{"custom_model_data":328},"model":"modelengine:test/face"},{"predicate":{"custom_model_data":329},"model":"modelengine:test/head"},{"predicate":{"custom_model_data":330},"model":"modelengine:test/bone"},{"predicate":{"custom_model_data":331},"model":"modelengine:test/bone4"},{"predicate":{"custom_model_data":332},"model":"modelengine:test/bone5"},{"predicate":{"custom_model_data":333},"model":"modelengine:test/bone6"},{"predicate":{"custom_model_data":334},"model":"modelengine:test/bone24"},{"predicate":{"custom_model_data":335},"model":"modelengine:test/bone12"},{"predicate":{"custom_model_data":336},"model":"modelengine:test/bone13"},{"predicate":{"custom_model_data":337},"model":"modelengine:test/bone14"},{"predicate":{"custom_model_data":338},"model":"modelengine:test/bone16"},{"predicate":{"custom_model_data":339},"model":"modelengine:test/bone18"},{"predicate":{"custom_model_data":340},"model":"modelengine:test/bone15"},{"predicate":{"custom_model_data":341},"model":"modelengine:test/bone17"},{"predicate":{"custom_model_data":342},"model":"modelengine:test/bone25"},{"predicate":{"custom_model_data":343},"model":"modelengine:test/bone2"},{"predicate":{"custom_model_data":344},"model":"modelengine:test/bone3"},{"predicate":{"custom_model_data":345},"model":"modelengine:test/bone21"},{"predicate":{"custom_model_data":346},"model":"modelengine:test/bone20"},{"predicate":{"custom_model_data":347},"model":"modelengine:test/bone8"},{"predicate":{"custom_model_data":348},"model":"modelengine:test/bone23"},{"predicate":{"custom_model_data":349},"model":"modelengine:test/bone7"},{"predicate":{"custom_model_data":350},"model":"modelengine:test/bone9"},{"predicate":{"custom_model_data":351},"model":"modelengine:test/bone10"},{"predicate":{"custom_model_data":352},"model":"modelengine:test/bone11"},{"predicate":{"custom_model_data":353},"model":"modelengine:test/bone48"},{"predicate":{"custom_model_data":354},"model":"modelengine:test/bone50"},{"predicate":{"custom_model_data":355},"model":"modelengine:test/bone47"},{"predicate":{"custom_model_data":356},"model":"modelengine:test/bone49"},{"predicate":{"custom_model_data":357},"model":"modelengine:test/left_arm"},{"predicate":{"custom_model_data":358},"model":"modelengine:test/bone35"},{"predicate":{"custom_model_data":359},"model":"modelengine:test/bone36"},{"predicate":{"custom_model_data":360},"model":"modelengine:test/lokotleft2"},{"predicate":{"custom_model_data":361},"model":"modelengine:test/bone37"},{"predicate":{"custom_model_data":362},"model":"modelengine:test/bone41"},{"predicate":{"custom_model_data":363},"model":"modelengine:test/bone42"},{"predicate":{"custom_model_data":364},"model":"modelengine:test/bone38"},{"predicate":{"custom_model_data":365},"model":"modelengine:test/bone40"},{"predicate":{"custom_model_data":366},"model":"modelengine:test/bone39"},{"predicate":{"custom_model_data":367},"model":"modelengine:test/bone43"},{"predicate":{"custom_model_data":368},"model":"modelengine:test/bone44"},{"predicate":{"custom_model_data":369},"model":"modelengine:test/right_arm"},{"predicate":{"custom_model_data":370},"model":"modelengine:test/bone26"},{"predicate":{"custom_model_data":371},"model":"modelengine:test/bone27"},{"predicate":{"custom_model_data":372},"model":"modelengine:test/palec_left"},{"predicate":{"custom_model_data":373},"model":"modelengine:test/bone28"},{"predicate":{"custom_model_data":374},"model":"modelengine:test/bone29"},{"predicate":{"custom_model_data":375},"model":"modelengine:test/bone30"},{"predicate":{"custom_model_data":376},"model":"modelengine:test/lokotleft"},{"predicate":{"custom_model_data":377},"model":"modelengine:test/bone32"},{"predicate":{"custom_model_data":378},"model":"modelengine:test/bone31"},{"predicate":{"custom_model_data":379},"model":"modelengine:test/bone33"},{"predicate":{"custom_model_data":380},"model":"modelengine:test/bone34"},{"predicate":{"custom_model_data":381},"model":"modelengine:test/legs"},{"predicate":{"custom_model_data":382},"model":"modelengine:test/bone57"},{"predicate":{"custom_model_data":383},"model":"modelengine:test/bone58"},{"predicate":{"custom_model_data":384},"model":"modelengine:test/bone46"},{"predicate":{"custom_model_data":385},"model":"modelengine:test/bone45"},{"predicate":{"custom_model_data":386},"model":"modelengine:test/bone56"},{"predicate":{"custom_model_data":387},"model":"modelengine:test/bone51"},{"predicate":{"custom_model_data":388},"model":"modelengine:test/bone52"},{"predicate":{"custom_model_data":389},"model":"modelengine:test/bone53"},{"predicate":{"custom_model_data":390},"model":"modelengine:test/bone55"},{"predicate":{"custom_model_data":391},"model":"modelengine:test/bone54"},{"predicate":{"custom_model_data":392},"model":"modelengine:toro_wither/body"},{"predicate":{"custom_model_data":393},"model":"modelengine:toro_wither/left_rib"},{"predicate":{"custom_model_data":394},"model":"modelengine:toro_wither/right_rib"},{"predicate":{"custom_model_data":395},"model":"modelengine:toro_wither/core"},{"predicate":{"custom_model_data":396},"model":"modelengine:toro_wither/left_neck"},{"predicate":{"custom_model_data":397},"model":"modelengine:toro_wither/left_head"},{"predicate":{"custom_model_data":398},"model":"modelengine:toro_wither/right_neck"},{"predicate":{"custom_model_data":399},"model":"modelengine:toro_wither/right_head"},{"predicate":{"custom_model_data":400},"model":"modelengine:toro_wither/spine"},{"predicate":{"custom_model_data":401},"model":"modelengine:toro_wither/spine2"},{"predicate":{"custom_model_data":402},"model":"modelengine:toro_wither/head"},{"predicate":{"custom_model_data":403},"model":"modelengine:toro_wither/jaw"},{"predicate":{"custom_model_data":404},"model":"modelengine:toro_wither/left_arm"},{"predicate":{"custom_model_data":405},"model":"modelengine:toro_wither/left_forearm"},{"predicate":{"custom_model_data":406},"model":"modelengine:toro_wither/left_claw"},{"predicate":{"custom_model_data":407},"model":"modelengine:toro_wither/right_arm"},{"predicate":{"custom_model_data":408},"model":"modelengine:toro_wither/right_forearm"},{"predicate":{"custom_model_data":409},"model":"modelengine:toro_wither/right_claw"},{"predicate":{"custom_model_data":410},"model":"modelengine:toro_wither_pool/pool"},{"predicate":{"custom_model_data":411},"model":"modelengine:toro_wither_skull/left_head"},{"predicate":{"custom_model_data":412},"model":"modelengine:toro_wither_skull_2ndphase/head"},{"predicate":{"custom_model_data":413},"model":"modelengine:toro_wither_skull_2ndphase/jaw"},{"predicate":{"custom_model_data":414},"model":"modelengine:toro_wither_still/body"},{"predicate":{"custom_model_data":415},"model":"modelengine:toro_wither_still/left_rib"},{"predicate":{"custom_model_data":416},"model":"modelengine:toro_wither_still/right_rib"},{"predicate":{"custom_model_data":417},"model":"modelengine:toro_wither_still/core"},{"predicate":{"custom_model_data":418},"model":"modelengine:toro_wither_still/left_neck"},{"predicate":{"custom_model_data":419},"model":"modelengine:toro_wither_still/left_head"},{"predicate":{"custom_model_data":420},"model":"modelengine:toro_wither_still/right_neck"},{"predicate":{"custom_model_data":421},"model":"modelengine:toro_wither_still/right_head"},{"predicate":{"custom_model_data":422},"model":"modelengine:toro_wither_still/spine"},{"predicate":{"custom_model_data":423},"model":"modelengine:toro_wither_still/spine2"},{"predicate":{"custom_model_data":424},"model":"modelengine:toro_wither_still/head"},{"predicate":{"custom_model_data":425},"model":"modelengine:toro_wither_still/jaw"},{"predicate":{"custom_model_data":426},"model":"modelengine:toro_wither_still/left_arm"},{"predicate":{"custom_model_data":427},"model":"modelengine:toro_wither_still/left_forearm"},{"predicate":{"custom_model_data":428},"model":"modelengine:toro_wither_still/left_claw"},{"predicate":{"custom_model_data":429},"model":"modelengine:toro_wither_still/right_arm"},{"predicate":{"custom_model_data":430},"model":"modelengine:toro_wither_still/right_forearm"},{"predicate":{"custom_model_data":431},"model":"modelengine:toro_wither_still/right_claw"},{"predicate":{"custom_model_data":432},"model":"modelengine:toro_wither_still/nothing"},{"predicate":{"custom_model_data":433},"model":"modelengine:toro_wither_terror/body"},{"predicate":{"custom_model_data":434},"model":"modelengine:toro_wither_terror/neck"},{"predicate":{"custom_model_data":435},"model":"modelengine:toro_wither_terror/head"},{"predicate":{"custom_model_data":436},"model":"modelengine:toro_wither_terror/jaw"},{"predicate":{"custom_model_data":437},"model":"modelengine:toro_wither_terror/left_arm"},{"predicate":{"custom_model_data":438},"model":"modelengine:toro_wither_terror/left_forearm"},{"predicate":{"custom_model_data":439},"model":"modelengine:toro_wither_terror/left_hand"},{"predicate":{"custom_model_data":440},"model":"modelengine:toro_wither_terror/left_thumb"},{"predicate":{"custom_model_data":441},"model":"modelengine:toro_wither_terror/left_finger_index"},{"predicate":{"custom_model_data":442},"model":"modelengine:toro_wither_terror/left_finger_mid"},{"predicate":{"custom_model_data":443},"model":"modelengine:toro_wither_terror/left_finger_pinky"},{"predicate":{"custom_model_data":444},"model":"modelengine:toro_wither_terror/right_arm"},{"predicate":{"custom_model_data":445},"model":"modelengine:toro_wither_terror/right_forearm"},{"predicate":{"custom_model_data":446},"model":"modelengine:toro_wither_terror/head_on_hand"},{"predicate":{"custom_model_data":447},"model":"modelengine:toro_wither_terror/jaw2"},{"predicate":{"custom_model_data":448},"model":"modelengine:toro_wither_terror/right_hand"},{"predicate":{"custom_model_data":449},"model":"modelengine:toro_wither_terror/right_thumb"},{"predicate":{"custom_model_data":450},"model":"modelengine:toro_wither_terror/right_finger_index"},{"predicate":{"custom_model_data":451},"model":"modelengine:toro_wither_terror/right_finger_mid"},{"predicate":{"custom_model_data":452},"model":"modelengine:toro_wither_terror/right_finger_pinky"},{"predicate":{"custom_model_data":453},"model":"modelengine:toro_wither_terror/tail1"},{"predicate":{"custom_model_data":454},"model":"modelengine:toro_wither_terror/tail3"},{"predicate":{"custom_model_data":455},"model":"modelengine:toro_wither_terror/tail2"}]}