{"textures":{"0":"modelengine:entity/archangel"},"elements":[{"from":[5.714286,8.0,6.190476],"to":[10.285714,12.571428,10.190476],"rotation":{"angle":0.0,"axis":"y","origin":[5.714286,-9.428572,7.904762]},"faces":{"east":{"uv":[4.004,5.379,4.871,6.371],"rotation":0,"texture":"#0","tintindex":0},"south":{"uv":[5.129,4.254,6.121,5.246],"rotation":0,"texture":"#0","tintindex":0},"north":{"uv":[4.004,4.254,4.996,5.246],"rotation":0,"texture":"#0","tintindex":0},"west":{"uv":[5.004,5.379,5.871,6.371],"rotation":0,"texture":"#0","tintindex":0},"up":{"uv":[6.996,6.246,6.004,5.379],"rotation":0,"texture":"#0","tintindex":0},"down":{"uv":[7.246,4.254,6.254,5.121],"rotation":0,"texture":"#0","tintindex":0}}},{"from":[5.714286,10.285714,5.6190476],"to":[10.285714,12.571428,6.190476],"rotation":{"angle":0.0,"axis":"y","origin":[5.714286,-9.428572,7.904762]},"faces":{"east":{"uv":[3.754,9.254,3.871,9.746],"rotation":0,"texture":"#0","tintindex":0},"south":{"uv":[4.004,7.379,4.996,7.871],"rotation":0,"texture":"#0","tintindex":0},"north":{"uv":[5.879,7.254,6.871,7.746],"rotation":0,"texture":"#0","tintindex":0},"west":{"uv":[4.004,10.629,4.121,11.121],"rotation":0,"texture":"#0","tintindex":0},"up":{"uv":[11.246,2.746,10.254,2.629],"rotation":0,"texture":"#0","tintindex":0},"down":{"uv":[11.496,7.379,10.504,7.496],"rotation":0,"texture":"#0","tintindex":0}}},{"from":[9.142858,9.714286,5.6190476],"to":[10.285714,10.285714,6.190476],"rotation":{"angle":0.0,"axis":"y","origin":[5.714286,-9.428572,7.904762]},"faces":{"east":{"uv":[7.379,11.254,7.496,11.371],"rotation":0,"texture":"#0","tintindex":0},"south":{"uv":[11.129,4.129,11.371,4.246],"rotation":0,"texture":"#0","tintindex":0},"north":{"uv":[11.129,3.879,11.371,3.996],"rotation":0,"texture":"#0","tintindex":0},"west":{"uv":[7.629,11.254,7.746,11.371],"rotation":0,"texture":"#0","tintindex":0},"up":{"uv":[4.496,11.246,4.254,11.129],"rotation":0,"texture":"#0","tintindex":0},"down":{"uv":[11.371,4.379,11.129,4.496],"rotation":0,"texture":"#0","tintindex":0}}},{"from":[9.714286,8.571428,5.6190476],"to":[10.285714,9.714286,6.190476],"rotation":{"angle":0.0,"axis":"y","origin":[5.714286,-9.428572,7.904762]},"faces":{"east":{"uv":[11.129,5.129,11.246,5.371],"rotation":0,"texture":"#0","tintindex":0},"south":{"uv":[5.379,11.129,5.496,11.371],"rotation":0,"texture":"#0","tintindex":0},"north":{"uv":[0.254,11.129,0.371,11.371],"rotation":0,"texture":"#0","tintindex":0},"west":{"uv":[5.629,11.129,5.746,11.371],"rotation":0,"texture":"#0","tintindex":0},"up":{"uv":[11.371,8.996,11.254,8.879],"rotation":0,"texture":"#0","tintindex":0},"down":{"uv":[11.371,9.379,11.254,9.496],"rotation":0,"texture":"#0","tintindex":0}}},{"from":[5.714286,8.571428,5.6190476],"to":[6.285714,9.714286,6.190476],"rotation":{"angle":0.0,"axis":"y","origin":[10.285714,-9.428572,7.904762]},"faces":{"east":{"uv":[6.129,11.129,6.246,11.371],"rotation":0,"texture":"#0","tintindex":0},"south":{"uv":[6.379,11.129,6.496,11.371],"rotation":0,"texture":"#0","tintindex":0},"north":{"uv":[5.879,11.129,5.996,11.371],"rotation":0,"texture":"#0","tintindex":0},"west":{"uv":[11.129,6.504,11.246,6.746],"rotation":0,"texture":"#0","tintindex":0},"up":{"uv":[11.371,9.746,11.254,9.629],"rotation":0,"texture":"#0","tintindex":0},"down":{"uv":[11.371,9.879,11.254,9.996],"rotation":0,"texture":"#0","tintindex":0}}},{"from":[5.714286,9.714286,5.6190476],"to":[6.857143,10.285714,6.190476],"rotation":{"angle":0.0,"axis":"y","origin":[10.285714,-9.428572,7.904762]},"faces":{"east":{"uv":[7.879,11.254,7.996,11.371],"rotation":0,"texture":"#0","tintindex":0},"south":{"uv":[11.129,4.629,11.371,4.746],"rotation":0,"texture":"#0","tintindex":0},"north":{"uv":[4.629,11.129,4.871,11.246],"rotation":0,"texture":"#0","tintindex":0},"west":{"uv":[11.254,8.254,11.371,8.371],"rotation":0,"texture":"#0","tintindex":0},"up":{"uv":[11.371,4.996,11.129,4.879],"rotation":0,"texture":"#0","tintindex":0},"down":{"uv":[5.246,11.129,5.004,11.246],"rotation":0,"texture":"#0","tintindex":0}}}],"display":{"head":{"translation":[0.0,-6.4,0.0],"scale":[4.0,4.0,4.0]}}}