{
    "king": {
    "category": "master",
    "sounds": [
    "king"
  ],
    "subtitle": "subtitles.custom.king"
  },

    "enuma": {
    "category": "master",
    "sounds": [
    "enuma"
  ],
    "subtitle": "subtitles.custom.enuma"
  },

    "zawarka": {
    "category": "master",
    "sounds": [
    "zawarka"
  ],
    "subtitle": "subtitles.custom.zawarka"
  },

    "requiem": {
    "category": "master",
    "sounds": [
    "requiem"
  ],
    "subtitle": "subtitles.custom.requiem"
  },

    "tokio_out": {
    "category": "master",
    "sounds": [
    "tokio_out"
  ],
    "subtitle": "subtitles.custom.tokio_out"
  }
}