{"textures":{"0":"modelengine:entity/hell"},"elements":[{"from":[8.1051655,7.3596487,6.857143],"to":[8.676595,10.216791,9.142858],"rotation":{"angle":0.0,"axis":"y","origin":[6.5714283,-2.8571434,8.0]},"faces":{"east":{"uv":[1.0,6.75,1.5,7.375],"rotation":0,"texture":"#0","tintindex":0},"south":{"uv":[6.625,7.25,6.75,7.875],"rotation":0,"texture":"#0","tintindex":0},"north":{"uv":[6.5,7.25,6.625,7.875],"rotation":0,"texture":"#0","tintindex":0},"west":{"uv":[1.5,6.75,2.0,7.375],"rotation":0,"texture":"#0","tintindex":0},"up":{"uv":[5.0,7.875,4.875,7.375],"rotation":0,"texture":"#0","tintindex":0},"down":{"uv":[7.5,4.875,7.375,5.375],"rotation":0,"texture":"#0","tintindex":0}}}],"display":{"head":{"translation":[0.0,-6.4,0.0],"scale":[4.0,4.0,4.0]}}}