{"textures":{"0":"modelengine:entity/hell"},"elements":[{"from":[7.8285713,8.950529,7.0312314],"to":[8.4,9.521957,7.60266],"rotation":{"angle":0.0,"axis":"z","origin":[8.285714,8.285714,8.285714]},"faces":{"east":{"uv":[6.75,5.625,6.875,5.75],"rotation":0,"texture":"#0","tintindex":0},"south":{"uv":[7.5,7.25,7.625,7.375],"rotation":0,"texture":"#0","tintindex":0},"north":{"uv":[4.875,6.375,5.0,6.5],"rotation":0,"texture":"#0","tintindex":0},"west":{"uv":[7.625,0.25,7.75,0.375],"rotation":0,"texture":"#0","tintindex":0},"up":{"uv":[0.5,7.75,0.375,7.625],"rotation":0,"texture":"#0","tintindex":0},"down":{"uv":[7.75,0.375,7.625,0.5],"rotation":0,"texture":"#0","tintindex":0}}}],"display":{"head":{"translation":[0.0,-6.4,0.0],"scale":[4.0,4.0,4.0]}}}