{"textures":{"0":"modelengine:entity/hell"},"elements":[{"from":[6.0571427,7.98546,6.3707542],"to":[9.942858,9.699745,8.08504],"rotation":{"angle":0.0,"axis":"y","origin":[9.142858,-3.4464922,16.32126]},"faces":{"east":{"uv":[7.25,3.375,7.625,3.75],"rotation":0,"texture":"#0","tintindex":0},"south":{"uv":[6.5,0.0,7.375,0.375],"rotation":0,"texture":"#0","tintindex":0},"north":{"uv":[4.0,6.375,4.875,6.75],"rotation":0,"texture":"#0","tintindex":0},"west":{"uv":[7.25,3.75,7.625,4.125],"rotation":0,"texture":"#0","tintindex":0},"up":{"uv":[7.375,0.75,6.5,0.375],"rotation":0,"texture":"#0","tintindex":0},"down":{"uv":[7.375,0.75,6.5,1.125],"rotation":0,"texture":"#0","tintindex":0}}}],"display":{"head":{"translation":[0.0,-6.4,0.0],"scale":[4.0,4.0,4.0]}}}