{"textures":{"0":"modelengine:entity/hell"},"elements":[{"from":[6.035712,7.4536915,7.428571],"to":[7.7499976,7.967977,8.571428],"rotation":{"angle":0.0,"axis":"y","origin":[8.0,8.0,8.0]},"faces":{"east":{"uv":[7.5,5.75,7.75,5.875],"rotation":0,"texture":"#0","tintindex":0},"south":{"uv":[7.375,5.625,7.75,5.75],"rotation":0,"texture":"#0","tintindex":0},"north":{"uv":[7.375,5.5,7.75,5.625],"rotation":0,"texture":"#0","tintindex":0},"west":{"uv":[7.5,5.875,7.75,6.0],"rotation":0,"texture":"#0","tintindex":0},"up":{"uv":[7.625,4.625,7.25,4.375],"rotation":0,"texture":"#0","tintindex":0},"down":{"uv":[7.625,4.625,7.25,4.875],"rotation":0,"texture":"#0","tintindex":0}}}],"display":{"head":{"translation":[0.0,-6.4,0.0],"scale":[4.0,4.0,4.0]}}}