{"textures":{"0":"modelengine:entity/hell"},"elements":[{"from":[5.6571426,9.142858,5.6571426],"to":[10.4,27.485714,10.342857],"rotation":{"angle":0.0,"axis":"y","origin":[8.0,9.142858,8.0]},"faces":{"east":{"uv":[1.375,10.125,2.625,15.0],"rotation":0,"texture":"#0","tintindex":0},"south":{"uv":[4.125,10.125,5.375,15.0],"rotation":0,"texture":"#0","tintindex":0},"north":{"uv":[0.0,10.125,1.25,15.0],"rotation":0,"texture":"#0","tintindex":0},"west":{"uv":[2.75,10.125,4.0,15.0],"rotation":0,"texture":"#0","tintindex":0},"up":{"uv":[7.625,10.0,6.375,8.75],"rotation":0,"texture":"#0","tintindex":0},"down":{"uv":[7.625,10.125,6.375,11.375],"rotation":0,"texture":"#0","tintindex":0}}}],"display":{"head":{"translation":[0.0,-6.4,0.0],"scale":[4.0,4.0,4.0]}}}