{"textures":{"0":"modelengine:entity/hell"},"elements":[{"from":[7.142857,5.142857,6.857143],"to":[8.857143,8.571428,9.142858],"rotation":{"angle":0.0,"axis":"y","origin":[4.8571424,-5.1428576,8.0]},"faces":{"east":{"uv":[3.0,6.0,3.5,6.75],"rotation":0,"texture":"#0","tintindex":0},"south":{"uv":[3.125,6.75,3.5,7.5],"rotation":0,"texture":"#0","tintindex":0},"north":{"uv":[2.75,6.75,3.125,7.5],"rotation":0,"texture":"#0","tintindex":0},"west":{"uv":[6.0,3.25,6.5,4.0],"rotation":0,"texture":"#0","tintindex":0},"up":{"uv":[7.25,2.125,6.875,1.625],"rotation":0,"texture":"#0","tintindex":0},"down":{"uv":[7.25,2.125,6.875,2.625],"rotation":0,"texture":"#0","tintindex":0}}}],"display":{"head":{"translation":[0.0,-6.4,0.0],"scale":[4.0,4.0,4.0]}}}