{"textures":{"0":"modelengine:entity/dopel"},"elements":[{"from":[7.6857142,7.542857,5.142857],"to":[8.314285,8.457143,10.857143],"rotation":{"angle":0.0,"axis":"y","origin":[8.0,8.0,8.0]},"faces":{"east":{"uv":[3.25,9.25,4.5,9.375],"rotation":0,"texture":"#0","tintindex":0},"south":{"uv":[5.875,9.25,6.0,9.375],"rotation":0,"texture":"#0","tintindex":0},"north":{"uv":[4.5,9.25,4.625,9.375],"rotation":0,"texture":"#0","tintindex":0},"west":{"uv":[4.625,9.25,5.875,9.375],"rotation":0,"texture":"#0","tintindex":0},"up":{"uv":[4.625,9.25,4.5,8.0],"rotation":0,"texture":"#0","tintindex":0},"down":{"uv":[4.75,8.0,4.625,9.25],"rotation":0,"texture":"#0","tintindex":0}}}],"display":{"head":{"translation":[0.0,-6.4,0.0],"scale":[4.0,4.0,4.0]}}}