{"textures":{"0":"modelengine:entity/dopel"},"elements":[{"from":[7.7714286,7.542857,7.2],"to":[8.342857,8.114285,8.342857],"rotation":{"angle":0.0,"axis":"y","origin":[8.0,8.0,8.0]},"faces":{"east":{"uv":[5.5,9.125,5.75,9.25],"rotation":0,"texture":"#0","tintindex":0},"south":{"uv":[6.125,9.125,6.25,9.25],"rotation":0,"texture":"#0","tintindex":0},"north":{"uv":[5.75,9.125,5.875,9.25],"rotation":0,"texture":"#0","tintindex":0},"west":{"uv":[5.875,9.125,6.125,9.25],"rotation":0,"texture":"#0","tintindex":0},"up":{"uv":[5.875,9.125,5.75,8.875],"rotation":0,"texture":"#0","tintindex":0},"down":{"uv":[6.0,8.875,5.875,9.125],"rotation":0,"texture":"#0","tintindex":0}}}],"display":{"head":{"translation":[0.0,-6.4,0.0],"scale":[4.0,4.0,4.0]}}}