{"textures":{"0":"modelengine:entity/dopel"},"elements":[{"from":[8.0,6.4,7.142857],"to":[8.0,9.6,8.857143],"rotation":{"angle":0.0,"axis":"y","origin":[8.0,8.0,8.0]},"faces":{"east":{"uv":[0.0,5.875,0.375,6.5],"rotation":0,"texture":"#0","tintindex":0},"south":{"uv":[0.75,5.875,0.75,6.5],"rotation":0,"texture":"#0","tintindex":0},"north":{"uv":[0.375,5.875,0.375,6.5],"rotation":0,"texture":"#0","tintindex":0},"west":{"uv":[0.375,5.875,0.75,6.5],"rotation":0,"texture":"#0","tintindex":0},"up":{"uv":[0.375,5.875,0.375,5.5],"rotation":0,"texture":"#0","tintindex":0},"down":{"uv":[0.375,5.5,0.375,5.875],"rotation":0,"texture":"#0","tintindex":0}}}],"display":{"head":{"translation":[0.0,-6.4,0.0],"scale":[4.0,4.0,4.0]}}}