{"textures":{"0":"modelengine:entity/dopel"},"elements":[{"from":[5.8285713,8.0,6.5714283],"to":[10.171429,8.0,9.428572],"rotation":{"angle":0.0,"axis":"y","origin":[8.0,8.0,8.0]},"faces":{"east":{"uv":[4.875,6.5,5.5,6.5],"rotation":0,"texture":"#0","tintindex":0},"south":{"uv":[7.0,6.5,7.875,6.5],"rotation":0,"texture":"#0","tintindex":0},"north":{"uv":[5.5,6.5,6.375,6.5],"rotation":0,"texture":"#0","tintindex":0},"west":{"uv":[6.375,6.5,7.0,6.5],"rotation":0,"texture":"#0","tintindex":0},"up":{"uv":[6.375,6.5,5.5,5.875],"rotation":0,"texture":"#0","tintindex":0},"down":{"uv":[7.25,5.875,6.375,6.5],"rotation":0,"texture":"#0","tintindex":0}}}],"display":{"head":{"translation":[0.0,-6.4,0.0],"scale":[4.0,4.0,4.0]}}}