{"textures":{"0":"modelengine:entity/dopel"},"elements":[{"from":[7.8,5.9142857,6.857143],"to":[8.542857,10.314286,12.571428],"rotation":{"angle":0.0,"axis":"y","origin":[8.0,8.0,8.0]},"faces":{"east":{"uv":[4.0,7.125,5.25,8.0],"rotation":0,"texture":"#0","tintindex":0},"south":{"uv":[6.625,7.125,6.75,8.0],"rotation":0,"texture":"#0","tintindex":0},"north":{"uv":[5.25,7.125,5.375,8.0],"rotation":0,"texture":"#0","tintindex":0},"west":{"uv":[5.375,7.125,6.625,8.0],"rotation":0,"texture":"#0","tintindex":0},"up":{"uv":[5.375,7.125,5.25,5.875],"rotation":0,"texture":"#0","tintindex":0},"down":{"uv":[5.5,5.875,5.375,7.125],"rotation":0,"texture":"#0","tintindex":0}}}],"display":{"head":{"translation":[0.0,-6.4,0.0],"scale":[4.0,4.0,4.0]}}}