{"textures":{"0":"modelengine:entity/dopel"},"elements":[{"from":[5.714286,6.285714,6.857143],"to":[10.285714,9.714286,9.142858],"rotation":{"angle":0.0,"axis":"y","origin":[8.0,8.0,8.0]},"faces":{"east":{"uv":[8.5,6.375,9.0,7.125],"rotation":0,"texture":"#0","tintindex":0},"south":{"uv":[10.5,6.375,11.5,7.125],"rotation":0,"texture":"#0","tintindex":0},"north":{"uv":[9.0,6.375,10.0,7.125],"rotation":0,"texture":"#0","tintindex":0},"west":{"uv":[10.0,6.375,10.5,7.125],"rotation":0,"texture":"#0","tintindex":0},"up":{"uv":[10.0,6.375,9.0,5.875],"rotation":0,"texture":"#0","tintindex":0},"down":{"uv":[11.0,5.875,10.0,6.375],"rotation":0,"texture":"#0","tintindex":0}}}],"display":{"head":{"translation":[0.0,-6.4,0.0],"scale":[4.0,4.0,4.0]}}}