{"textures":{"0":"modelengine:entity/dopel"},"elements":[{"from":[6.0,6.1142855,8.0],"to":[10.0,9.885715,8.0],"rotation":{"angle":0.0,"axis":"y","origin":[8.0,8.0,8.0]},"faces":{"east":{"uv":[10.25,8.5,10.25,9.25],"rotation":0,"texture":"#0","tintindex":0},"south":{"uv":[11.125,8.5,12.0,9.25],"rotation":0,"texture":"#0","tintindex":0},"north":{"uv":[10.25,8.5,11.125,9.25],"rotation":0,"texture":"#0","tintindex":0},"west":{"uv":[11.125,8.5,11.125,9.25],"rotation":0,"texture":"#0","tintindex":0},"up":{"uv":[11.125,8.5,10.25,8.5],"rotation":0,"texture":"#0","tintindex":0},"down":{"uv":[12.0,8.5,11.125,8.5],"rotation":0,"texture":"#0","tintindex":0}}}],"display":{"head":{"translation":[0.0,-6.4,0.0],"scale":[4.0,4.0,4.0]}}}