{"textures":{"0":"modelengine:entity/dopel"},"elements":[{"from":[7.542857,6.1142855,5.714286],"to":[8.457143,9.885715,11.3714285],"rotation":{"angle":0.0,"axis":"y","origin":[8.0,8.0,8.0]},"faces":{"east":{"uv":[7.125,9.0,8.25,9.75],"rotation":0,"texture":"#0","tintindex":0},"south":{"uv":[9.5,9.0,9.625,9.75],"rotation":0,"texture":"#0","tintindex":0},"north":{"uv":[8.25,9.0,8.375,9.75],"rotation":0,"texture":"#0","tintindex":0},"west":{"uv":[8.375,9.0,9.5,9.75],"rotation":0,"texture":"#0","tintindex":0},"up":{"uv":[8.375,9.0,8.25,7.875],"rotation":0,"texture":"#0","tintindex":0},"down":{"uv":[8.5,7.875,8.375,9.0],"rotation":0,"texture":"#0","tintindex":0}}}],"display":{"head":{"translation":[0.0,-6.4,0.0],"scale":[4.0,4.0,4.0]}}}