{"textures":{"0":"modelengine:entity/dopel"},"elements":[{"from":[7.881287,6.76264,7.6102633],"to":[8.452716,7.334069,8.75312],"rotation":{"angle":0.0,"axis":"y","origin":[8.0,8.0,8.0]},"faces":{"east":{"uv":[3.0,6.75,3.25,6.875],"rotation":0,"texture":"#0","tintindex":0},"south":{"uv":[3.625,6.75,3.75,6.875],"rotation":0,"texture":"#0","tintindex":0},"north":{"uv":[3.25,6.75,3.375,6.875],"rotation":0,"texture":"#0","tintindex":0},"west":{"uv":[3.375,6.75,3.625,6.875],"rotation":0,"texture":"#0","tintindex":0},"up":{"uv":[3.375,6.75,3.25,6.5],"rotation":0,"texture":"#0","tintindex":0},"down":{"uv":[3.5,6.5,3.375,6.75],"rotation":0,"texture":"#0","tintindex":0}}}],"display":{"head":{"translation":[0.0,-6.4,0.0],"scale":[4.0,4.0,4.0]}}}