{"textures":{"0":"modelengine:entity/dopel"},"elements":[{"from":[7.6950912,7.1010504,8.599605],"to":[8.26652,8.243908,9.171034],"rotation":{"angle":0.0,"axis":"y","origin":[8.0,8.0,8.0]},"faces":{"east":{"uv":[1.5,9.75,1.625,10.0],"rotation":0,"texture":"#0","tintindex":0},"south":{"uv":[1.875,9.75,2.0,10.0],"rotation":0,"texture":"#0","tintindex":0},"north":{"uv":[1.625,9.75,1.75,10.0],"rotation":0,"texture":"#0","tintindex":0},"west":{"uv":[1.75,9.75,1.875,10.0],"rotation":0,"texture":"#0","tintindex":0},"up":{"uv":[1.75,9.75,1.625,9.625],"rotation":0,"texture":"#0","tintindex":0},"down":{"uv":[1.875,9.625,1.75,9.75],"rotation":0,"texture":"#0","tintindex":0}}}],"display":{"head":{"translation":[0.0,-6.4,0.0],"scale":[4.0,4.0,4.0]}}}