{"textures":{"0":"modelengine:entity/dopel"},"elements":[{"from":[7.435464,6.781945,5.142857],"to":[8.235464,9.410517,10.857143],"rotation":{"angle":0.0,"axis":"y","origin":[9.279637,-11.366638,8.393172]},"faces":{"east":{"uv":[7.875,1.25,9.125,1.75],"rotation":0,"texture":"#0","tintindex":0},"south":{"uv":[10.5,1.25,10.625,1.75],"rotation":0,"texture":"#0","tintindex":0},"north":{"uv":[9.125,1.25,9.25,1.75],"rotation":0,"texture":"#0","tintindex":0},"west":{"uv":[9.25,1.25,10.5,1.75],"rotation":0,"texture":"#0","tintindex":0},"up":{"uv":[9.25,1.25,9.125,0.0],"rotation":0,"texture":"#0","tintindex":0},"down":{"uv":[9.375,0.0,9.25,1.25],"rotation":0,"texture":"#0","tintindex":0}}}],"display":{"head":{"translation":[0.0,-6.4,0.0],"scale":[4.0,4.0,4.0]}}}