{"textures":{"0":"modelengine:entity/dopel"},"elements":[{"from":[7.714286,7.714286,7.428571],"to":[8.285714,8.285714,8.571428],"rotation":{"angle":0.0,"axis":"y","origin":[8.0,8.0,8.0]},"faces":{"east":{"uv":[7.875,1.125,8.125,1.25],"rotation":0,"texture":"#0","tintindex":0},"south":{"uv":[8.5,1.125,8.625,1.25],"rotation":0,"texture":"#0","tintindex":0},"north":{"uv":[8.125,1.125,8.25,1.25],"rotation":0,"texture":"#0","tintindex":0},"west":{"uv":[8.25,1.125,8.5,1.25],"rotation":0,"texture":"#0","tintindex":0},"up":{"uv":[8.25,1.125,8.125,0.875],"rotation":0,"texture":"#0","tintindex":0},"down":{"uv":[8.375,0.875,8.25,1.125],"rotation":0,"texture":"#0","tintindex":0}}}],"display":{"head":{"translation":[0.0,-6.4,0.0],"scale":[4.0,4.0,4.0]}}}