{"textures":{"0":"modelengine:entity/dopel"},"elements":[{"from":[7.885714,6.6857142,8.057143],"to":[8.685715,9.314285,8.057143],"rotation":{"angle":0.0,"axis":"y","origin":[8.0,8.0,8.0]},"faces":{"east":{"uv":[4.75,6.625,4.75,7.125],"rotation":0,"texture":"#0","tintindex":0},"south":{"uv":[4.875,6.625,5.0,7.125],"rotation":0,"texture":"#0","tintindex":0},"north":{"uv":[4.75,6.625,4.875,7.125],"rotation":0,"texture":"#0","tintindex":0},"west":{"uv":[4.875,6.625,4.875,7.125],"rotation":0,"texture":"#0","tintindex":0},"up":{"uv":[4.875,6.625,4.75,6.625],"rotation":0,"texture":"#0","tintindex":0},"down":{"uv":[5.0,6.625,4.875,6.625],"rotation":0,"texture":"#0","tintindex":0}}}],"display":{"head":{"translation":[0.0,-6.4,0.0],"scale":[4.0,4.0,4.0]}}}