{"textures":{"0":"modelengine:entity/dopel"},"elements":[{"from":[8.0,6.4,8.914286],"to":[8.0,9.6,10.057143],"rotation":{"angle":0.0,"axis":"y","origin":[8.0,8.0,9.485714]},"faces":{"east":{"uv":[0.75,7.875,1.0,8.5],"rotation":0,"texture":"#0","tintindex":0},"south":{"uv":[1.25,7.875,1.25,8.5],"rotation":0,"texture":"#0","tintindex":0},"north":{"uv":[1.0,7.875,1.0,8.5],"rotation":0,"texture":"#0","tintindex":0},"west":{"uv":[1.0,7.875,1.25,8.5],"rotation":0,"texture":"#0","tintindex":0},"up":{"uv":[1.0,7.875,1.0,7.625],"rotation":0,"texture":"#0","tintindex":0},"down":{"uv":[1.0,7.625,1.0,7.875],"rotation":0,"texture":"#0","tintindex":0}}}],"display":{"head":{"translation":[0.0,-6.4,0.0],"scale":[4.0,4.0,4.0]}}}