{"textures":{"0":"modelengine:entity/dopel"},"elements":[{"from":[8.377143,8.88,7.428571],"to":[9.52,10.022858,8.571428],"rotation":{"angle":0.0,"axis":"y","origin":[8.948571,9.451428,8.0]},"faces":{"east":{"uv":[4.0,10.875,4.25,11.125],"rotation":0,"texture":"#0","tintindex":0},"south":{"uv":[4.75,10.875,5.0,11.125],"rotation":0,"texture":"#0","tintindex":0},"north":{"uv":[4.25,10.875,4.5,11.125],"rotation":0,"texture":"#0","tintindex":0},"west":{"uv":[4.5,10.875,4.75,11.125],"rotation":0,"texture":"#0","tintindex":0},"up":{"uv":[4.5,10.875,4.25,10.625],"rotation":0,"texture":"#0","tintindex":0},"down":{"uv":[4.75,10.625,4.5,10.875],"rotation":0,"texture":"#0","tintindex":0}}},{"from":[6.1485715,8.08,7.428571],"to":[7.2914286,9.222857,8.571428],"rotation":{"angle":0.0,"axis":"y","origin":[6.72,8.651428,8.0]},"faces":{"east":{"uv":[10.5,10.25,10.75,10.5],"rotation":0,"texture":"#0","tintindex":0},"south":{"uv":[11.25,10.25,11.5,10.5],"rotation":0,"texture":"#0","tintindex":0},"north":{"uv":[10.75,10.25,11.0,10.5],"rotation":0,"texture":"#0","tintindex":0},"west":{"uv":[11.0,10.25,11.25,10.5],"rotation":0,"texture":"#0","tintindex":0},"up":{"uv":[11.0,10.25,10.75,10.0],"rotation":0,"texture":"#0","tintindex":0},"down":{"uv":[11.25,10.0,11.0,10.25],"rotation":0,"texture":"#0","tintindex":0}}},{"from":[6.0342855,6.3085713,7.428571],"to":[7.1771426,7.4514284,8.571428],"rotation":{"angle":0.0,"axis":"y","origin":[6.6057143,6.88,8.0]},"faces":{"east":{"uv":[4.25,10.375,4.5,10.625],"rotation":0,"texture":"#0","tintindex":0},"south":{"uv":[5.0,10.375,5.25,10.625],"rotation":0,"texture":"#0","tintindex":0},"north":{"uv":[4.5,10.375,4.75,10.625],"rotation":0,"texture":"#0","tintindex":0},"west":{"uv":[4.75,10.375,5.0,10.625],"rotation":0,"texture":"#0","tintindex":0},"up":{"uv":[4.75,10.375,4.5,10.125],"rotation":0,"texture":"#0","tintindex":0},"down":{"uv":[5.0,10.125,4.75,10.375],"rotation":0,"texture":"#0","tintindex":0}}},{"from":[7.5771427,6.48,7.428571],"to":[8.72,7.622857,8.571428],"rotation":{"angle":0.0,"axis":"y","origin":[8.148571,7.051429,8.0]},"faces":{"east":{"uv":[4.5,9.875,4.75,10.125],"rotation":0,"texture":"#0","tintindex":0},"south":{"uv":[5.25,9.875,5.5,10.125],"rotation":0,"texture":"#0","tintindex":0},"north":{"uv":[4.75,9.875,5.0,10.125],"rotation":0,"texture":"#0","tintindex":0},"west":{"uv":[5.0,9.875,5.25,10.125],"rotation":0,"texture":"#0","tintindex":0},"up":{"uv":[5.0,9.875,4.75,9.625],"rotation":0,"texture":"#0","tintindex":0},"down":{"uv":[5.25,9.625,5.0,9.875],"rotation":0,"texture":"#0","tintindex":0}}},{"from":[9.005714,7.3942857,7.428571],"to":[10.148571,8.537143,8.571428],"rotation":{"angle":0.0,"axis":"y","origin":[9.577143,7.9657145,8.0]},"faces":{"east":{"uv":[3.75,9.625,4.0,9.875],"rotation":0,"texture":"#0","tintindex":0},"south":{"uv":[4.5,9.625,4.75,9.875],"rotation":0,"texture":"#0","tintindex":0},"north":{"uv":[4.0,9.625,4.25,9.875],"rotation":0,"texture":"#0","tintindex":0},"west":{"uv":[4.25,9.625,4.5,9.875],"rotation":0,"texture":"#0","tintindex":0},"up":{"uv":[4.25,9.625,4.0,9.375],"rotation":0,"texture":"#0","tintindex":0},"down":{"uv":[4.5,9.375,4.25,9.625],"rotation":0,"texture":"#0","tintindex":0}}}],"display":{"head":{"translation":[0.0,-6.4,0.0],"scale":[4.0,4.0,4.0]}}}