{"textures":{"0":"modelengine:entity/dopel"},"elements":[{"from":[6.857143,5.428571,6.857143],"to":[9.142858,10.571428,9.142858],"rotation":{"angle":0.0,"axis":"y","origin":[8.0,8.0,8.0]},"faces":{"east":{"uv":[5.5,9.75,6.0,10.875],"rotation":0,"texture":"#0","tintindex":0},"south":{"uv":[7.0,9.75,7.5,10.875],"rotation":0,"texture":"#0","tintindex":0},"north":{"uv":[6.0,9.75,6.5,10.875],"rotation":0,"texture":"#0","tintindex":0},"west":{"uv":[6.5,9.75,7.0,10.875],"rotation":0,"texture":"#0","tintindex":0},"up":{"uv":[6.5,9.75,6.0,9.25],"rotation":0,"texture":"#0","tintindex":0},"down":{"uv":[7.0,9.25,6.5,9.75],"rotation":0,"texture":"#0","tintindex":0}}}],"display":{"head":{"translation":[0.0,-6.4,0.0],"scale":[4.0,4.0,4.0]}}}