{"textures":{"0":"modelengine:entity/knight"},"elements":[{"from":[5.2571425,0.5999999,8.0],"to":[10.285714,7.9142857,8.0],"rotation":{"angle":0.0,"axis":"y","origin":[8.0,7.9142857,8.0]},"faces":{"east":{"uv":[0.0,0.0,0.0,0.8125],"rotation":0,"texture":"#0","tintindex":0},"south":{"uv":[3.75,0.4375,4.3125,1.25],"rotation":0,"texture":"#0","tintindex":0},"north":{"uv":[4.3125,0.4375,3.75,1.25],"rotation":0,"texture":"#0","tintindex":0},"west":{"uv":[0.0,0.0,0.0,0.8125],"rotation":0,"texture":"#0","tintindex":0},"up":{"uv":[0.5625,0.0,0.0,0.0],"rotation":0,"texture":"#0","tintindex":0},"down":{"uv":[0.5625,0.0,0.0,0.0],"rotation":0,"texture":"#0","tintindex":0}}}],"display":{"head":{"translation":[0.0,-6.4,0.0],"scale":[4.0,4.0,4.0]}}}