{"textures":{"0":"modelengine:entity/knight"},"elements":[{"from":[5.942857,11.228572,6.1714287],"to":[10.057143,13.742857,9.142858],"rotation":{"angle":0.0,"axis":"y","origin":[8.685715,11.457143,6.1714287]},"faces":{"east":{"uv":[7.0,2.1875,7.3125,2.4375],"rotation":0,"texture":"#0","tintindex":0},"south":{"uv":[6.125,4.3125,6.5625,4.5625],"rotation":0,"texture":"#0","tintindex":0},"north":{"uv":[5.3125,4.5625,5.75,4.8125],"rotation":0,"texture":"#0","tintindex":0},"west":{"uv":[2.3125,7.0,2.625,7.25],"rotation":0,"texture":"#0","tintindex":0},"up":{"uv":[5.9375,2.25,5.5,1.9375],"rotation":0,"texture":"#0","tintindex":0},"down":{"uv":[2.4375,5.5,2.0,5.8125],"rotation":0,"texture":"#0","tintindex":0}}},{"from":[7.3142858,12.371429,5.6],"to":[8.685715,14.657143,7.0857143],"rotation":{"angle":0.0,"axis":"y","origin":[8.685715,11.457143,6.1714287]},"faces":{"east":{"uv":[7.125,7.625,7.3125,7.875],"rotation":0,"texture":"#0","tintindex":0},"south":{"uv":[4.6875,6.4375,4.8125,6.6875],"rotation":0,"texture":"#0","tintindex":0},"north":{"uv":[2.875,6.4375,3.0,6.6875],"rotation":0,"texture":"#0","tintindex":0},"west":{"uv":[1.375,7.6875,1.5625,7.9375],"rotation":0,"texture":"#0","tintindex":0},"up":{"uv":[3.25,8.5625,3.125,8.375],"rotation":0,"texture":"#0","tintindex":0},"down":{"uv":[4.3125,8.375,4.1875,8.5625],"rotation":0,"texture":"#0","tintindex":0}}},{"from":[7.542857,14.314286,5.8285713],"to":[8.457143,15.8,6.742857],"rotation":{"angle":22.5,"axis":"x","origin":[8.685715,15.114286,6.1714287]},"faces":{"east":{"uv":[8.375,4.5625,8.5,4.75],"rotation":0,"texture":"#0","tintindex":0},"south":{"uv":[7.3125,8.375,7.4375,8.5625],"rotation":0,"texture":"#0","tintindex":0},"north":{"uv":[8.375,4.1875,8.5,4.375],"rotation":0,"texture":"#0","tintindex":0},"west":{"uv":[8.4375,0.5,8.5625,0.6875],"rotation":0,"texture":"#0","tintindex":0},"up":{"uv":[8.8125,0.375,8.6875,0.25],"rotation":0,"texture":"#0","tintindex":0},"down":{"uv":[0.5,8.6875,0.375,8.8125],"rotation":0,"texture":"#0","tintindex":0}}},{"from":[7.7714286,15.8,6.285714],"to":[8.228572,16.942858,6.857143],"rotation":{"angle":22.5,"axis":"x","origin":[8.685715,16.028572,6.1714287]},"faces":{"east":{"uv":[1.9375,8.8125,2.0,8.9375],"rotation":0,"texture":"#0","tintindex":0},"south":{"uv":[2.0,8.8125,2.0625,8.9375],"rotation":0,"texture":"#0","tintindex":0},"north":{"uv":[3.1875,8.5625,3.25,8.6875],"rotation":0,"texture":"#0","tintindex":0},"west":{"uv":[8.8125,2.25,8.875,2.375],"rotation":0,"texture":"#0","tintindex":0},"up":{"uv":[7.6875,0.625,7.625,0.5625],"rotation":0,"texture":"#0","tintindex":0},"down":{"uv":[1.4375,7.625,1.375,7.6875],"rotation":0,"texture":"#0","tintindex":0}}},{"from":[5.485714,12.828571,7.542857],"to":[6.857143,14.428572,8.914286],"rotation":{"angle":0.0,"axis":"y","origin":[8.685715,11.457143,6.1714287]},"faces":{"east":{"uv":[2.125,8.4375,2.25,8.625],"rotation":0,"texture":"#0","tintindex":0},"south":{"uv":[4.625,8.4375,4.75,8.625],"rotation":0,"texture":"#0","tintindex":0},"north":{"uv":[8.4375,0.6875,8.5625,0.875],"rotation":0,"texture":"#0","tintindex":0},"west":{"uv":[8.4375,4.75,8.5625,4.9375],"rotation":0,"texture":"#0","tintindex":0},"up":{"uv":[8.8125,0.625,8.6875,0.5],"rotation":0,"texture":"#0","tintindex":0},"down":{"uv":[8.8125,0.625,8.6875,0.75],"rotation":0,"texture":"#0","tintindex":0}}},{"from":[5.6,14.428572,7.885714],"to":[6.285714,15.571428,8.571428],"rotation":{"angle":22.5,"axis":"x","origin":[5.942857,14.657143,8.0]},"faces":{"east":{"uv":[8.8125,2.375,8.875,2.5],"rotation":0,"texture":"#0","tintindex":0},"south":{"uv":[8.8125,2.5,8.875,2.625],"rotation":0,"texture":"#0","tintindex":0},"north":{"uv":[2.3125,8.8125,2.375,8.9375],"rotation":0,"texture":"#0","tintindex":0},"west":{"uv":[2.6875,8.8125,2.75,8.9375],"rotation":0,"texture":"#0","tintindex":0},"up":{"uv":[5.4375,7.6875,5.375,7.625],"rotation":0,"texture":"#0","tintindex":0},"down":{"uv":[7.8125,3.625,7.75,3.6875],"rotation":0,"texture":"#0","tintindex":0}}},{"from":[9.714286,14.428572,7.885714],"to":[10.4,15.571428,8.571428],"rotation":{"angle":22.5,"axis":"x","origin":[10.057143,14.657143,8.0]},"faces":{"east":{"uv":[2.9375,8.8125,3.0,8.9375],"rotation":0,"texture":"#0","tintindex":0},"south":{"uv":[3.0,8.8125,3.0625,8.9375],"rotation":0,"texture":"#0","tintindex":0},"north":{"uv":[2.75,8.8125,2.8125,8.9375],"rotation":0,"texture":"#0","tintindex":0},"west":{"uv":[3.1875,8.8125,3.25,8.9375],"rotation":0,"texture":"#0","tintindex":0},"up":{"uv":[1.75,7.875,1.6875,7.8125],"rotation":0,"texture":"#0","tintindex":0},"down":{"uv":[7.875,3.875,7.8125,3.9375],"rotation":0,"texture":"#0","tintindex":0}}},{"from":[7.6571426,14.885715,9.3714285],"to":[8.342857,15.571428,10.057143],"rotation":{"angle":22.5,"axis":"x","origin":[10.057143,14.657143,8.0]},"faces":{"east":{"uv":[8.125,4.625,8.1875,4.6875],"rotation":0,"texture":"#0","tintindex":0},"south":{"uv":[8.1875,0.9375,8.25,1.0],"rotation":0,"texture":"#0","tintindex":0},"north":{"uv":[7.875,4.25,7.9375,4.3125],"rotation":0,"texture":"#0","tintindex":0},"west":{"uv":[8.1875,3.8125,8.25,3.875],"rotation":0,"texture":"#0","tintindex":0},"up":{"uv":[8.25,6.5,8.1875,6.4375],"rotation":0,"texture":"#0","tintindex":0},"down":{"uv":[8.3125,6.5625,8.25,6.625],"rotation":0,"texture":"#0","tintindex":0}}},{"from":[9.142858,12.828571,7.542857],"to":[10.514286,14.428572,8.914286],"rotation":{"angle":0.0,"axis":"y","origin":[7.3142858,11.457143,6.1714287]},"faces":{"east":{"uv":[5.6875,8.4375,5.8125,8.625],"rotation":0,"texture":"#0","tintindex":0},"south":{"uv":[5.8125,8.4375,5.9375,8.625],"rotation":0,"texture":"#0","tintindex":0},"north":{"uv":[5.5625,8.4375,5.6875,8.625],"rotation":0,"texture":"#0","tintindex":0},"west":{"uv":[5.9375,8.4375,6.0625,8.625],"rotation":0,"texture":"#0","tintindex":0},"up":{"uv":[8.8125,0.875,8.6875,0.75],"rotation":0,"texture":"#0","tintindex":0},"down":{"uv":[1.8125,8.6875,1.6875,8.8125],"rotation":0,"texture":"#0","tintindex":0}}},{"from":[6.9714284,9.6285715,5.714286],"to":[9.028571,12.828571,7.885714],"rotation":{"angle":0.0,"axis":"y","origin":[8.685715,11.457143,6.1714287]},"faces":{"east":{"uv":[3.125,6.6875,3.375,7.0625],"rotation":0,"texture":"#0","tintindex":0},"south":{"uv":[3.375,6.6875,3.625,7.0625],"rotation":0,"texture":"#0","tintindex":0},"north":{"uv":[2.875,6.6875,3.125,7.0625],"rotation":0,"texture":"#0","tintindex":0},"west":{"uv":[6.6875,3.5625,6.9375,3.9375],"rotation":0,"texture":"#0","tintindex":0},"up":{"uv":[6.6875,7.5625,6.4375,7.3125],"rotation":0,"texture":"#0","tintindex":0},"down":{"uv":[7.5625,7.25,7.3125,7.5],"rotation":0,"texture":"#0","tintindex":0}}},{"from":[5.8285713,10.428572,5.142857],"to":[8.457143,12.714286,5.6],"rotation":{"angle":22.5,"axis":"y","origin":[7.0857143,11.457143,6.1714287]},"faces":{"east":{"uv":[5.1875,5.9375,5.25,6.1875],"rotation":0,"texture":"#0","tintindex":0},"south":{"uv":[7.0,5.0,7.3125,5.25],"rotation":0,"texture":"#0","tintindex":0},"north":{"uv":[7.0,2.4375,7.3125,2.6875],"rotation":0,"texture":"#0","tintindex":0},"west":{"uv":[4.4375,6.5625,4.5,6.8125],"rotation":0,"texture":"#0","tintindex":0},"up":{"uv":[6.375,1.4375,6.0625,1.375],"rotation":0,"texture":"#0","tintindex":0},"down":{"uv":[8.0,5.8125,7.6875,5.875],"rotation":0,"texture":"#0","tintindex":0}}},{"from":[5.8285713,12.714286,5.142857],"to":[7.0857143,13.171429,5.6],"rotation":{"angle":22.5,"axis":"y","origin":[7.0857143,11.457143,6.1714287]},"faces":{"east":{"uv":[8.25,7.0625,8.3125,7.125],"rotation":0,"texture":"#0","tintindex":0},"south":{"uv":[7.375,4.9375,7.5,5.0],"rotation":0,"texture":"#0","tintindex":0},"north":{"uv":[7.375,1.5,7.5,1.5625],"rotation":0,"texture":"#0","tintindex":0},"west":{"uv":[8.3125,4.5625,8.375,4.625],"rotation":0,"texture":"#0","tintindex":0},"up":{"uv":[7.6875,7.5,7.5625,7.4375],"rotation":0,"texture":"#0","tintindex":0},"down":{"uv":[7.875,6.5,7.75,6.5625],"rotation":0,"texture":"#0","tintindex":0}}},{"from":[8.914286,12.714286,5.142857],"to":[10.171429,13.171429,5.6],"rotation":{"angle":-22.5,"axis":"y","origin":[8.914286,11.457143,6.1714287]},"faces":{"east":{"uv":[8.375,4.75,8.4375,4.8125],"rotation":0,"texture":"#0","tintindex":0},"south":{"uv":[1.5625,8.1875,1.6875,8.25],"rotation":0,"texture":"#0","tintindex":0},"north":{"uv":[7.875,6.625,8.0,6.6875],"rotation":0,"texture":"#0","tintindex":0},"west":{"uv":[7.4375,8.375,7.5,8.4375],"rotation":0,"texture":"#0","tintindex":0},"up":{"uv":[8.375,1.25,8.25,1.1875],"rotation":0,"texture":"#0","tintindex":0},"down":{"uv":[8.375,3.5625,8.25,3.625],"rotation":0,"texture":"#0","tintindex":0}}},{"from":[7.542857,10.428572,5.142857],"to":[10.171429,12.714286,5.6],"rotation":{"angle":-22.5,"axis":"y","origin":[8.914286,11.457143,6.1714287]},"faces":{"east":{"uv":[6.75,1.9375,6.8125,2.1875],"rotation":0,"texture":"#0","tintindex":0},"south":{"uv":[7.0,5.5,7.3125,5.75],"rotation":0,"texture":"#0","tintindex":0},"north":{"uv":[7.0,5.25,7.3125,5.5],"rotation":0,"texture":"#0","tintindex":0},"west":{"uv":[0.125,7.0,0.1875,7.25],"rotation":0,"texture":"#0","tintindex":0},"up":{"uv":[8.0625,0.4375,7.75,0.375],"rotation":0,"texture":"#0","tintindex":0},"down":{"uv":[8.25,2.9375,7.9375,3.0],"rotation":0,"texture":"#0","tintindex":0}}},{"from":[7.7714286,8.714286,5.714286],"to":[9.485714,10.657143,6.1714287],"rotation":{"angle":-45.0,"axis":"y","origin":[8.914286,11.457143,6.1714287]},"faces":{"east":{"uv":[8.75,6.25,8.8125,6.4375],"rotation":0,"texture":"#0","tintindex":0},"south":{"uv":[3.6875,8.0625,3.875,8.25],"rotation":0,"texture":"#0","tintindex":0},"north":{"uv":[3.5,8.0625,3.6875,8.25],"rotation":0,"texture":"#0","tintindex":0},"west":{"uv":[6.3125,8.75,6.375,8.9375],"rotation":0,"texture":"#0","tintindex":0},"up":{"uv":[4.6875,7.0625,4.5,7.0],"rotation":0,"texture":"#0","tintindex":0},"down":{"uv":[8.25,2.1875,8.0625,2.25],"rotation":0,"texture":"#0","tintindex":0}}},{"from":[7.7714286,7.2285714,5.714286],"to":[8.685715,8.714286,6.1714287],"rotation":{"angle":-45.0,"axis":"y","origin":[8.914286,11.457143,6.1714287]},"faces":{"east":{"uv":[6.375,8.75,6.4375,8.9375],"rotation":0,"texture":"#0","tintindex":0},"south":{"uv":[6.4375,8.4375,6.5625,8.625],"rotation":0,"texture":"#0","tintindex":0},"north":{"uv":[8.4375,6.0625,8.5625,6.25],"rotation":0,"texture":"#0","tintindex":0},"west":{"uv":[6.4375,8.75,6.5,8.9375],"rotation":0,"texture":"#0","tintindex":0},"up":{"uv":[8.4375,7.25,8.3125,7.1875],"rotation":0,"texture":"#0","tintindex":0},"down":{"uv":[8.5625,6.25,8.4375,6.3125],"rotation":0,"texture":"#0","tintindex":0}}},{"from":[7.3142858,7.2285714,5.714286],"to":[8.228572,8.714286,6.1714287],"rotation":{"angle":45.0,"axis":"y","origin":[7.0857143,11.457143,6.1714287]},"faces":{"east":{"uv":[6.5,8.75,6.5625,8.9375],"rotation":0,"texture":"#0","tintindex":0},"south":{"uv":[7.4375,8.4375,7.5625,8.625],"rotation":0,"texture":"#0","tintindex":0},"north":{"uv":[6.5625,8.4375,6.6875,8.625],"rotation":0,"texture":"#0","tintindex":0},"west":{"uv":[6.5625,8.75,6.625,8.9375],"rotation":0,"texture":"#0","tintindex":0},"up":{"uv":[8.9375,2.6875,8.8125,2.625],"rotation":0,"texture":"#0","tintindex":0},"down":{"uv":[8.9375,3.1875,8.8125,3.25],"rotation":0,"texture":"#0","tintindex":0}}},{"from":[6.5142856,8.714286,5.714286],"to":[8.228572,10.657143,6.1714287],"rotation":{"angle":45.0,"axis":"y","origin":[7.0857143,11.457143,6.1714287]},"faces":{"east":{"uv":[6.625,8.75,6.6875,8.9375],"rotation":0,"texture":"#0","tintindex":0},"south":{"uv":[8.0625,3.875,8.25,4.0625],"rotation":0,"texture":"#0","tintindex":0},"north":{"uv":[3.875,8.0625,4.0625,8.25],"rotation":0,"texture":"#0","tintindex":0},"west":{"uv":[8.75,7.0625,8.8125,7.25],"rotation":0,"texture":"#0","tintindex":0},"up":{"uv":[8.25,3.375,8.0625,3.3125],"rotation":0,"texture":"#0","tintindex":0},"down":{"uv":[8.25,4.0625,8.0625,4.125],"rotation":0,"texture":"#0","tintindex":0}}},{"from":[9.257143,10.085714,4.9142857],"to":[10.171429,13.857143,5.485714],"rotation":{"angle":-22.5,"axis":"y","origin":[7.3142858,11.457143,6.1714287]},"faces":{"east":{"uv":[6.25,8.3125,6.3125,8.75],"rotation":0,"texture":"#0","tintindex":0},"south":{"uv":[6.4375,7.5625,6.5625,8.0],"rotation":0,"texture":"#0","tintindex":0},"north":{"uv":[5.125,7.4375,5.25,7.875],"rotation":0,"texture":"#0","tintindex":0},"west":{"uv":[7.125,8.3125,7.1875,8.75],"rotation":0,"texture":"#0","tintindex":0},"up":{"uv":[3.375,8.875,3.25,8.8125],"rotation":0,"texture":"#0","tintindex":0},"down":{"uv":[8.9375,3.25,8.8125,3.3125],"rotation":0,"texture":"#0","tintindex":0}}},{"from":[10.285714,11.0,6.6285715],"to":[11.2,14.657143,7.0857143],"rotation":{"angle":-45.0,"axis":"y","origin":[10.514286,11.457143,6.4]},"faces":{"east":{"uv":[3.8125,2.5625,3.875,2.9375],"rotation":0,"texture":"#0","tintindex":0},"south":{"uv":[2.3125,5.8125,2.4375,6.1875],"rotation":0,"texture":"#0","tintindex":0},"north":{"uv":[1.375,5.8125,1.5,6.1875],"rotation":0,"texture":"#0","tintindex":0},"west":{"uv":[4.625,1.1875,4.6875,1.5625],"rotation":0,"texture":"#0","tintindex":0},"up":{"uv":[3.5,8.875,3.375,8.8125],"rotation":0,"texture":"#0","tintindex":0},"down":{"uv":[3.625,8.8125,3.5,8.875],"rotation":0,"texture":"#0","tintindex":0}}},{"from":[4.8,11.0,6.6285715],"to":[5.714286,14.657143,7.0857143],"rotation":{"angle":45.0,"axis":"y","origin":[5.485714,11.457143,6.4]},"faces":{"east":{"uv":[1.4375,5.125,1.5,5.5],"rotation":0,"texture":"#0","tintindex":0},"south":{"uv":[6.1875,7.625,6.3125,8.0],"rotation":0,"texture":"#0","tintindex":0},"north":{"uv":[4.125,6.1875,4.25,6.5625],"rotation":0,"texture":"#0","tintindex":0},"west":{"uv":[5.625,5.75,5.6875,6.125],"rotation":0,"texture":"#0","tintindex":0},"up":{"uv":[3.75,8.875,3.625,8.8125],"rotation":0,"texture":"#0","tintindex":0},"down":{"uv":[3.875,8.8125,3.75,8.875],"rotation":0,"texture":"#0","tintindex":0}}},{"from":[5.8285713,10.085714,4.9142857],"to":[6.742857,13.857143,5.485714],"rotation":{"angle":22.5,"axis":"y","origin":[8.685715,11.457143,6.1714287]},"faces":{"east":{"uv":[7.1875,8.3125,7.25,8.75],"rotation":0,"texture":"#0","tintindex":0},"south":{"uv":[0.0,7.625,0.125,8.0625],"rotation":0,"texture":"#0","tintindex":0},"north":{"uv":[6.5625,7.5625,6.6875,8.0],"rotation":0,"texture":"#0","tintindex":0},"west":{"uv":[7.25,8.3125,7.3125,8.75],"rotation":0,"texture":"#0","tintindex":0},"up":{"uv":[4.125,8.875,4.0,8.8125],"rotation":0,"texture":"#0","tintindex":0},"down":{"uv":[8.9375,4.0,8.8125,4.0625],"rotation":0,"texture":"#0","tintindex":0}}},{"from":[9.3714285,10.771429,6.9714284],"to":[10.285714,14.314286,8.457143],"rotation":{"angle":22.5,"axis":"x","origin":[10.514286,11.457143,6.4]},"faces":{"east":{"uv":[2.1875,7.25,2.375,7.625],"rotation":0,"texture":"#0","tintindex":0},"south":{"uv":[2.5625,7.6875,2.6875,8.0625],"rotation":0,"texture":"#0","tintindex":0},"north":{"uv":[0.5,7.6875,0.625,8.0625],"rotation":0,"texture":"#0","tintindex":0},"west":{"uv":[2.375,7.25,2.5625,7.625],"rotation":0,"texture":"#0","tintindex":0},"up":{"uv":[7.6875,8.625,7.5625,8.4375],"rotation":0,"texture":"#0","tintindex":0},"down":{"uv":[8.1875,8.4375,8.0625,8.625],"rotation":0,"texture":"#0","tintindex":0}}},{"from":[7.542857,10.771429,8.8],"to":[8.457143,14.314286,10.285714],"rotation":{"angle":0.0,"axis":"y","origin":[10.514286,11.457143,6.4]},"faces":{"east":{"uv":[5.25,7.25,5.4375,7.625],"rotation":0,"texture":"#0","tintindex":0},"south":{"uv":[3.875,7.6875,4.0,8.0625],"rotation":0,"texture":"#0","tintindex":0},"north":{"uv":[3.75,7.6875,3.875,8.0625],"rotation":0,"texture":"#0","tintindex":0},"west":{"uv":[7.125,7.25,7.3125,7.625],"rotation":0,"texture":"#0","tintindex":0},"up":{"uv":[8.3125,8.625,8.1875,8.4375],"rotation":0,"texture":"#0","tintindex":0},"down":{"uv":[8.4375,8.4375,8.3125,8.625],"rotation":0,"texture":"#0","tintindex":0}}},{"from":[6.0571427,9.971429,8.8],"to":[6.857143,11.914286,9.6],"rotation":{"angle":0.0,"axis":"y","origin":[10.514286,11.457143,6.4]},"faces":{"east":{"uv":[7.1875,8.75,7.25,8.9375],"rotation":0,"texture":"#0","tintindex":0},"south":{"uv":[7.25,8.75,7.3125,8.9375],"rotation":0,"texture":"#0","tintindex":0},"north":{"uv":[7.125,8.75,7.1875,8.9375],"rotation":0,"texture":"#0","tintindex":0},"west":{"uv":[8.75,7.25,8.8125,7.4375],"rotation":0,"texture":"#0","tintindex":0},"up":{"uv":[8.5,0.9375,8.4375,0.875],"rotation":0,"texture":"#0","tintindex":0},"down":{"uv":[3.125,8.5,3.0625,8.5625],"rotation":0,"texture":"#0","tintindex":0}}},{"from":[9.142858,9.971429,8.8],"to":[9.942858,11.914286,9.6],"rotation":{"angle":0.0,"axis":"y","origin":[5.485714,11.457143,6.4]},"faces":{"east":{"uv":[7.375,8.75,7.4375,8.9375],"rotation":0,"texture":"#0","tintindex":0},"south":{"uv":[7.4375,8.75,7.5,8.9375],"rotation":0,"texture":"#0","tintindex":0},"north":{"uv":[7.3125,8.75,7.375,8.9375],"rotation":0,"texture":"#0","tintindex":0},"west":{"uv":[7.5,8.75,7.5625,8.9375],"rotation":0,"texture":"#0","tintindex":0},"up":{"uv":[5.125,8.5625,5.0625,8.5],"rotation":0,"texture":"#0","tintindex":0},"down":{"uv":[8.5625,7.625,8.5,7.6875],"rotation":0,"texture":"#0","tintindex":0}}},{"from":[7.6571426,9.514286,9.6],"to":[8.342857,11.457143,10.285714],"rotation":{"angle":-22.5,"axis":"x","origin":[5.485714,10.542857,10.057143]},"faces":{"east":{"uv":[7.625,8.75,7.6875,8.9375],"rotation":0,"texture":"#0","tintindex":0},"south":{"uv":[8.75,7.75,8.8125,7.9375],"rotation":0,"texture":"#0","tintindex":0},"north":{"uv":[7.5625,8.75,7.625,8.9375],"rotation":0,"texture":"#0","tintindex":0},"west":{"uv":[7.8125,8.75,7.875,8.9375],"rotation":0,"texture":"#0","tintindex":0},"up":{"uv":[6.1875,8.625,6.125,8.5625],"rotation":0,"texture":"#0","tintindex":0},"down":{"uv":[8.75,4.5,8.6875,4.5625],"rotation":0,"texture":"#0","tintindex":0}}},{"from":[6.6285715,11.571428,8.8],"to":[7.542857,13.857143,9.828571],"rotation":{"angle":0.0,"axis":"y","origin":[10.514286,11.457143,6.4]},"faces":{"east":{"uv":[6.625,0.6875,6.75,0.9375],"rotation":0,"texture":"#0","tintindex":0},"south":{"uv":[7.4375,3.9375,7.5625,4.1875],"rotation":0,"texture":"#0","tintindex":0},"north":{"uv":[6.625,0.0,6.75,0.25],"rotation":0,"texture":"#0","tintindex":0},"west":{"uv":[0.625,8.125,0.75,8.375],"rotation":0,"texture":"#0","tintindex":0},"up":{"uv":[8.8125,1.9375,8.6875,1.8125],"rotation":0,"texture":"#0","tintindex":0},"down":{"uv":[2.0625,8.6875,1.9375,8.8125],"rotation":0,"texture":"#0","tintindex":0}}},{"from":[8.457143,11.571428,8.8],"to":[9.3714285,13.857143,9.828571],"rotation":{"angle":0.0,"axis":"y","origin":[5.485714,11.457143,6.4]},"faces":{"east":{"uv":[2.125,8.1875,2.25,8.4375],"rotation":0,"texture":"#0","tintindex":0},"south":{"uv":[4.625,8.1875,4.75,8.4375],"rotation":0,"texture":"#0","tintindex":0},"north":{"uv":[0.9375,8.125,1.0625,8.375],"rotation":0,"texture":"#0","tintindex":0},"west":{"uv":[1.6875,8.25,1.8125,8.5],"rotation":0,"texture":"#0","tintindex":0},"up":{"uv":[2.375,8.8125,2.25,8.6875],"rotation":0,"texture":"#0","tintindex":0},"down":{"uv":[8.8125,2.5625,8.6875,2.6875],"rotation":0,"texture":"#0","tintindex":0}}},{"from":[5.714286,10.771429,6.9714284],"to":[6.6285715,14.314286,8.457143],"rotation":{"angle":22.5,"axis":"x","origin":[5.485714,11.457143,6.4]},"faces":{"east":{"uv":[7.3125,0.75,7.5,1.125],"rotation":0,"texture":"#0","tintindex":0},"south":{"uv":[4.125,7.6875,4.25,8.0625],"rotation":0,"texture":"#0","tintindex":0},"north":{"uv":[4.0,7.6875,4.125,8.0625],"rotation":0,"texture":"#0","tintindex":0},"west":{"uv":[7.3125,1.125,7.5,1.5],"rotation":0,"texture":"#0","tintindex":0},"up":{"uv":[8.5625,8.625,8.4375,8.4375],"rotation":0,"texture":"#0","tintindex":0},"down":{"uv":[0.125,8.5,0.0,8.6875],"rotation":0,"texture":"#0","tintindex":0}}}],"display":{"head":{"translation":[0.0,-6.4,0.0],"scale":[4.0,4.0,4.0]}}}