{"textures":{"0":"modelengine:entity/chaos"},"elements":[{"from":[6.0571427,3.4285712,7.3142858],"to":[8.342857,4.5714283,10.742857],"rotation":{"angle":0.0,"axis":"y","origin":[7.2,3.4285712,10.171429]},"faces":{"east":{"uv":[6.875,5.75,7.625,6.0],"rotation":0,"texture":"#0","tintindex":0},"south":{"uv":[8.875,5.75,9.375,6.0],"rotation":0,"texture":"#0","tintindex":0},"north":{"uv":[7.625,5.75,8.125,6.0],"rotation":0,"texture":"#0","tintindex":0},"west":{"uv":[8.125,5.75,8.875,6.0],"rotation":0,"texture":"#0","tintindex":0},"up":{"uv":[8.125,5.75,7.625,5.0],"rotation":0,"texture":"#0","tintindex":0},"down":{"uv":[8.625,5.0,8.125,5.75],"rotation":0,"texture":"#0","tintindex":0}}}],"display":{"head":{"translation":[0.0,-6.4,0.0],"scale":[4.0,4.0,4.0]}}}