{"textures":{"0":"modelengine:entity/chaos"},"elements":[{"from":[7.428571,6.285714,7.714286],"to":[8.571428,8.571428,8.857143],"rotation":{"angle":0.0,"axis":"y","origin":[8.0,9.542857,9.3714285]},"faces":{"east":{"uv":[2.75,8.375,3.0,8.875],"rotation":0,"texture":"#0","tintindex":0},"south":{"uv":[3.5,8.375,3.75,8.875],"rotation":0,"texture":"#0","tintindex":0},"north":{"uv":[3.0,8.375,3.25,8.875],"rotation":0,"texture":"#0","tintindex":0},"west":{"uv":[3.25,8.375,3.5,8.875],"rotation":0,"texture":"#0","tintindex":0},"up":{"uv":[3.25,8.375,3.0,8.125],"rotation":0,"texture":"#0","tintindex":0},"down":{"uv":[3.5,8.125,3.25,8.375],"rotation":0,"texture":"#0","tintindex":0}}}],"display":{"head":{"translation":[0.0,-6.4,0.0],"scale":[4.0,4.0,4.0]}}}