{"textures":{"0":"modelengine:entity/chaos"},"elements":[{"from":[5.714286,6.285714,6.5714283],"to":[10.285714,9.714286,9.428572],"rotation":{"angle":0.0,"axis":"y","origin":[8.0,-8.464077,6.0616965]},"faces":{"east":{"uv":[0.0,5.0,0.625,5.75],"rotation":0,"texture":"#0","tintindex":0},"south":{"uv":[2.25,5.0,3.25,5.75],"rotation":0,"texture":"#0","tintindex":0},"north":{"uv":[0.625,5.0,1.625,5.75],"rotation":0,"texture":"#0","tintindex":0},"west":{"uv":[1.625,5.0,2.25,5.75],"rotation":0,"texture":"#0","tintindex":0},"up":{"uv":[1.625,5.0,0.625,4.375],"rotation":0,"texture":"#0","tintindex":0},"down":{"uv":[2.625,4.375,1.625,5.0],"rotation":0,"texture":"#0","tintindex":0}}},{"from":[8.971429,8.342857,6.1714287],"to":[10.114286,9.485714,7.3142858],"rotation":{"angle":0.0,"axis":"y","origin":[8.0,8.0,8.0]},"faces":{"east":{"uv":[5.375,4.0,5.625,4.25],"rotation":0,"texture":"#0","tintindex":0},"south":{"uv":[6.125,4.0,6.375,4.25],"rotation":0,"texture":"#0","tintindex":0},"north":{"uv":[5.625,4.0,5.875,4.25],"rotation":0,"texture":"#0","tintindex":0},"west":{"uv":[5.875,4.0,6.125,4.25],"rotation":0,"texture":"#0","tintindex":0},"up":{"uv":[5.875,4.0,5.625,3.75],"rotation":0,"texture":"#0","tintindex":0},"down":{"uv":[6.125,3.75,5.875,4.0],"rotation":0,"texture":"#0","tintindex":0}}},{"from":[9.542857,9.142858,6.1714287],"to":[10.114286,10.857143,6.742857],"rotation":{"angle":0.0,"axis":"y","origin":[8.0,8.0,8.0]},"faces":{"east":{"uv":[5.75,1.125,5.875,1.5],"rotation":0,"texture":"#0","tintindex":0},"south":{"uv":[6.125,1.125,6.25,1.5],"rotation":0,"texture":"#0","tintindex":0},"north":{"uv":[5.875,1.125,6.0,1.5],"rotation":0,"texture":"#0","tintindex":0},"west":{"uv":[6.0,1.125,6.125,1.5],"rotation":0,"texture":"#0","tintindex":0},"up":{"uv":[6.0,1.125,5.875,1.0],"rotation":0,"texture":"#0","tintindex":0},"down":{"uv":[6.125,1.0,6.0,1.125],"rotation":0,"texture":"#0","tintindex":0}}}],"display":{"head":{"translation":[0.0,-6.4,0.0],"scale":[4.0,4.0,4.0]}}}