{"textures":{"0":"modelengine:entity/chaos"},"elements":[{"from":[7.428571,2.2857141,6.857143],"to":[9.714286,9.142858,9.142858],"rotation":{"angle":0.0,"axis":"y","origin":[5.142857,-4.5714293,8.0]},"faces":{"east":{"uv":[2.75,5.75,3.25,7.25],"rotation":0,"texture":"#0","tintindex":0},"south":{"uv":[4.25,5.75,4.75,7.25],"rotation":0,"texture":"#0","tintindex":0},"north":{"uv":[3.25,5.75,3.75,7.25],"rotation":0,"texture":"#0","tintindex":0},"west":{"uv":[3.75,5.75,4.25,7.25],"rotation":0,"texture":"#0","tintindex":0},"up":{"uv":[3.75,5.75,3.25,5.25],"rotation":0,"texture":"#0","tintindex":0},"down":{"uv":[4.25,5.25,3.75,5.75],"rotation":0,"texture":"#0","tintindex":0}}}],"display":{"head":{"translation":[0.0,-6.4,0.0],"scale":[4.0,4.0,4.0]}}}