{"textures":{"0":"modelengine:entity/rpg_skeleton"},"elements":[{"from":[7.428571,8.0,7.428571],"to":[8.571428,9.142858,8.571428],"rotation":{"angle":0.0,"axis":"y","origin":[8.0,8.0,8.0]},"faces":{"east":{"uv":[5.75,5.75,6.25,6.25],"rotation":0,"texture":"#0","tintindex":0},"south":{"uv":[5.75,5.75,6.25,6.25],"rotation":0,"texture":"#0","tintindex":0},"north":{"uv":[5.75,5.75,6.25,6.25],"rotation":0,"texture":"#0","tintindex":0},"west":{"uv":[5.75,5.75,6.25,6.25],"rotation":0,"texture":"#0","tintindex":0},"up":{"uv":[5.75,5.75,6.25,6.25],"rotation":0,"texture":"#0","tintindex":0},"down":{"uv":[5.75,5.75,6.25,6.25],"rotation":0,"texture":"#0","tintindex":0}}}],"display":{"head":{"translation":[0.0,-6.4,0.0],"scale":[4.0,4.0,4.0]}}}