{"textures":{"0":"modelengine:entity/reaper"},"elements":[{"from":[7.885143,0.055713654,12.331072],"to":[7.885143,1.7785711,13.8625],"rotation":{"angle":0.0,"axis":"y","origin":[2.2571425,17.188572,7.417738]},"faces":{"east":{"uv":[7.4375,3.125,7.625,3.3125],"rotation":0,"texture":"#0","tintindex":0},"south":{"uv":[0.0,0.0,0.0,0.1875],"rotation":0,"texture":"#0","tintindex":0},"north":{"uv":[0.0,0.0,0.0,0.1875],"rotation":0,"texture":"#0","tintindex":0},"west":{"uv":[7.4375,3.6875,7.625,3.875],"rotation":0,"texture":"#0","tintindex":0},"up":{"uv":[0.0,0.1875,0.0,0.0],"rotation":0,"texture":"#0","tintindex":0},"down":{"uv":[0.0,0.0,0.0,0.1875],"rotation":0,"texture":"#0","tintindex":0}}},{"from":[7.4257145,4.075714,10.799643],"to":[8.382857,4.8414283,12.331072],"rotation":{"angle":0.0,"axis":"y","origin":[2.2571425,17.188572,7.417738]},"faces":{"east":{"uv":[7.9375,5.75,8.125,5.8125],"rotation":0,"texture":"#0","tintindex":0},"south":{"uv":[1.375,8.125,1.5,8.1875],"rotation":0,"texture":"#0","tintindex":0},"north":{"uv":[8.125,1.3125,8.25,1.375],"rotation":0,"texture":"#0","tintindex":0},"west":{"uv":[5.8125,7.9375,6.0,8.0],"rotation":0,"texture":"#0","tintindex":0},"up":{"uv":[7.75,1.6875,7.625,1.5],"rotation":0,"texture":"#0","tintindex":0},"down":{"uv":[7.75,2.3125,7.625,2.5],"rotation":0,"texture":"#0","tintindex":0}}},{"from":[7.6171427,0.055713654,10.799643],"to":[8.191428,4.075714,12.331072],"rotation":{"angle":0.0,"axis":"y","origin":[2.2571425,17.188572,7.417738]},"faces":{"east":{"uv":[6.3125,6.625,6.5,7.0625],"rotation":0,"texture":"#0","tintindex":0},"south":{"uv":[7.25,7.5,7.3125,7.9375],"rotation":0,"texture":"#0","tintindex":0},"north":{"uv":[7.1875,7.5,7.25,7.9375],"rotation":0,"texture":"#0","tintindex":0},"west":{"uv":[6.5,6.625,6.6875,7.0625],"rotation":0,"texture":"#0","tintindex":0},"up":{"uv":[6.0625,8.125,6.0,7.9375],"rotation":0,"texture":"#0","tintindex":0},"down":{"uv":[6.125,7.9375,6.0625,8.125],"rotation":0,"texture":"#0","tintindex":0}}},{"from":[7.042857,4.075714,9.268214],"to":[8.957143,7.1385713,10.799643],"rotation":{"angle":0.0,"axis":"y","origin":[2.2571425,17.188572,7.417738]},"faces":{"east":{"uv":[7.0625,1.5625,7.25,1.875],"rotation":0,"texture":"#0","tintindex":0},"south":{"uv":[7.0625,2.625,7.25,2.9375],"rotation":0,"texture":"#0","tintindex":0},"north":{"uv":[1.5625,7.0625,1.75,7.375],"rotation":0,"texture":"#0","tintindex":0},"west":{"uv":[2.6875,7.0625,2.875,7.375],"rotation":0,"texture":"#0","tintindex":0},"up":{"uv":[7.625,1.6875,7.4375,1.5],"rotation":0,"texture":"#0","tintindex":0},"down":{"uv":[3.25,7.4375,3.0625,7.625],"rotation":0,"texture":"#0","tintindex":0}}},{"from":[7.234286,0.055713654,9.268214],"to":[8.5742855,4.075714,10.799643],"rotation":{"angle":0.0,"axis":"y","origin":[2.2571425,17.188572,7.417738]},"faces":{"east":{"uv":[5.25,6.5625,5.4375,7.0],"rotation":0,"texture":"#0","tintindex":0},"south":{"uv":[7.1875,1.875,7.3125,2.3125],"rotation":0,"texture":"#0","tintindex":0},"north":{"uv":[0.9375,7.1875,1.0625,7.625],"rotation":0,"texture":"#0","tintindex":0},"west":{"uv":[6.625,5.625,6.8125,6.0625],"rotation":0,"texture":"#0","tintindex":0},"up":{"uv":[7.75,4.25,7.625,4.0625],"rotation":0,"texture":"#0","tintindex":0},"down":{"uv":[4.375,7.625,4.25,7.8125],"rotation":0,"texture":"#0","tintindex":0}}},{"from":[6.8514285,4.075714,6.779643],"to":[9.148571,7.904286,9.268214],"rotation":{"angle":0.0,"axis":"y","origin":[2.2571425,17.188572,7.417738]},"faces":{"east":{"uv":[6.3125,2.5,6.5625,2.9375],"rotation":0,"texture":"#0","tintindex":0},"south":{"uv":[5.8125,6.3125,6.0625,6.75],"rotation":0,"texture":"#0","tintindex":0},"north":{"uv":[6.25,0.8125,6.5,1.25],"rotation":0,"texture":"#0","tintindex":0},"west":{"uv":[4.375,6.375,4.625,6.8125],"rotation":0,"texture":"#0","tintindex":0},"up":{"uv":[7.1875,2.125,6.9375,1.875],"rotation":0,"texture":"#0","tintindex":0},"down":{"uv":[2.25,6.9375,2.0,7.1875],"rotation":0,"texture":"#0","tintindex":0}}},{"from":[6.8514285,0.055713654,6.779643],"to":[8.765715,4.075714,9.268214],"rotation":{"angle":0.0,"axis":"y","origin":[2.2571425,17.188572,7.417738]},"faces":{"east":{"uv":[6.375,5.75,6.625,6.1875],"rotation":0,"texture":"#0","tintindex":0},"south":{"uv":[5.0625,6.5625,5.25,7.0],"rotation":0,"texture":"#0","tintindex":0},"north":{"uv":[4.875,6.5625,5.0625,7.0],"rotation":0,"texture":"#0","tintindex":0},"west":{"uv":[6.4375,1.25,6.6875,1.6875],"rotation":0,"texture":"#0","tintindex":0},"up":{"uv":[0.375,7.5,0.1875,7.25],"rotation":0,"texture":"#0","tintindex":0},"down":{"uv":[0.5625,7.25,0.375,7.5],"rotation":0,"texture":"#0","tintindex":0}}},{"from":[7.234286,-0.710001,6.779643],"to":[8.382857,0.055713654,7.3539286],"rotation":{"angle":22.5,"axis":"y","origin":[7.8085713,-0.48666668,7.545357]},"faces":{"east":{"uv":[6.5,8.25,6.5625,8.3125],"rotation":0,"texture":"#0","tintindex":0},"south":{"uv":[1.875,8.125,2.0,8.1875],"rotation":0,"texture":"#0","tintindex":0},"north":{"uv":[8.125,1.4375,8.25,1.5],"rotation":0,"texture":"#0","tintindex":0},"west":{"uv":[8.25,6.5,8.3125,6.5625],"rotation":0,"texture":"#0","tintindex":0},"up":{"uv":[8.25,1.9375,8.125,1.875],"rotation":0,"texture":"#0","tintindex":0},"down":{"uv":[8.25,1.9375,8.125,2.0],"rotation":0,"texture":"#0","tintindex":0}}},{"from":[7.234286,-0.9014292,6.779643],"to":[8.382857,-0.710001,8.311071],"rotation":{"angle":22.5,"axis":"y","origin":[7.8085713,-0.48666668,7.545357]},"faces":{"east":{"uv":[7.9375,5.8125,8.125,5.875],"rotation":0,"texture":"#0","tintindex":0},"south":{"uv":[8.125,2.3125,8.25,2.375],"rotation":0,"texture":"#0","tintindex":0},"north":{"uv":[8.125,2.25,8.25,2.3125],"rotation":0,"texture":"#0","tintindex":0},"west":{"uv":[7.9375,5.875,8.125,5.9375],"rotation":0,"texture":"#0","tintindex":0},"up":{"uv":[7.75,3.875,7.625,3.6875],"rotation":0,"texture":"#0","tintindex":0},"down":{"uv":[7.75,3.875,7.625,4.0625],"rotation":0,"texture":"#0","tintindex":0}}},{"from":[7.234286,-2.6242867,6.7030716],"to":[8.957143,-2.0500002,7.545357],"rotation":{"angle":0.0,"axis":"y","origin":[2.2571425,18.528572,7.417738]},"faces":{"east":{"uv":[6.625,8.25,6.6875,8.3125],"rotation":0,"texture":"#0","tintindex":0},"south":{"uv":[7.9375,6.0625,8.125,6.125],"rotation":0,"texture":"#0","tintindex":0},"north":{"uv":[7.9375,6.0,8.125,6.0625],"rotation":0,"texture":"#0","tintindex":0},"west":{"uv":[8.25,6.625,8.3125,6.6875],"rotation":0,"texture":"#0","tintindex":0},"up":{"uv":[6.3125,8.0,6.125,7.9375],"rotation":0,"texture":"#0","tintindex":0},"down":{"uv":[8.125,6.375,7.9375,6.4375],"rotation":0,"texture":"#0","tintindex":0}}},{"from":[8.306286,-3.709095,7.046589],"to":[8.880571,-2.3690948,7.65916],"rotation":{"angle":-22.5,"axis":"x","origin":[8.593429,-3.36018,7.516297]},"faces":{"east":{"uv":[2.375,8.125,2.4375,8.25],"rotation":0,"texture":"#0","tintindex":0},"south":{"uv":[8.125,2.375,8.1875,2.5],"rotation":0,"texture":"#0","tintindex":0},"north":{"uv":[1.25,8.125,1.3125,8.25],"rotation":0,"texture":"#0","tintindex":0},"west":{"uv":[2.4375,8.125,2.5,8.25],"rotation":0,"texture":"#0","tintindex":0},"up":{"uv":[7.1875,8.3125,7.125,8.25],"rotation":0,"texture":"#0","tintindex":0},"down":{"uv":[8.3125,7.125,8.25,7.1875],"rotation":0,"texture":"#0","tintindex":0}}},{"from":[8.382857,-3.8622847,7.215867],"to":[8.804,-3.3262844,8.364439],"rotation":{"angle":0.0,"axis":"y","origin":[8.593429,-3.36018,7.516297]},"faces":{"east":{"uv":[2.5,8.125,2.625,8.1875],"rotation":0,"texture":"#0","tintindex":0},"south":{"uv":[8.25,7.1875,8.3125,7.25],"rotation":0,"texture":"#0","tintindex":0},"north":{"uv":[7.1875,8.25,7.25,8.3125],"rotation":0,"texture":"#0","tintindex":0},"west":{"uv":[8.125,2.5,8.25,2.5625],"rotation":0,"texture":"#0","tintindex":0},"up":{"uv":[8.1875,2.6875,8.125,2.5625],"rotation":0,"texture":"#0","tintindex":0},"down":{"uv":[8.1875,2.6875,8.125,2.8125],"rotation":0,"texture":"#0","tintindex":0}}},{"from":[7.3874283,-5.02487,6.7625575],"to":[7.8085713,-3.876299,7.2985573],"rotation":{"angle":-22.5,"axis":"x","origin":[7.6745715,-3.6848707,7.0305576]},"faces":{"east":{"uv":[3.4375,8.125,3.5,8.25],"rotation":0,"texture":"#0","tintindex":0},"south":{"uv":[3.5625,8.125,3.625,8.25],"rotation":0,"texture":"#0","tintindex":0},"north":{"uv":[3.375,8.125,3.4375,8.25],"rotation":0,"texture":"#0","tintindex":0},"west":{"uv":[3.625,8.125,3.6875,8.25],"rotation":0,"texture":"#0","tintindex":0},"up":{"uv":[7.375,8.3125,7.3125,8.25],"rotation":0,"texture":"#0","tintindex":0},"down":{"uv":[8.3125,7.3125,8.25,7.375],"rotation":0,"texture":"#0","tintindex":0}}},{"from":[7.3108573,-3.9642859,6.856214],"to":[7.885143,-2.6242867,7.468786],"rotation":{"angle":0.0,"axis":"y","origin":[1.185143,18.528572,7.417738]},"faces":{"east":{"uv":[3.0625,8.125,3.125,8.25],"rotation":0,"texture":"#0","tintindex":0},"south":{"uv":[3.125,8.125,3.1875,8.25],"rotation":0,"texture":"#0","tintindex":0},"north":{"uv":[8.125,2.8125,8.1875,2.9375],"rotation":0,"texture":"#0","tintindex":0},"west":{"uv":[8.125,3.1875,8.1875,3.3125],"rotation":0,"texture":"#0","tintindex":0},"up":{"uv":[7.3125,8.3125,7.25,8.25],"rotation":0,"texture":"#0","tintindex":0},"down":{"uv":[8.3125,7.25,8.25,7.3125],"rotation":0,"texture":"#0","tintindex":0}}},{"from":[7.234286,-1.360858,6.779643],"to":[8.957143,-0.7865715,7.545357],"rotation":{"angle":0.0,"axis":"y","origin":[2.2571425,18.528572,7.417738]},"faces":{"east":{"uv":[6.6875,8.25,6.75,8.3125],"rotation":0,"texture":"#0","tintindex":0},"south":{"uv":[7.9375,6.5,8.125,6.5625],"rotation":0,"texture":"#0","tintindex":0},"north":{"uv":[7.9375,6.4375,8.125,6.5],"rotation":0,"texture":"#0","tintindex":0},"west":{"uv":[8.25,6.6875,8.3125,6.75],"rotation":0,"texture":"#0","tintindex":0},"up":{"uv":[8.125,6.625,7.9375,6.5625],"rotation":0,"texture":"#0","tintindex":0},"down":{"uv":[8.125,6.625,7.9375,6.6875],"rotation":0,"texture":"#0","tintindex":0}}},{"from":[8.5742855,-2.0500002,6.779643],"to":[8.957143,-1.360858,7.545357],"rotation":{"angle":0.0,"axis":"y","origin":[2.2571425,18.528572,7.417738]},"faces":{"east":{"uv":[8.25,6.75,8.3125,6.8125],"rotation":0,"texture":"#0","tintindex":0},"south":{"uv":[6.8125,8.25,6.875,8.3125],"rotation":0,"texture":"#0","tintindex":0},"north":{"uv":[6.75,8.25,6.8125,8.3125],"rotation":0,"texture":"#0","tintindex":0},"west":{"uv":[8.25,6.8125,8.3125,6.875],"rotation":0,"texture":"#0","tintindex":0},"up":{"uv":[6.9375,8.3125,6.875,8.25],"rotation":0,"texture":"#0","tintindex":0},"down":{"uv":[8.3125,6.875,8.25,6.9375],"rotation":0,"texture":"#0","tintindex":0}}},{"from":[7.234286,-2.0500002,6.779643],"to":[7.6171427,-1.360858,7.545357],"rotation":{"angle":0.0,"axis":"y","origin":[2.2571425,18.528572,7.417738]},"faces":{"east":{"uv":[8.25,6.9375,8.3125,7.0],"rotation":0,"texture":"#0","tintindex":0},"south":{"uv":[7.0,8.25,7.0625,8.3125],"rotation":0,"texture":"#0","tintindex":0},"north":{"uv":[6.9375,8.25,7.0,8.3125],"rotation":0,"texture":"#0","tintindex":0},"west":{"uv":[8.25,7.0,8.3125,7.0625],"rotation":0,"texture":"#0","tintindex":0},"up":{"uv":[7.125,8.3125,7.0625,8.25],"rotation":0,"texture":"#0","tintindex":0},"down":{"uv":[8.3125,7.0625,8.25,7.125],"rotation":0,"texture":"#0","tintindex":0}}},{"from":[6.5923195,-1.6671429,6.9662614],"to":[7.549463,-1.1694288,7.5405474],"rotation":{"angle":45.0,"axis":"y","origin":[7.1666055,-1.6097145,7.2534046]},"faces":{"east":{"uv":[7.375,8.25,7.4375,8.3125],"rotation":0,"texture":"#0","tintindex":0},"south":{"uv":[8.125,3.5625,8.25,3.625],"rotation":0,"texture":"#0","tintindex":0},"north":{"uv":[8.125,3.0625,8.25,3.125],"rotation":0,"texture":"#0","tintindex":0},"west":{"uv":[8.25,7.375,8.3125,7.4375],"rotation":0,"texture":"#0","tintindex":0},"up":{"uv":[8.25,3.75,8.125,3.6875],"rotation":0,"texture":"#0","tintindex":0},"down":{"uv":[8.25,3.75,8.125,3.8125],"rotation":0,"texture":"#0","tintindex":0}}},{"from":[6.5574837,-1.6671429,7.456445],"to":[7.016912,-1.1694288,8.298731],"rotation":{"angle":0.0,"axis":"y","origin":[6.9403405,-1.4182863,7.743588]},"faces":{"east":{"uv":[8.25,7.4375,8.3125,7.5],"rotation":0,"texture":"#0","tintindex":0},"south":{"uv":[7.5,8.25,7.5625,8.3125],"rotation":0,"texture":"#0","tintindex":0},"north":{"uv":[7.4375,8.25,7.5,8.3125],"rotation":0,"texture":"#0","tintindex":0},"west":{"uv":[8.25,7.5,8.3125,7.5625],"rotation":0,"texture":"#0","tintindex":0},"up":{"uv":[7.625,8.3125,7.5625,8.25],"rotation":0,"texture":"#0","tintindex":0},"down":{"uv":[8.3125,7.5625,8.25,7.625],"rotation":0,"texture":"#0","tintindex":0}}},{"from":[7.234286,-0.710001,7.736786],"to":[8.382857,0.055713654,8.311071],"rotation":{"angle":22.5,"axis":"y","origin":[7.8085713,-0.48666668,7.545357]},"faces":{"east":{"uv":[6.5625,8.25,6.625,8.3125],"rotation":0,"texture":"#0","tintindex":0},"south":{"uv":[8.125,2.0625,8.25,2.125],"rotation":0,"texture":"#0","tintindex":0},"north":{"uv":[2.0625,8.125,2.1875,8.1875],"rotation":0,"texture":"#0","tintindex":0},"west":{"uv":[8.25,6.5625,8.3125,6.625],"rotation":0,"texture":"#0","tintindex":0},"up":{"uv":[8.25,2.1875,8.125,2.125],"rotation":0,"texture":"#0","tintindex":0},"down":{"uv":[2.375,8.125,2.25,8.1875],"rotation":0,"texture":"#0","tintindex":0}}}],"display":{"head":{"translation":[0.0,-6.4,0.0],"scale":[4.0,4.0,4.0]}}}