{"textures":{"0":"modelengine:entity/reaper"},"elements":[{"from":[6.0474286,9.416351,23.798576],"to":[9.186857,9.416351,29.158577],"rotation":{"angle":-22.5,"axis":"x","origin":[6.213333,9.416351,27.499527]},"faces":{"east":{"uv":[0.0,0.0,0.5625,0.0],"rotation":0,"texture":"#0","tintindex":0},"south":{"uv":[0.0,0.0,0.3125,0.0],"rotation":0,"texture":"#0","tintindex":0},"north":{"uv":[0.0,0.0,0.3125,0.0],"rotation":0,"texture":"#0","tintindex":0},"west":{"uv":[0.0,0.0,0.5625,0.0],"rotation":0,"texture":"#0","tintindex":0},"up":{"uv":[6.0625,3.6875,5.75,3.125],"rotation":0,"texture":"#0","tintindex":0},"down":{"uv":[6.0625,4.1875,5.75,4.75],"rotation":0,"texture":"#0","tintindex":0}}},{"from":[6.813143,9.416351,29.158577],"to":[8.421143,9.416351,31.455717],"rotation":{"angle":-22.5,"axis":"x","origin":[6.213333,9.416351,27.499527]},"faces":{"east":{"uv":[0.0,0.0,0.25,0.0],"rotation":0,"texture":"#0","tintindex":0},"south":{"uv":[0.0,0.0,0.1875,0.0],"rotation":0,"texture":"#0","tintindex":0},"north":{"uv":[0.0,0.0,0.1875,0.0],"rotation":0,"texture":"#0","tintindex":0},"west":{"uv":[0.0,0.0,0.25,0.0],"rotation":0,"texture":"#0","tintindex":0},"up":{"uv":[7.4375,1.4375,7.25,1.1875],"rotation":0,"texture":"#0","tintindex":0},"down":{"uv":[7.4375,1.4375,7.25,1.6875],"rotation":0,"texture":"#0","tintindex":0}}},{"from":[5.2817144,9.416351,23.798576],"to":[6.124,9.416351,27.627148],"rotation":{"angle":-22.5,"axis":"x","origin":[6.213333,9.416351,27.499527]},"faces":{"east":{"uv":[0.0,0.0,0.4375,0.0],"rotation":0,"texture":"#0","tintindex":0},"south":{"uv":[0.0,0.0,0.0625,0.0],"rotation":0,"texture":"#0","tintindex":0},"north":{"uv":[0.0,0.0,0.0625,0.0],"rotation":0,"texture":"#0","tintindex":0},"west":{"uv":[0.0,0.0,0.4375,0.0],"rotation":0,"texture":"#0","tintindex":0},"up":{"uv":[1.6875,8.0,1.625,7.5625],"rotation":0,"texture":"#0","tintindex":0},"down":{"uv":[1.75,7.5625,1.6875,8.0],"rotation":0,"texture":"#0","tintindex":0}}},{"from":[5.2817144,8.0,8.0],"to":[10.718286,8.0,24.08],"rotation":{"angle":0.0,"axis":"y","origin":[8.0,8.0,8.0]},"faces":{"east":{"uv":[0.0,0.0,1.75,0.0],"rotation":0,"texture":"#0","tintindex":0},"south":{"uv":[0.0,0.0,0.625,0.0],"rotation":0,"texture":"#0","tintindex":0},"north":{"uv":[0.0,0.0,0.625,0.0],"rotation":0,"texture":"#0","tintindex":0},"west":{"uv":[0.0,0.0,1.75,0.0],"rotation":0,"texture":"#0","tintindex":0},"up":{"uv":[4.3125,1.75,3.6875,0.0],"rotation":0,"texture":"#0","tintindex":0},"down":{"uv":[4.3125,1.75,3.6875,3.5],"rotation":0,"texture":"#0","tintindex":0}}}],"display":{"head":{"translation":[0.0,-6.4,0.0],"scale":[4.0,4.0,4.0]}}}