{"textures":{"0":"modelengine:entity/reaper"},"elements":[{"from":[7.6171427,7.6171427,4.9371424],"to":[8.382857,8.765715,5.3199997],"rotation":{"angle":0.0,"axis":"y","origin":[8.0,8.0,8.0]},"faces":{"east":{"uv":[8.0625,4.25,8.125,4.375],"rotation":0,"texture":"#0","tintindex":0},"south":{"uv":[4.375,8.0625,4.4375,8.1875],"rotation":0,"texture":"#0","tintindex":0},"north":{"uv":[4.25,8.0625,4.3125,8.1875],"rotation":0,"texture":"#0","tintindex":0},"west":{"uv":[4.75,8.0625,4.8125,8.1875],"rotation":0,"texture":"#0","tintindex":0},"up":{"uv":[2.625,8.3125,2.5625,8.25],"rotation":0,"texture":"#0","tintindex":0},"down":{"uv":[8.3125,2.5625,8.25,2.625],"rotation":0,"texture":"#0","tintindex":0}}},{"from":[7.6171427,8.957143,4.1714287],"to":[8.382857,9.722857,4.9371424],"rotation":{"angle":0.0,"axis":"y","origin":[8.0,8.0,8.0]},"faces":{"east":{"uv":[8.25,1.9375,8.3125,2.0],"rotation":0,"texture":"#0","tintindex":0},"south":{"uv":[8.25,2.0,8.3125,2.0625],"rotation":0,"texture":"#0","tintindex":0},"north":{"uv":[8.25,1.875,8.3125,1.9375],"rotation":0,"texture":"#0","tintindex":0},"west":{"uv":[8.25,2.0625,8.3125,2.125],"rotation":0,"texture":"#0","tintindex":0},"up":{"uv":[8.3125,2.1875,8.25,2.125],"rotation":0,"texture":"#0","tintindex":0},"down":{"uv":[8.3125,2.1875,8.25,2.25],"rotation":0,"texture":"#0","tintindex":0}}},{"from":[7.234286,7.4257145,4.1714287],"to":[8.765715,8.957143,4.9371424],"rotation":{"angle":0.0,"axis":"y","origin":[8.0,8.0,8.0]},"faces":{"east":{"uv":[3.625,7.9375,3.6875,8.125],"rotation":0,"texture":"#0","tintindex":0},"south":{"uv":[7.375,7.3125,7.5625,7.5],"rotation":0,"texture":"#0","tintindex":0},"north":{"uv":[5.8125,7.375,6.0,7.5625],"rotation":0,"texture":"#0","tintindex":0},"west":{"uv":[4.8125,7.9375,4.875,8.125],"rotation":0,"texture":"#0","tintindex":0},"up":{"uv":[8.125,5.5,7.9375,5.4375],"rotation":0,"texture":"#0","tintindex":0},"down":{"uv":[8.125,5.5,7.9375,5.5625],"rotation":0,"texture":"#0","tintindex":0}}},{"from":[7.6171427,7.6171427,3.7885714],"to":[8.382857,8.765715,4.1714287],"rotation":{"angle":0.0,"axis":"y","origin":[8.0,8.191428,3.98]},"faces":{"east":{"uv":[4.0625,8.0625,4.125,8.1875],"rotation":0,"texture":"#0","tintindex":0},"south":{"uv":[4.125,8.0625,4.1875,8.1875],"rotation":0,"texture":"#0","tintindex":0},"north":{"uv":[8.0625,4.0,8.125,4.125],"rotation":0,"texture":"#0","tintindex":0},"west":{"uv":[4.1875,8.0625,4.25,8.1875],"rotation":0,"texture":"#0","tintindex":0},"up":{"uv":[2.5625,8.3125,2.5,8.25],"rotation":0,"texture":"#0","tintindex":0},"down":{"uv":[8.3125,2.5,8.25,2.5625],"rotation":0,"texture":"#0","tintindex":0}}},{"from":[7.6171427,6.66,4.1714287],"to":[8.382857,7.4257145,4.9371424],"rotation":{"angle":0.0,"axis":"y","origin":[8.0,8.0,8.0]},"faces":{"east":{"uv":[8.25,2.3125,8.3125,2.375],"rotation":0,"texture":"#0","tintindex":0},"south":{"uv":[2.375,8.25,2.4375,8.3125],"rotation":0,"texture":"#0","tintindex":0},"north":{"uv":[8.25,2.25,8.3125,2.3125],"rotation":0,"texture":"#0","tintindex":0},"west":{"uv":[8.25,2.375,8.3125,2.4375],"rotation":0,"texture":"#0","tintindex":0},"up":{"uv":[2.5,8.3125,2.4375,8.25],"rotation":0,"texture":"#0","tintindex":0},"down":{"uv":[8.3125,2.4375,8.25,2.5],"rotation":0,"texture":"#0","tintindex":0}}}],"display":{"head":{"translation":[0.0,-6.4,0.0],"scale":[4.0,4.0,4.0]}}}