{"textures":{"0":"modelengine:entity/reaper"},"elements":[{"from":[7.242165,9.073666,17.806246],"to":[8.655879,10.505095,19.529102],"rotation":{"angle":0.0,"axis":"y","origin":[7.9490223,9.78938,18.667675]},"faces":{"east":{"uv":[7.8125,2.8125,7.9375,2.9375],"rotation":0,"texture":"#0","tintindex":0},"south":{"uv":[0.9375,8.1875,1.0,8.3125],"rotation":0,"texture":"#0","tintindex":0},"north":{"uv":[0.875,8.1875,0.9375,8.3125],"rotation":0,"texture":"#0","tintindex":0},"west":{"uv":[3.5625,7.8125,3.6875,7.9375],"rotation":0,"texture":"#0","tintindex":0},"up":{"uv":[8.25,1.0625,8.1875,0.9375],"rotation":0,"texture":"#0","tintindex":0},"down":{"uv":[1.0625,8.1875,1.0,8.3125],"rotation":0,"texture":"#0","tintindex":0}}},{"from":[7.385022,8.356523,15.083387],"to":[8.52788,9.502237,18.234818],"rotation":{"angle":0.0,"axis":"y","origin":[7.3005714,7.717143,7.857143]},"faces":{"east":{"uv":[7.3125,3.375,7.625,3.5],"rotation":0,"texture":"#0","tintindex":0},"south":{"uv":[7.3125,3.375,7.625,3.5],"rotation":0,"texture":"#0","tintindex":0},"north":{"uv":[7.3125,3.375,7.625,3.5],"rotation":0,"texture":"#0","tintindex":0},"west":{"uv":[7.3125,3.5,7.625,3.625],"rotation":0,"texture":"#0","tintindex":0},"up":{"uv":[7.3125,3.375,7.625,3.5],"rotation":0,"texture":"#0","tintindex":0},"down":{"uv":[7.3125,3.375,7.625,3.5],"rotation":0,"texture":"#0","tintindex":0}}},{"from":[7.385022,7.3536654,11.511959],"to":[8.513022,8.785094,16.09196],"rotation":{"angle":0.0,"axis":"y","origin":[7.3005714,7.857143,7.857143]},"faces":{"east":{"uv":[6.5625,2.625,7.0625,2.8125],"rotation":0,"texture":"#0","tintindex":0},"south":{"uv":[7.75,1.125,7.875,1.3125],"rotation":0,"texture":"#0","tintindex":0},"north":{"uv":[7.75,0.9375,7.875,1.125],"rotation":0,"texture":"#0","tintindex":0},"west":{"uv":[6.5625,3.375,7.0625,3.5625],"rotation":0,"texture":"#0","tintindex":0},"up":{"uv":[7.125,6.6875,7.0,6.1875],"rotation":0,"texture":"#0","tintindex":0},"down":{"uv":[7.125,6.6875,7.0,7.1875],"rotation":0,"texture":"#0","tintindex":0}}},{"from":[7.527879,7.63938,-3.6308985],"to":[8.370165,8.49938,15.806246],"rotation":{"angle":0.0,"axis":"y","origin":[7.3005714,7.857143,7.857143]},"faces":{"east":{"uv":[5.3125,3.6875,7.4375,3.8125],"rotation":0,"texture":"#0","tintindex":0},"south":{"uv":[0.625,8.1875,0.6875,8.3125],"rotation":0,"texture":"#0","tintindex":0},"north":{"uv":[0.1875,8.1875,0.25,8.3125],"rotation":0,"texture":"#0","tintindex":0},"west":{"uv":[5.3125,3.8125,7.4375,3.9375],"rotation":0,"texture":"#0","tintindex":0},"up":{"uv":[1.875,8.0,1.8125,5.875],"rotation":0,"texture":"#0","tintindex":0},"down":{"uv":[2.6875,6.0625,2.625,8.1875],"rotation":0,"texture":"#0","tintindex":0}}},{"from":[7.8707366,13.303436,-0.44215202],"to":[8.0273075,14.4548645,0.9892764],"rotation":{"angle":-22.5,"axis":"x","origin":[7.9490223,14.022008,0.84499073]},"faces":{"east":{"uv":[7.625,7.625,7.8125,7.75],"rotation":0,"texture":"#0","tintindex":0},"south":{"uv":[1.3125,8.1875,1.375,8.3125],"rotation":0,"texture":"#0","tintindex":0},"north":{"uv":[1.1875,8.1875,1.25,8.3125],"rotation":0,"texture":"#0","tintindex":0},"west":{"uv":[7.6875,0.0,7.875,0.125],"rotation":0,"texture":"#0","tintindex":0},"up":{"uv":[5.1875,8.1875,5.125,8.0],"rotation":0,"texture":"#0","tintindex":0},"down":{"uv":[5.25,8.0,5.1875,8.1875],"rotation":0,"texture":"#0","tintindex":0}}},{"from":[7.8135934,11.351516,-1.4322224],"to":[8.084451,13.925802,0.2906356],"rotation":{"angle":45.0,"axis":"x","origin":[7.9490223,13.210088,-0.57079315]},"faces":{"east":{"uv":[7.125,3.375,7.3125,3.6875],"rotation":0,"texture":"#0","tintindex":0},"south":{"uv":[7.75,3.6875,7.8125,4.0],"rotation":0,"texture":"#0","tintindex":0},"north":{"uv":[7.75,2.625,7.8125,2.9375],"rotation":0,"texture":"#0","tintindex":0},"west":{"uv":[7.1875,0.375,7.375,0.6875],"rotation":0,"texture":"#0","tintindex":0},"up":{"uv":[4.6875,8.1875,4.625,8.0],"rotation":0,"texture":"#0","tintindex":0},"down":{"uv":[4.75,8.0,4.6875,8.1875],"rotation":0,"texture":"#0","tintindex":0}}},{"from":[7.6707363,8.599679,-3.2709408],"to":[8.227308,12.316822,-1.5480833],"rotation":{"angle":22.5,"axis":"x","origin":[7.9490223,10.45825,-2.4095125]},"faces":{"east":{"uv":[6.6875,6.5,6.875,6.9375],"rotation":0,"texture":"#0","tintindex":0},"south":{"uv":[3.0,7.5625,3.0625,8.0],"rotation":0,"texture":"#0","tintindex":0},"north":{"uv":[2.9375,7.5625,3.0,8.0],"rotation":0,"texture":"#0","tintindex":0},"west":{"uv":[6.75,0.375,6.9375,0.8125],"rotation":0,"texture":"#0","tintindex":0},"up":{"uv":[4.5625,8.1875,4.5,8.0],"rotation":0,"texture":"#0","tintindex":0},"down":{"uv":[4.625,8.0,4.5625,8.1875],"rotation":0,"texture":"#0","tintindex":0}}},{"from":[7.6707363,10.921207,-4.683073],"to":[8.227308,12.495493,-3.817358],"rotation":{"angle":0.0,"axis":"y","origin":[7.9490223,11.922636,-4.0359306]},"faces":{"east":{"uv":[0.0625,7.6875,0.1875,7.875],"rotation":0,"texture":"#0","tintindex":0},"south":{"uv":[5.375,8.0,5.4375,8.1875],"rotation":0,"texture":"#0","tintindex":0},"north":{"uv":[5.25,8.0,5.3125,8.1875],"rotation":0,"texture":"#0","tintindex":0},"west":{"uv":[7.6875,0.125,7.8125,0.3125],"rotation":0,"texture":"#0","tintindex":0},"up":{"uv":[1.5625,8.3125,1.5,8.1875],"rotation":0,"texture":"#0","tintindex":0},"down":{"uv":[8.25,1.5,8.1875,1.625],"rotation":0,"texture":"#0","tintindex":0}}},{"from":[7.6707363,9.258987,-4.69343],"to":[8.227308,11.261845,-3.3991442],"rotation":{"angle":-22.5,"axis":"x","origin":[7.9490223,11.117559,-3.8320017]},"faces":{"east":{"uv":[5.0,7.5,5.125,7.75],"rotation":0,"texture":"#0","tintindex":0},"south":{"uv":[7.8125,3.6875,7.875,3.9375],"rotation":0,"texture":"#0","tintindex":0},"north":{"uv":[3.6875,7.8125,3.75,8.0625],"rotation":0,"texture":"#0","tintindex":0},"west":{"uv":[5.125,7.5,5.25,7.75],"rotation":0,"texture":"#0","tintindex":0},"up":{"uv":[1.4375,8.3125,1.375,8.1875],"rotation":0,"texture":"#0","tintindex":0},"down":{"uv":[1.5,8.1875,1.4375,8.3125],"rotation":0,"texture":"#0","tintindex":0}}},{"from":[7.385022,7.3536654,-2.2023268],"to":[8.513022,8.785094,2.3776731],"rotation":{"angle":0.0,"axis":"y","origin":[7.3005714,7.857143,7.857143]},"faces":{"east":{"uv":[6.0625,3.5,6.5625,3.6875],"rotation":0,"texture":"#0","tintindex":0},"south":{"uv":[7.6875,5.0,7.8125,5.1875],"rotation":0,"texture":"#0","tintindex":0},"north":{"uv":[7.6875,4.8125,7.8125,5.0],"rotation":0,"texture":"#0","tintindex":0},"west":{"uv":[6.5,0.9375,7.0,1.125],"rotation":0,"texture":"#0","tintindex":0},"up":{"uv":[5.25,7.5,5.125,7.0],"rotation":0,"texture":"#0","tintindex":0},"down":{"uv":[5.375,7.0,5.25,7.5],"rotation":0,"texture":"#0","tintindex":0}}},{"from":[8.655879,7.63938,-3.3451834],"to":[8.926737,8.49938,-2.7651844],"rotation":{"angle":0.0,"axis":"y","origin":[7.285714,7.857143,7.857143]},"faces":{"east":{"uv":[2.0,8.1875,2.0625,8.3125],"rotation":0,"texture":"#0","tintindex":0},"south":{"uv":[2.0625,8.1875,2.125,8.3125],"rotation":0,"texture":"#0","tintindex":0},"north":{"uv":[1.9375,8.1875,2.0,8.3125],"rotation":0,"texture":"#0","tintindex":0},"west":{"uv":[2.125,8.1875,2.1875,8.3125],"rotation":0,"texture":"#0","tintindex":0},"up":{"uv":[8.375,3.8125,8.3125,3.75],"rotation":0,"texture":"#0","tintindex":0},"down":{"uv":[3.875,8.3125,3.8125,8.375],"rotation":0,"texture":"#0","tintindex":0}}},{"from":[7.242165,7.067951,-3.9166126],"to":[8.655879,9.070808,-2.1937551],"rotation":{"angle":0.0,"axis":"y","origin":[7.3005714,7.857143,7.857143]},"faces":{"east":{"uv":[7.25,3.9375,7.4375,4.1875],"rotation":0,"texture":"#0","tintindex":0},"south":{"uv":[4.875,7.5,5.0,7.75],"rotation":0,"texture":"#0","tintindex":0},"north":{"uv":[2.375,7.5,2.5,7.75],"rotation":0,"texture":"#0","tintindex":0},"west":{"uv":[7.25,4.1875,7.4375,4.4375],"rotation":0,"texture":"#0","tintindex":0},"up":{"uv":[7.0625,7.8125,6.9375,7.625],"rotation":0,"texture":"#0","tintindex":0},"down":{"uv":[7.75,7.3125,7.625,7.5],"rotation":0,"texture":"#0","tintindex":0}}},{"from":[7.527879,7.63938,-5.6308985],"to":[8.370165,8.49938,-3.908041],"rotation":{"angle":0.0,"axis":"y","origin":[7.3005714,7.857143,7.857143]},"faces":{"east":{"uv":[7.625,6.875,7.8125,7.0],"rotation":0,"texture":"#0","tintindex":0},"south":{"uv":[1.125,8.1875,1.1875,8.3125],"rotation":0,"texture":"#0","tintindex":0},"north":{"uv":[1.0625,8.1875,1.125,8.3125],"rotation":0,"texture":"#0","tintindex":0},"west":{"uv":[7.625,7.5,7.8125,7.625],"rotation":0,"texture":"#0","tintindex":0},"up":{"uv":[4.375,8.1875,4.3125,8.0],"rotation":0,"texture":"#0","tintindex":0},"down":{"uv":[4.5,8.0,4.4375,8.1875],"rotation":0,"texture":"#0","tintindex":0}}},{"from":[7.385022,5.927951,-5.488041],"to":[8.513022,7.09938,-1.7651844],"rotation":{"angle":0.0,"axis":"y","origin":[7.3005714,7.857143,7.857143]},"faces":{"east":{"uv":[7.1875,2.3125,7.625,2.4375],"rotation":0,"texture":"#0","tintindex":0},"south":{"uv":[7.8125,4.9375,7.9375,5.0625],"rotation":0,"texture":"#0","tintindex":0},"north":{"uv":[7.8125,4.8125,7.9375,4.9375],"rotation":0,"texture":"#0","tintindex":0},"west":{"uv":[7.1875,2.4375,7.625,2.5625],"rotation":0,"texture":"#0","tintindex":0},"up":{"uv":[4.375,7.625,4.25,7.1875],"rotation":0,"texture":"#0","tintindex":0},"down":{"uv":[7.3125,5.5625,7.1875,6.0],"rotation":0,"texture":"#0","tintindex":0}}},{"from":[7.385022,4.2136655,-5.3451834],"to":[8.513022,5.927951,-3.4794703],"rotation":{"angle":0.0,"axis":"y","origin":[7.3005714,7.857143,7.857143]},"faces":{"east":{"uv":[0.0625,7.5,0.25,7.6875],"rotation":0,"texture":"#0","tintindex":0},"south":{"uv":[7.6875,0.5625,7.8125,0.75],"rotation":0,"texture":"#0","tintindex":0},"north":{"uv":[0.25,7.6875,0.375,7.875],"rotation":0,"texture":"#0","tintindex":0},"west":{"uv":[0.25,7.5,0.4375,7.6875],"rotation":0,"texture":"#0","tintindex":0},"up":{"uv":[7.8125,2.0625,7.6875,1.875],"rotation":0,"texture":"#0","tintindex":0},"down":{"uv":[7.8125,2.0625,7.6875,2.25],"rotation":0,"texture":"#0","tintindex":0}}},{"from":[7.385022,1.9279509,-5.202327],"to":[8.513022,4.2136655,-4.0508986],"rotation":{"angle":0.0,"axis":"y","origin":[7.3005714,7.857143,7.857143]},"faces":{"east":{"uv":[7.5,5.5625,7.625,5.8125],"rotation":0,"texture":"#0","tintindex":0},"south":{"uv":[7.5,6.5,7.625,6.75],"rotation":0,"texture":"#0","tintindex":0},"north":{"uv":[5.25,7.5,5.375,7.75],"rotation":0,"texture":"#0","tintindex":0},"west":{"uv":[7.5,6.75,7.625,7.0],"rotation":0,"texture":"#0","tintindex":0},"up":{"uv":[7.9375,5.1875,7.8125,5.0625],"rotation":0,"texture":"#0","tintindex":0},"down":{"uv":[7.9375,6.375,7.8125,6.5],"rotation":0,"texture":"#0","tintindex":0}}},{"from":[7.6707363,1.3565226,-5.6308985],"to":[8.227308,7.0708084,-5.0508986],"rotation":{"angle":0.0,"axis":"y","origin":[7.3005714,7.857143,7.857143]},"faces":{"east":{"uv":[6.875,7.25,6.9375,7.875],"rotation":0,"texture":"#0","tintindex":0},"south":{"uv":[3.375,7.3125,3.4375,7.9375],"rotation":0,"texture":"#0","tintindex":0},"north":{"uv":[5.75,7.25,5.8125,7.875],"rotation":0,"texture":"#0","tintindex":0},"west":{"uv":[7.3125,4.9375,7.375,5.5625],"rotation":0,"texture":"#0","tintindex":0},"up":{"uv":[8.375,3.5,8.3125,3.4375],"rotation":0,"texture":"#0","tintindex":0},"down":{"uv":[3.5625,8.3125,3.5,8.375],"rotation":0,"texture":"#0","tintindex":0}}},{"from":[7.6707363,0.7850938,-5.3451834],"to":[8.227308,1.3565226,-5.0508986],"rotation":{"angle":0.0,"axis":"y","origin":[7.3005714,7.857143,7.857143]},"faces":{"east":{"uv":[3.625,8.3125,3.6875,8.375],"rotation":0,"texture":"#0","tintindex":0},"south":{"uv":[8.3125,3.625,8.375,3.6875],"rotation":0,"texture":"#0","tintindex":0},"north":{"uv":[8.3125,3.5625,8.375,3.625],"rotation":0,"texture":"#0","tintindex":0},"west":{"uv":[3.6875,8.3125,3.75,8.375],"rotation":0,"texture":"#0","tintindex":0},"up":{"uv":[8.375,3.75,8.3125,3.6875],"rotation":0,"texture":"#0","tintindex":0},"down":{"uv":[3.8125,8.3125,3.75,8.375],"rotation":0,"texture":"#0","tintindex":0}}},{"from":[7.527879,-0.64633465,-5.059469],"to":[8.370165,7.0708084,-1.7651844],"rotation":{"angle":0.0,"axis":"y","origin":[7.3005714,7.857143,7.857143]},"faces":{"east":{"uv":[1.125,5.0,1.5,5.875],"rotation":0,"texture":"#0","tintindex":0},"south":{"uv":[4.1875,7.1875,4.25,8.0625],"rotation":0,"texture":"#0","tintindex":0},"north":{"uv":[7.1875,3.9375,7.25,4.8125],"rotation":0,"texture":"#0","tintindex":0},"west":{"uv":[1.5,5.0,1.875,5.875],"rotation":0,"texture":"#0","tintindex":0},"up":{"uv":[7.125,8.0,7.0625,7.625],"rotation":0,"texture":"#0","tintindex":0},"down":{"uv":[0.25,7.6875,0.1875,8.0625],"rotation":0,"texture":"#0","tintindex":0}}},{"from":[7.6707363,-5.7251415,-3.2796679],"to":[8.227308,0.27771568,-0.8425255],"rotation":{"angle":-22.5,"axis":"x","origin":[7.9490223,-3.5808554,-2.0610962]},"faces":{"east":{"uv":[4.6875,5.8125,4.9375,6.5],"rotation":0,"texture":"#0","tintindex":0},"south":{"uv":[3.4375,7.25,3.5,7.9375],"rotation":0,"texture":"#0","tintindex":0},"north":{"uv":[2.5625,7.25,2.625,7.9375],"rotation":0,"texture":"#0","tintindex":0},"west":{"uv":[1.0625,5.875,1.3125,6.5625],"rotation":0,"texture":"#0","tintindex":0},"up":{"uv":[3.8125,8.0625,3.75,7.8125],"rotation":0,"texture":"#0","tintindex":0},"down":{"uv":[4.3125,7.8125,4.25,8.0625],"rotation":0,"texture":"#0","tintindex":0}}},{"from":[7.8135934,-8.541395,-1.325346],"to":[8.084451,-4.824252,0.5403681],"rotation":{"angle":-45.0,"axis":"x","origin":[7.9490223,-6.682824,-0.39248943]},"faces":{"east":{"uv":[0.875,6.75,1.0625,7.1875],"rotation":0,"texture":"#0","tintindex":0},"south":{"uv":[4.6875,7.5625,4.75,8.0],"rotation":0,"texture":"#0","tintindex":0},"north":{"uv":[4.625,7.5625,4.6875,8.0],"rotation":0,"texture":"#0","tintindex":0},"west":{"uv":[4.1875,6.75,4.375,7.1875],"rotation":0,"texture":"#0","tintindex":0},"up":{"uv":[5.5,8.1875,5.4375,8.0],"rotation":0,"texture":"#0","tintindex":0},"down":{"uv":[5.5625,8.0,5.5,8.1875],"rotation":0,"texture":"#0","tintindex":0}}},{"from":[7.8707366,-9.252863,0.6851077],"to":[8.0273075,-8.308699,1.7270999],"rotation":{"angle":22.5,"axis":"x","origin":[7.9490223,-7.8914347,1.9722505]},"faces":{"east":{"uv":[7.8125,6.5,7.9375,6.625],"rotation":0,"texture":"#0","tintindex":0},"south":{"uv":[8.1875,1.75,8.25,1.875],"rotation":0,"texture":"#0","tintindex":0},"north":{"uv":[1.75,8.1875,1.8125,8.3125],"rotation":0,"texture":"#0","tintindex":0},"west":{"uv":[7.8125,6.625,7.9375,6.75],"rotation":0,"texture":"#0","tintindex":0},"up":{"uv":[1.875,8.3125,1.8125,8.1875],"rotation":0,"texture":"#0","tintindex":0},"down":{"uv":[1.9375,8.1875,1.875,8.3125],"rotation":0,"texture":"#0","tintindex":0}}},{"from":[6.9415936,7.63938,-3.3451834],"to":[7.212451,8.49938,-2.7651844],"rotation":{"angle":0.0,"axis":"y","origin":[7.285714,7.857143,7.857143]},"faces":{"east":{"uv":[2.25,8.1875,2.3125,8.3125],"rotation":0,"texture":"#0","tintindex":0},"south":{"uv":[2.3125,8.1875,2.375,8.3125],"rotation":0,"texture":"#0","tintindex":0},"north":{"uv":[2.1875,8.1875,2.25,8.3125],"rotation":0,"texture":"#0","tintindex":0},"west":{"uv":[8.1875,2.375,8.25,2.5],"rotation":0,"texture":"#0","tintindex":0},"up":{"uv":[8.375,3.875,8.3125,3.8125],"rotation":0,"texture":"#0","tintindex":0},"down":{"uv":[3.9375,8.3125,3.875,8.375],"rotation":0,"texture":"#0","tintindex":0}}},{"from":[7.6707363,5.927951,-1.7737551],"to":[8.227308,7.0708084,-1.4794693],"rotation":{"angle":0.0,"axis":"y","origin":[7.3005714,7.857143,7.857143]},"faces":{"east":{"uv":[1.625,8.1875,1.6875,8.3125],"rotation":0,"texture":"#0","tintindex":0},"south":{"uv":[8.1875,1.625,8.25,1.75],"rotation":0,"texture":"#0","tintindex":0},"north":{"uv":[1.5625,8.1875,1.625,8.3125],"rotation":0,"texture":"#0","tintindex":0},"west":{"uv":[1.6875,8.1875,1.75,8.3125],"rotation":0,"texture":"#0","tintindex":0},"up":{"uv":[8.375,3.5625,8.3125,3.5],"rotation":0,"texture":"#0","tintindex":0},"down":{"uv":[3.625,8.3125,3.5625,8.375],"rotation":0,"texture":"#0","tintindex":0}}}],"display":{"head":{"translation":[0.0,-6.4,0.0],"scale":[4.0,4.0,4.0]}}}