{"textures":{"0":"modelengine:entity/reaper"},"elements":[{"from":[7.234286,7.86428,6.926651],"to":[8.765715,9.395709,7.6923656],"rotation":{"angle":-45.0,"axis":"x","origin":[8.0,8.821423,7.6923656]},"faces":{"east":{"uv":[7.875,3.6875,7.9375,3.875],"rotation":0,"texture":"#0","tintindex":0},"south":{"uv":[7.375,5.3125,7.5625,5.5],"rotation":0,"texture":"#0","tintindex":0},"north":{"uv":[7.375,5.125,7.5625,5.3125],"rotation":0,"texture":"#0","tintindex":0},"west":{"uv":[4.75,7.875,4.8125,8.0625],"rotation":0,"texture":"#0","tintindex":0},"up":{"uv":[8.0625,3.9375,7.875,3.875],"rotation":0,"texture":"#0","tintindex":0},"down":{"uv":[8.0625,4.25,7.875,4.3125],"rotation":0,"texture":"#0","tintindex":0}}},{"from":[7.4257145,8.629994,7.6923656],"to":[8.5742855,9.395709,8.458079],"rotation":{"angle":-45.0,"axis":"x","origin":[8.0,8.821423,7.6923656]},"faces":{"east":{"uv":[8.1875,3.3125,8.25,3.375],"rotation":0,"texture":"#0","tintindex":0},"south":{"uv":[8.0,7.8125,8.125,7.875],"rotation":0,"texture":"#0","tintindex":0},"north":{"uv":[8.0,7.75,8.125,7.8125],"rotation":0,"texture":"#0","tintindex":0},"west":{"uv":[8.1875,3.375,8.25,3.4375],"rotation":0,"texture":"#0","tintindex":0},"up":{"uv":[8.125,7.9375,8.0,7.875],"rotation":0,"texture":"#0","tintindex":0},"down":{"uv":[8.0625,8.0,7.9375,8.0625],"rotation":0,"texture":"#0","tintindex":0}}},{"from":[7.4257145,8.906231,6.320273],"to":[8.5742855,10.437659,7.0859876],"rotation":{"angle":-22.5,"axis":"x","origin":[8.0,9.863374,7.0859876]},"faces":{"east":{"uv":[5.5625,7.9375,5.625,8.125],"rotation":0,"texture":"#0","tintindex":0},"south":{"uv":[7.5625,0.5625,7.6875,0.75],"rotation":0,"texture":"#0","tintindex":0},"north":{"uv":[6.9375,4.9375,7.0625,5.125],"rotation":0,"texture":"#0","tintindex":0},"west":{"uv":[5.625,7.9375,5.6875,8.125],"rotation":0,"texture":"#0","tintindex":0},"up":{"uv":[8.1875,5.625,8.0625,5.5625],"rotation":0,"texture":"#0","tintindex":0},"down":{"uv":[8.1875,5.625,8.0625,5.6875],"rotation":0,"texture":"#0","tintindex":0}}},{"from":[7.6171427,9.671945,7.0859876],"to":[8.382857,10.437659,7.8517017],"rotation":{"angle":-22.5,"axis":"x","origin":[8.0,9.863374,7.0859876]},"faces":{"east":{"uv":[3.5,8.1875,3.5625,8.25],"rotation":0,"texture":"#0","tintindex":0},"south":{"uv":[8.1875,3.5,8.25,3.5625],"rotation":0,"texture":"#0","tintindex":0},"north":{"uv":[8.1875,3.4375,8.25,3.5],"rotation":0,"texture":"#0","tintindex":0},"west":{"uv":[8.1875,3.625,8.25,3.6875],"rotation":0,"texture":"#0","tintindex":0},"up":{"uv":[3.75,8.25,3.6875,8.1875],"rotation":0,"texture":"#0","tintindex":0},"down":{"uv":[3.8125,8.1875,3.75,8.25],"rotation":0,"texture":"#0","tintindex":0}}},{"from":[7.6171427,10.100918,6.15879],"to":[8.382857,11.632347,6.9245043],"rotation":{"angle":0.0,"axis":"y","origin":[8.0,11.058061,6.9245043]},"faces":{"east":{"uv":[4.9375,7.875,5.0,8.0625],"rotation":0,"texture":"#0","tintindex":0},"south":{"uv":[5.0,7.875,5.0625,8.0625],"rotation":0,"texture":"#0","tintindex":0},"north":{"uv":[4.875,7.875,4.9375,8.0625],"rotation":0,"texture":"#0","tintindex":0},"west":{"uv":[5.0625,7.875,5.125,8.0625],"rotation":0,"texture":"#0","tintindex":0},"up":{"uv":[4.125,8.25,4.0625,8.1875],"rotation":0,"texture":"#0","tintindex":0},"down":{"uv":[4.1875,8.1875,4.125,8.25],"rotation":0,"texture":"#0","tintindex":0}}},{"from":[7.8085713,10.866632,6.9245043],"to":[8.191428,11.632347,7.6902184],"rotation":{"angle":0.0,"axis":"y","origin":[8.0,11.058061,6.9245043]},"faces":{"east":{"uv":[3.875,8.1875,3.9375,8.25],"rotation":0,"texture":"#0","tintindex":0},"south":{"uv":[8.1875,3.875,8.25,3.9375],"rotation":0,"texture":"#0","tintindex":0},"north":{"uv":[3.8125,8.1875,3.875,8.25],"rotation":0,"texture":"#0","tintindex":0},"west":{"uv":[3.9375,8.1875,4.0,8.25],"rotation":0,"texture":"#0","tintindex":0},"up":{"uv":[8.25,4.0,8.1875,3.9375],"rotation":0,"texture":"#0","tintindex":0},"down":{"uv":[4.0625,8.1875,4.0,8.25],"rotation":0,"texture":"#0","tintindex":0}}},{"from":[8.5742855,8.51377,6.7029586],"to":[9.722857,9.088056,7.4686728],"rotation":{"angle":0.0,"axis":"y","origin":[8.0,8.609484,5.809625]},"faces":{"east":{"uv":[8.1875,7.5,8.25,7.5625],"rotation":0,"texture":"#0","tintindex":0},"south":{"uv":[8.0625,0.5625,8.1875,0.625],"rotation":0,"texture":"#0","tintindex":0},"north":{"uv":[0.375,8.0625,0.5,8.125],"rotation":0,"texture":"#0","tintindex":0},"west":{"uv":[8.1875,7.5625,8.25,7.625],"rotation":0,"texture":"#0","tintindex":0},"up":{"uv":[8.1875,0.6875,8.0625,0.625],"rotation":0,"texture":"#0","tintindex":0},"down":{"uv":[8.1875,0.6875,8.0625,0.75],"rotation":0,"texture":"#0","tintindex":0}}},{"from":[9.722857,8.51377,6.1286726],"to":[10.488571,9.088056,6.7029586],"rotation":{"angle":0.0,"axis":"y","origin":[8.0,8.609484,5.809625]},"faces":{"east":{"uv":[7.25,8.1875,7.3125,8.25],"rotation":0,"texture":"#0","tintindex":0},"south":{"uv":[7.3125,8.1875,7.375,8.25],"rotation":0,"texture":"#0","tintindex":0},"north":{"uv":[8.1875,7.1875,8.25,7.25],"rotation":0,"texture":"#0","tintindex":0},"west":{"uv":[7.375,8.1875,7.4375,8.25],"rotation":0,"texture":"#0","tintindex":0},"up":{"uv":[7.5,8.25,7.4375,8.1875],"rotation":0,"texture":"#0","tintindex":0},"down":{"uv":[7.5625,8.1875,7.5,8.25],"rotation":0,"texture":"#0","tintindex":0}}},{"from":[10.488571,8.51377,5.17153],"to":[11.254286,9.088056,6.1286726],"rotation":{"angle":0.0,"axis":"y","origin":[8.0,8.609484,5.809625]},"faces":{"east":{"uv":[0.25,8.0625,0.375,8.125],"rotation":0,"texture":"#0","tintindex":0},"south":{"uv":[7.1875,8.1875,7.25,8.25],"rotation":0,"texture":"#0","tintindex":0},"north":{"uv":[8.1875,7.125,8.25,7.1875],"rotation":0,"texture":"#0","tintindex":0},"west":{"uv":[8.0625,0.25,8.1875,0.3125],"rotation":0,"texture":"#0","tintindex":0},"up":{"uv":[6.6875,6.1875,6.625,6.0625],"rotation":0,"texture":"#0","tintindex":0},"down":{"uv":[6.9375,1.875,6.875,2.0],"rotation":0,"texture":"#0","tintindex":0}}},{"from":[9.722857,8.322341,3.2444096],"to":[11.254286,8.322341,3.8186955],"rotation":{"angle":0.0,"axis":"y","origin":[8.0,8.609484,5.796791]},"faces":{"east":{"uv":[0.0,0.0,0.0625,0.0],"rotation":0,"texture":"#0","tintindex":0},"south":{"uv":[0.0,0.0,0.1875,0.0],"rotation":0,"texture":"#0","tintindex":0},"north":{"uv":[0.0,0.0,0.1875,0.0],"rotation":0,"texture":"#0","tintindex":0},"west":{"uv":[0.0,0.0,0.0625,0.0],"rotation":0,"texture":"#0","tintindex":0},"up":{"uv":[8.1875,1.625,8.0,1.5625],"rotation":0,"texture":"#0","tintindex":0},"down":{"uv":[8.1875,1.625,8.0,1.6875],"rotation":0,"texture":"#0","tintindex":0}}},{"from":[4.745714,8.322341,3.2444096],"to":[6.2771425,8.322341,3.8186955],"rotation":{"angle":0.0,"axis":"y","origin":[8.0,8.609484,5.796791]},"faces":{"east":{"uv":[0.0,0.0,0.0625,0.0],"rotation":0,"texture":"#0","tintindex":0},"south":{"uv":[0.0,0.0,0.1875,0.0],"rotation":0,"texture":"#0","tintindex":0},"north":{"uv":[0.0,0.0,0.1875,0.0],"rotation":0,"texture":"#0","tintindex":0},"west":{"uv":[0.0,0.0,0.0625,0.0],"rotation":0,"texture":"#0","tintindex":0},"up":{"uv":[2.0625,8.0625,1.875,8.0],"rotation":0,"texture":"#0","tintindex":0},"down":{"uv":[2.25,8.0,2.0625,8.0625],"rotation":0,"texture":"#0","tintindex":0}}},{"from":[4.1714287,8.322341,3.8186955],"to":[6.2771425,9.088056,3.8186955],"rotation":{"angle":0.0,"axis":"y","origin":[8.0,8.609484,5.796791]},"faces":{"east":{"uv":[0.0,0.0,0.0,0.0625],"rotation":0,"texture":"#0","tintindex":0},"south":{"uv":[7.75,6.3125,8.0,6.375],"rotation":0,"texture":"#0","tintindex":0},"north":{"uv":[7.75,6.25,8.0,6.3125],"rotation":0,"texture":"#0","tintindex":0},"west":{"uv":[0.0,0.0,0.0,0.0625],"rotation":0,"texture":"#0","tintindex":0},"up":{"uv":[0.25,0.0,0.0,0.0],"rotation":0,"texture":"#0","tintindex":0},"down":{"uv":[0.25,0.0,0.0,0.0],"rotation":0,"texture":"#0","tintindex":0}}},{"from":[4.1714287,9.088056,3.8186955],"to":[6.2771425,9.088056,4.5972443],"rotation":{"angle":0.0,"axis":"y","origin":[8.0,8.609484,5.809625]},"faces":{"east":{"uv":[0.0,0.0,0.0625,0.0],"rotation":0,"texture":"#0","tintindex":0},"south":{"uv":[0.0,0.0,0.25,0.0],"rotation":0,"texture":"#0","tintindex":0},"north":{"uv":[0.0,0.0,0.25,0.0],"rotation":0,"texture":"#0","tintindex":0},"west":{"uv":[0.0,0.0,0.0625,0.0],"rotation":0,"texture":"#0","tintindex":0},"up":{"uv":[8.0,6.1875,7.75,6.125],"rotation":0,"texture":"#0","tintindex":0},"down":{"uv":[8.0,6.1875,7.75,6.25],"rotation":0,"texture":"#0","tintindex":0}}},{"from":[4.516,9.088056,6.8815527],"to":[7.234286,9.088056,8.042958],"rotation":{"angle":0.0,"axis":"y","origin":[8.0,8.609484,5.809625]},"faces":{"east":{"uv":[0.0,0.0,0.125,0.0],"rotation":0,"texture":"#0","tintindex":0},"south":{"uv":[0.0,0.0,0.3125,0.0],"rotation":0,"texture":"#0","tintindex":0},"north":{"uv":[0.0,0.0,0.3125,0.0],"rotation":0,"texture":"#0","tintindex":0},"west":{"uv":[0.0,0.0,0.125,0.0],"rotation":0,"texture":"#0","tintindex":0},"up":{"uv":[7.625,2.0,7.3125,1.875],"rotation":0,"texture":"#0","tintindex":0},"down":{"uv":[7.625,2.0,7.3125,2.125],"rotation":0,"texture":"#0","tintindex":0}}},{"from":[5.2817144,9.088056,8.030125],"to":[7.234286,9.088056,8.808673],"rotation":{"angle":0.0,"axis":"y","origin":[8.0,8.609484,5.809625]},"faces":{"east":{"uv":[0.0,0.0,0.0625,0.0],"rotation":0,"texture":"#0","tintindex":0},"south":{"uv":[0.0,0.0,0.1875,0.0],"rotation":0,"texture":"#0","tintindex":0},"north":{"uv":[0.0,0.0,0.1875,0.0],"rotation":0,"texture":"#0","tintindex":0},"west":{"uv":[0.0,0.0,0.0625,0.0],"rotation":0,"texture":"#0","tintindex":0},"up":{"uv":[8.1875,3.0,8.0,2.9375],"rotation":0,"texture":"#0","tintindex":0},"down":{"uv":[8.1875,3.0,8.0,3.0625],"rotation":0,"texture":"#0","tintindex":0}}},{"from":[8.765715,9.088056,8.030125],"to":[10.718286,9.088056,8.808673],"rotation":{"angle":0.0,"axis":"y","origin":[8.0,8.609484,5.809625]},"faces":{"east":{"uv":[0.0,0.0,0.0625,0.0],"rotation":0,"texture":"#0","tintindex":0},"south":{"uv":[0.0,0.0,0.1875,0.0],"rotation":0,"texture":"#0","tintindex":0},"north":{"uv":[0.0,0.0,0.1875,0.0],"rotation":0,"texture":"#0","tintindex":0},"west":{"uv":[0.0,0.0,0.0625,0.0],"rotation":0,"texture":"#0","tintindex":0},"up":{"uv":[3.25,8.0625,3.0625,8.0],"rotation":0,"texture":"#0","tintindex":0},"down":{"uv":[8.1875,3.125,8.0,3.1875],"rotation":0,"texture":"#0","tintindex":0}}},{"from":[4.1714287,9.470913,4.5844097],"to":[6.2771425,9.470913,6.8943872],"rotation":{"angle":0.0,"axis":"y","origin":[8.0,8.609484,5.809625]},"faces":{"east":{"uv":[0.0,0.0,0.25,0.0],"rotation":0,"texture":"#0","tintindex":0},"south":{"uv":[0.0,0.0,0.25,0.0],"rotation":0,"texture":"#0","tintindex":0},"north":{"uv":[0.0,0.0,0.25,0.0],"rotation":0,"texture":"#0","tintindex":0},"west":{"uv":[0.0,0.0,0.25,0.0],"rotation":0,"texture":"#0","tintindex":0},"up":{"uv":[7.1875,4.1875,6.9375,3.9375],"rotation":0,"texture":"#0","tintindex":0},"down":{"uv":[7.1875,4.1875,6.9375,4.4375],"rotation":0,"texture":"#0","tintindex":0}}},{"from":[4.1714287,9.088056,4.5844097],"to":[6.2771425,9.470913,4.5844097],"rotation":{"angle":0.0,"axis":"y","origin":[8.0,8.609484,5.809625]},"faces":{"east":{"uv":[0.0,0.0,0.0,0.0625],"rotation":0,"texture":"#0","tintindex":0},"south":{"uv":[7.75,7.375,8.0,7.4375],"rotation":0,"texture":"#0","tintindex":0},"north":{"uv":[7.75,7.3125,8.0,7.375],"rotation":0,"texture":"#0","tintindex":0},"west":{"uv":[0.0,0.0,0.0,0.0625],"rotation":0,"texture":"#0","tintindex":0},"up":{"uv":[0.25,0.0,0.0,0.0],"rotation":0,"texture":"#0","tintindex":0},"down":{"uv":[0.25,0.0,0.0,0.0],"rotation":0,"texture":"#0","tintindex":0}}},{"from":[4.1714287,9.088056,6.8815527],"to":[6.2771425,9.470913,6.8815527],"rotation":{"angle":0.0,"axis":"y","origin":[8.0,8.609484,5.809625]},"faces":{"east":{"uv":[0.0,0.0,0.0,0.0625],"rotation":0,"texture":"#0","tintindex":0},"south":{"uv":[7.8125,2.0625,8.0625,2.125],"rotation":0,"texture":"#0","tintindex":0},"north":{"uv":[7.8125,2.0,8.0625,2.0625],"rotation":0,"texture":"#0","tintindex":0},"west":{"uv":[0.0,0.0,0.0,0.0625],"rotation":0,"texture":"#0","tintindex":0},"up":{"uv":[0.25,0.0,0.0,0.0],"rotation":0,"texture":"#0","tintindex":0},"down":{"uv":[0.25,0.0,0.0,0.0],"rotation":0,"texture":"#0","tintindex":0}}},{"from":[9.722857,9.088056,6.8815527],"to":[11.828571,9.470913,6.8815527],"rotation":{"angle":0.0,"axis":"y","origin":[8.0,8.609484,5.809625]},"faces":{"east":{"uv":[0.0,0.0,0.0,0.0625],"rotation":0,"texture":"#0","tintindex":0},"south":{"uv":[7.8125,2.1875,8.0625,2.25],"rotation":0,"texture":"#0","tintindex":0},"north":{"uv":[7.8125,2.125,8.0625,2.1875],"rotation":0,"texture":"#0","tintindex":0},"west":{"uv":[0.0,0.0,0.0,0.0625],"rotation":0,"texture":"#0","tintindex":0},"up":{"uv":[0.25,0.0,0.0,0.0],"rotation":0,"texture":"#0","tintindex":0},"down":{"uv":[0.25,0.0,0.0,0.0],"rotation":0,"texture":"#0","tintindex":0}}},{"from":[8.765715,9.088056,6.8815527],"to":[11.484,9.088056,8.042958],"rotation":{"angle":0.0,"axis":"y","origin":[8.0,8.609484,5.809625]},"faces":{"east":{"uv":[0.0,0.0,0.125,0.0],"rotation":0,"texture":"#0","tintindex":0},"south":{"uv":[0.0,0.0,0.3125,0.0],"rotation":0,"texture":"#0","tintindex":0},"north":{"uv":[0.0,0.0,0.3125,0.0],"rotation":0,"texture":"#0","tintindex":0},"west":{"uv":[0.0,0.0,0.125,0.0],"rotation":0,"texture":"#0","tintindex":0},"up":{"uv":[7.625,2.25,7.3125,2.125],"rotation":0,"texture":"#0","tintindex":0},"down":{"uv":[3.375,7.3125,3.0625,7.4375],"rotation":0,"texture":"#0","tintindex":0}}},{"from":[4.1714287,9.088056,4.5844097],"to":[4.1714287,9.470913,6.8815527],"rotation":{"angle":0.0,"axis":"y","origin":[8.0,8.609484,5.809625]},"faces":{"east":{"uv":[7.75,7.4375,8.0,7.5],"rotation":0,"texture":"#0","tintindex":0},"south":{"uv":[0.0,0.0,0.0,0.0625],"rotation":0,"texture":"#0","tintindex":0},"north":{"uv":[0.0,0.0,0.0,0.0625],"rotation":0,"texture":"#0","tintindex":0},"west":{"uv":[7.625,7.75,7.875,7.8125],"rotation":0,"texture":"#0","tintindex":0},"up":{"uv":[0.0,0.25,0.0,0.0],"rotation":0,"texture":"#0","tintindex":0},"down":{"uv":[0.0,0.0,0.0,0.25],"rotation":0,"texture":"#0","tintindex":0}}},{"from":[3.7502856,9.088056,4.967267],"to":[4.1714287,9.088056,6.8943872],"rotation":{"angle":0.0,"axis":"y","origin":[8.0,8.609484,5.809625]},"faces":{"east":{"uv":[0.0,0.0,0.1875,0.0],"rotation":0,"texture":"#0","tintindex":0},"south":{"uv":[0.0,0.0,0.0625,0.0],"rotation":0,"texture":"#0","tintindex":0},"north":{"uv":[0.0,0.0,0.0625,0.0],"rotation":0,"texture":"#0","tintindex":0},"west":{"uv":[0.0,0.0,0.1875,0.0],"rotation":0,"texture":"#0","tintindex":0},"up":{"uv":[2.875,8.1875,2.8125,8.0],"rotation":0,"texture":"#0","tintindex":0},"down":{"uv":[2.9375,8.0,2.875,8.1875],"rotation":0,"texture":"#0","tintindex":0}}},{"from":[9.722857,8.322341,3.8186955],"to":[11.828571,9.088056,3.8186955],"rotation":{"angle":0.0,"axis":"y","origin":[8.0,8.609484,5.796791]},"faces":{"east":{"uv":[0.0,0.0,0.0,0.0625],"rotation":0,"texture":"#0","tintindex":0},"south":{"uv":[7.8125,1.9375,8.0625,2.0],"rotation":0,"texture":"#0","tintindex":0},"north":{"uv":[7.8125,1.875,8.0625,1.9375],"rotation":0,"texture":"#0","tintindex":0},"west":{"uv":[0.0,0.0,0.0,0.0625],"rotation":0,"texture":"#0","tintindex":0},"up":{"uv":[0.25,0.0,0.0,0.0],"rotation":0,"texture":"#0","tintindex":0},"down":{"uv":[0.25,0.0,0.0,0.0],"rotation":0,"texture":"#0","tintindex":0}}},{"from":[9.722857,9.088056,3.8186955],"to":[11.828571,9.088056,4.5972443],"rotation":{"angle":0.0,"axis":"y","origin":[8.0,8.609484,5.809625]},"faces":{"east":{"uv":[0.0,0.0,0.0625,0.0],"rotation":0,"texture":"#0","tintindex":0},"south":{"uv":[0.0,0.0,0.25,0.0],"rotation":0,"texture":"#0","tintindex":0},"north":{"uv":[0.0,0.0,0.25,0.0],"rotation":0,"texture":"#0","tintindex":0},"west":{"uv":[0.0,0.0,0.0625,0.0],"rotation":0,"texture":"#0","tintindex":0},"up":{"uv":[8.0625,0.6875,7.8125,0.625],"rotation":0,"texture":"#0","tintindex":0},"down":{"uv":[8.0625,0.6875,7.8125,0.75],"rotation":0,"texture":"#0","tintindex":0}}},{"from":[9.722857,9.470913,4.5844097],"to":[11.828571,9.470913,6.8943872],"rotation":{"angle":0.0,"axis":"y","origin":[8.0,8.609484,5.809625]},"faces":{"east":{"uv":[0.0,0.0,0.25,0.0],"rotation":0,"texture":"#0","tintindex":0},"south":{"uv":[0.0,0.0,0.25,0.0],"rotation":0,"texture":"#0","tintindex":0},"north":{"uv":[0.0,0.0,0.25,0.0],"rotation":0,"texture":"#0","tintindex":0},"west":{"uv":[0.0,0.0,0.25,0.0],"rotation":0,"texture":"#0","tintindex":0},"up":{"uv":[7.1875,4.6875,6.9375,4.4375],"rotation":0,"texture":"#0","tintindex":0},"down":{"uv":[7.1875,4.6875,6.9375,4.9375],"rotation":0,"texture":"#0","tintindex":0}}},{"from":[9.722857,9.088056,4.5844097],"to":[11.828571,9.470913,4.5844097],"rotation":{"angle":0.0,"axis":"y","origin":[8.0,8.609484,5.809625]},"faces":{"east":{"uv":[0.0,0.0,0.0,0.0625],"rotation":0,"texture":"#0","tintindex":0},"south":{"uv":[7.8125,0.5625,8.0625,0.625],"rotation":0,"texture":"#0","tintindex":0},"north":{"uv":[7.8125,0.25,8.0625,0.3125],"rotation":0,"texture":"#0","tintindex":0},"west":{"uv":[0.0,0.0,0.0,0.0625],"rotation":0,"texture":"#0","tintindex":0},"up":{"uv":[0.25,0.0,0.0,0.0],"rotation":0,"texture":"#0","tintindex":0},"down":{"uv":[0.25,0.0,0.0,0.0],"rotation":0,"texture":"#0","tintindex":0}}},{"from":[11.828571,9.088056,4.5844097],"to":[11.828571,9.470913,6.8815527],"rotation":{"angle":0.0,"axis":"y","origin":[8.0,8.609484,5.809625]},"faces":{"east":{"uv":[7.8125,0.125,8.0625,0.1875],"rotation":0,"texture":"#0","tintindex":0},"south":{"uv":[0.0,0.0,0.0,0.0625],"rotation":0,"texture":"#0","tintindex":0},"north":{"uv":[0.0,0.0,0.0,0.0625],"rotation":0,"texture":"#0","tintindex":0},"west":{"uv":[7.8125,0.1875,8.0625,0.25],"rotation":0,"texture":"#0","tintindex":0},"up":{"uv":[0.0,0.25,0.0,0.0],"rotation":0,"texture":"#0","tintindex":0},"down":{"uv":[0.0,0.0,0.0,0.25],"rotation":0,"texture":"#0","tintindex":0}}},{"from":[11.828571,9.088056,4.967267],"to":[12.249714,9.088056,6.8943872],"rotation":{"angle":0.0,"axis":"y","origin":[8.0,8.609484,5.809625]},"faces":{"east":{"uv":[0.0,0.0,0.1875,0.0],"rotation":0,"texture":"#0","tintindex":0},"south":{"uv":[0.0,0.0,0.0625,0.0],"rotation":0,"texture":"#0","tintindex":0},"north":{"uv":[0.0,0.0,0.0625,0.0],"rotation":0,"texture":"#0","tintindex":0},"west":{"uv":[0.0,0.0,0.1875,0.0],"rotation":0,"texture":"#0","tintindex":0},"up":{"uv":[3.0,8.1875,2.9375,8.0],"rotation":0,"texture":"#0","tintindex":0},"down":{"uv":[3.0625,8.0,3.0,8.1875],"rotation":0,"texture":"#0","tintindex":0}}},{"from":[9.722857,8.51377,4.5972443],"to":[10.488571,9.088056,5.17153],"rotation":{"angle":0.0,"axis":"y","origin":[8.0,8.609484,5.809625]},"faces":{"east":{"uv":[6.875,8.1875,6.9375,8.25],"rotation":0,"texture":"#0","tintindex":0},"south":{"uv":[6.9375,8.1875,7.0,8.25],"rotation":0,"texture":"#0","tintindex":0},"north":{"uv":[6.8125,8.1875,6.875,8.25],"rotation":0,"texture":"#0","tintindex":0},"west":{"uv":[7.0,8.1875,7.0625,8.25],"rotation":0,"texture":"#0","tintindex":0},"up":{"uv":[7.125,8.25,7.0625,8.1875],"rotation":0,"texture":"#0","tintindex":0},"down":{"uv":[7.1875,8.1875,7.125,8.25],"rotation":0,"texture":"#0","tintindex":0}}},{"from":[6.2771425,8.51377,3.8315296],"to":[9.722857,9.088056,4.5972443],"rotation":{"angle":0.0,"axis":"y","origin":[8.0,8.609484,5.809625]},"faces":{"east":{"uv":[6.6875,8.1875,6.75,8.25],"rotation":0,"texture":"#0","tintindex":0},"south":{"uv":[7.5,7.1875,7.875,7.25],"rotation":0,"texture":"#0","tintindex":0},"north":{"uv":[7.5,7.125,7.875,7.1875],"rotation":0,"texture":"#0","tintindex":0},"west":{"uv":[6.75,8.1875,6.8125,8.25],"rotation":0,"texture":"#0","tintindex":0},"up":{"uv":[7.9375,0.5,7.5625,0.4375],"rotation":0,"texture":"#0","tintindex":0},"down":{"uv":[7.9375,0.5,7.5625,0.5625],"rotation":0,"texture":"#0","tintindex":0}}},{"from":[6.2771425,8.51377,6.7029586],"to":[7.4257145,9.088056,7.4686728],"rotation":{"angle":0.0,"axis":"y","origin":[8.0,8.609484,5.809625]},"faces":{"east":{"uv":[6.5625,8.1875,6.625,8.25],"rotation":0,"texture":"#0","tintindex":0},"south":{"uv":[0.125,8.0625,0.25,8.125],"rotation":0,"texture":"#0","tintindex":0},"north":{"uv":[8.0625,0.0625,8.1875,0.125],"rotation":0,"texture":"#0","tintindex":0},"west":{"uv":[6.625,8.1875,6.6875,8.25],"rotation":0,"texture":"#0","tintindex":0},"up":{"uv":[8.1875,0.1875,8.0625,0.125],"rotation":0,"texture":"#0","tintindex":0},"down":{"uv":[8.1875,0.1875,8.0625,0.25],"rotation":0,"texture":"#0","tintindex":0}}},{"from":[5.5114284,8.51377,6.1286726],"to":[6.2771425,9.088056,6.7029586],"rotation":{"angle":0.0,"axis":"y","origin":[8.0,8.609484,5.809625]},"faces":{"east":{"uv":[6.25,8.1875,6.3125,8.25],"rotation":0,"texture":"#0","tintindex":0},"south":{"uv":[6.3125,8.1875,6.375,8.25],"rotation":0,"texture":"#0","tintindex":0},"north":{"uv":[6.125,8.1875,6.1875,8.25],"rotation":0,"texture":"#0","tintindex":0},"west":{"uv":[6.375,8.1875,6.4375,8.25],"rotation":0,"texture":"#0","tintindex":0},"up":{"uv":[6.5,8.25,6.4375,8.1875],"rotation":0,"texture":"#0","tintindex":0},"down":{"uv":[6.5625,8.1875,6.5,8.25],"rotation":0,"texture":"#0","tintindex":0}}},{"from":[4.745714,8.51377,5.17153],"to":[5.5114284,9.088056,6.1286726],"rotation":{"angle":0.0,"axis":"y","origin":[8.0,8.609484,5.809625]},"faces":{"east":{"uv":[0.0,8.0625,0.125,8.125],"rotation":0,"texture":"#0","tintindex":0},"south":{"uv":[6.0625,8.1875,6.125,8.25],"rotation":0,"texture":"#0","tintindex":0},"north":{"uv":[6.0,8.1875,6.0625,8.25],"rotation":0,"texture":"#0","tintindex":0},"west":{"uv":[8.0625,0.0,8.1875,0.0625],"rotation":0,"texture":"#0","tintindex":0},"up":{"uv":[6.0625,5.5,6.0,5.375],"rotation":0,"texture":"#0","tintindex":0},"down":{"uv":[4.6875,6.375,4.625,6.5],"rotation":0,"texture":"#0","tintindex":0}}},{"from":[5.5114284,8.51377,4.5972443],"to":[6.2771425,9.088056,5.17153],"rotation":{"angle":0.0,"axis":"y","origin":[8.0,8.609484,5.809625]},"faces":{"east":{"uv":[5.6875,8.1875,5.75,8.25],"rotation":0,"texture":"#0","tintindex":0},"south":{"uv":[5.8125,8.1875,5.875,8.25],"rotation":0,"texture":"#0","tintindex":0},"north":{"uv":[8.1875,5.625,8.25,5.6875],"rotation":0,"texture":"#0","tintindex":0},"west":{"uv":[5.875,8.1875,5.9375,8.25],"rotation":0,"texture":"#0","tintindex":0},"up":{"uv":[6.0,8.25,5.9375,8.1875],"rotation":0,"texture":"#0","tintindex":0},"down":{"uv":[8.25,5.9375,8.1875,6.0],"rotation":0,"texture":"#0","tintindex":0}}},{"from":[5.702857,8.910336,3.6162972],"to":[7.6171427,9.676049,4.3820114],"rotation":{"angle":-22.5,"axis":"x","origin":[6.468571,8.144621,7.827726]},"faces":{"east":{"uv":[8.1875,5.5625,8.25,5.625],"rotation":0,"texture":"#0","tintindex":0},"south":{"uv":[7.9375,0.875,8.125,0.9375],"rotation":0,"texture":"#0","tintindex":0},"north":{"uv":[7.9375,0.8125,8.125,0.875],"rotation":0,"texture":"#0","tintindex":0},"west":{"uv":[5.625,8.1875,5.6875,8.25],"rotation":0,"texture":"#0","tintindex":0},"up":{"uv":[8.125,1.5,7.9375,1.4375],"rotation":0,"texture":"#0","tintindex":0},"down":{"uv":[8.125,2.25,7.9375,2.3125],"rotation":0,"texture":"#0","tintindex":0}}},{"from":[8.382857,8.910336,3.6162972],"to":[10.297143,9.676049,4.3820114],"rotation":{"angle":-22.5,"axis":"x","origin":[9.531428,8.144621,7.827726]},"faces":{"east":{"uv":[8.1875,4.8125,8.25,4.875],"rotation":0,"texture":"#0","tintindex":0},"south":{"uv":[7.875,5.9375,8.0625,6.0],"rotation":0,"texture":"#0","tintindex":0},"north":{"uv":[7.875,5.625,8.0625,5.6875],"rotation":0,"texture":"#0","tintindex":0},"west":{"uv":[4.875,8.1875,4.9375,8.25],"rotation":0,"texture":"#0","tintindex":0},"up":{"uv":[8.0625,7.1875,7.875,7.125],"rotation":0,"texture":"#0","tintindex":0},"down":{"uv":[8.0625,7.1875,7.875,7.25],"rotation":0,"texture":"#0","tintindex":0}}},{"from":[10.297143,8.527478,4.3820114],"to":[11.062858,9.293192,5.1477256],"rotation":{"angle":-22.5,"axis":"x","origin":[9.531428,8.144621,7.827726]},"faces":{"east":{"uv":[8.1875,4.625,8.25,4.6875],"rotation":0,"texture":"#0","tintindex":0},"south":{"uv":[4.6875,8.1875,4.75,8.25],"rotation":0,"texture":"#0","tintindex":0},"north":{"uv":[4.625,8.1875,4.6875,8.25],"rotation":0,"texture":"#0","tintindex":0},"west":{"uv":[4.75,8.1875,4.8125,8.25],"rotation":0,"texture":"#0","tintindex":0},"up":{"uv":[8.25,4.8125,8.1875,4.75],"rotation":0,"texture":"#0","tintindex":0},"down":{"uv":[4.875,8.1875,4.8125,8.25],"rotation":0,"texture":"#0","tintindex":0}}},{"from":[11.062858,8.144621,5.1477256],"to":[11.828571,8.910336,6.6791544],"rotation":{"angle":-22.5,"axis":"x","origin":[9.531428,8.144621,7.827726]},"faces":{"east":{"uv":[7.875,5.5625,8.0625,5.625],"rotation":0,"texture":"#0","tintindex":0},"south":{"uv":[8.1875,4.5625,8.25,4.625],"rotation":0,"texture":"#0","tintindex":0},"north":{"uv":[4.5625,8.1875,4.625,8.25],"rotation":0,"texture":"#0","tintindex":0},"west":{"uv":[5.625,7.875,5.8125,7.9375],"rotation":0,"texture":"#0","tintindex":0},"up":{"uv":[5.375,8.0625,5.3125,7.875],"rotation":0,"texture":"#0","tintindex":0},"down":{"uv":[7.9375,6.75,7.875,6.9375],"rotation":0,"texture":"#0","tintindex":0}}},{"from":[4.9371424,8.527478,4.3820114],"to":[5.702857,9.293192,5.1477256],"rotation":{"angle":-22.5,"axis":"x","origin":[6.468571,8.144621,7.827726]},"faces":{"east":{"uv":[5.0,8.1875,5.0625,8.25],"rotation":0,"texture":"#0","tintindex":0},"south":{"uv":[5.0625,8.1875,5.125,8.25],"rotation":0,"texture":"#0","tintindex":0},"north":{"uv":[8.1875,4.875,8.25,4.9375],"rotation":0,"texture":"#0","tintindex":0},"west":{"uv":[8.1875,5.0625,8.25,5.125],"rotation":0,"texture":"#0","tintindex":0},"up":{"uv":[5.1875,8.25,5.125,8.1875],"rotation":0,"texture":"#0","tintindex":0},"down":{"uv":[8.25,5.125,8.1875,5.1875],"rotation":0,"texture":"#0","tintindex":0}}},{"from":[4.1714287,8.144621,5.1477256],"to":[4.9371424,8.910336,6.6791544],"rotation":{"angle":-22.5,"axis":"x","origin":[6.468571,8.144621,7.827726]},"faces":{"east":{"uv":[7.875,7.5,8.0625,7.5625],"rotation":0,"texture":"#0","tintindex":0},"south":{"uv":[8.1875,5.1875,8.25,5.25],"rotation":0,"texture":"#0","tintindex":0},"north":{"uv":[5.1875,8.1875,5.25,8.25],"rotation":0,"texture":"#0","tintindex":0},"west":{"uv":[7.875,7.5625,8.0625,7.625],"rotation":0,"texture":"#0","tintindex":0},"up":{"uv":[6.9375,8.0625,6.875,7.875],"rotation":0,"texture":"#0","tintindex":0},"down":{"uv":[7.9375,7.75,7.875,7.9375],"rotation":0,"texture":"#0","tintindex":0}}},{"from":[4.9371424,7.953192,6.6791544],"to":[5.702857,8.718906,7.4448686],"rotation":{"angle":-22.5,"axis":"x","origin":[6.468571,8.144621,7.827726]},"faces":{"east":{"uv":[8.1875,5.25,8.25,5.3125],"rotation":0,"texture":"#0","tintindex":0},"south":{"uv":[5.3125,8.1875,5.375,8.25],"rotation":0,"texture":"#0","tintindex":0},"north":{"uv":[5.25,8.1875,5.3125,8.25],"rotation":0,"texture":"#0","tintindex":0},"west":{"uv":[5.375,8.1875,5.4375,8.25],"rotation":0,"texture":"#0","tintindex":0},"up":{"uv":[5.5,8.25,5.4375,8.1875],"rotation":0,"texture":"#0","tintindex":0},"down":{"uv":[8.25,5.4375,8.1875,5.5],"rotation":0,"texture":"#0","tintindex":0}}},{"from":[5.702857,7.7617636,7.4448686],"to":[7.234286,8.527478,8.210583],"rotation":{"angle":-22.5,"axis":"x","origin":[6.468571,8.144621,7.827726]},"faces":{"east":{"uv":[5.5,8.1875,5.5625,8.25],"rotation":0,"texture":"#0","tintindex":0},"south":{"uv":[7.9375,0.4375,8.125,0.5],"rotation":0,"texture":"#0","tintindex":0},"north":{"uv":[7.875,7.625,8.0625,7.6875],"rotation":0,"texture":"#0","tintindex":0},"west":{"uv":[8.1875,5.5,8.25,5.5625],"rotation":0,"texture":"#0","tintindex":0},"up":{"uv":[8.125,0.5625,7.9375,0.5],"rotation":0,"texture":"#0","tintindex":0},"down":{"uv":[8.125,0.75,7.9375,0.8125],"rotation":0,"texture":"#0","tintindex":0}}},{"from":[8.765715,7.7617636,7.4448686],"to":[10.297143,8.527478,8.210583],"rotation":{"angle":-22.5,"axis":"x","origin":[9.531428,8.144621,7.827726]},"faces":{"east":{"uv":[4.1875,8.1875,4.25,8.25],"rotation":0,"texture":"#0","tintindex":0},"south":{"uv":[7.875,4.75,8.0625,4.8125],"rotation":0,"texture":"#0","tintindex":0},"north":{"uv":[7.875,4.3125,8.0625,4.375],"rotation":0,"texture":"#0","tintindex":0},"west":{"uv":[4.25,8.1875,4.3125,8.25],"rotation":0,"texture":"#0","tintindex":0},"up":{"uv":[5.3125,7.9375,5.125,7.875],"rotation":0,"texture":"#0","tintindex":0},"down":{"uv":[5.625,7.875,5.4375,7.9375],"rotation":0,"texture":"#0","tintindex":0}}},{"from":[10.297143,7.953192,6.6791544],"to":[11.062858,8.718906,7.4448686],"rotation":{"angle":-22.5,"axis":"x","origin":[9.531428,8.144621,7.827726]},"faces":{"east":{"uv":[4.375,8.1875,4.4375,8.25],"rotation":0,"texture":"#0","tintindex":0},"south":{"uv":[4.4375,8.1875,4.5,8.25],"rotation":0,"texture":"#0","tintindex":0},"north":{"uv":[4.3125,8.1875,4.375,8.25],"rotation":0,"texture":"#0","tintindex":0},"west":{"uv":[8.1875,4.4375,8.25,4.5],"rotation":0,"texture":"#0","tintindex":0},"up":{"uv":[4.5625,8.25,4.5,8.1875],"rotation":0,"texture":"#0","tintindex":0},"down":{"uv":[8.25,4.5,8.1875,4.5625],"rotation":0,"texture":"#0","tintindex":0}}}],"display":{"head":{"translation":[0.0,-6.4,0.0],"scale":[4.0,4.0,4.0]}}}