{"textures":{"0":"modelengine:entity/knight"},"elements":[{"from":[7.36,7.94,-4.800001],"to":[8.32,8.9,21.439999],"rotation":{"angle":0.0,"axis":"y","origin":[7.6,8.42,10.879999]},"faces":{"east":{"uv":[3.375,1.6875,7.5,1.8125],"rotation":0,"texture":"#0","tintindex":0},"south":{"uv":[5.1875,8.75,5.3125,8.875],"rotation":0,"texture":"#0","tintindex":0},"north":{"uv":[8.75,5.125,8.875,5.25],"rotation":0,"texture":"#0","tintindex":0},"west":{"uv":[3.375,1.8125,7.5,1.9375],"rotation":0,"texture":"#0","tintindex":0},"up":{"uv":[1.875,7.5625,1.75,3.4375],"rotation":0,"texture":"#0","tintindex":0},"down":{"uv":[2.0,3.4375,1.875,7.5625],"rotation":0,"texture":"#0","tintindex":0}}},{"from":[7.46,8.54,-10.000002],"to":[8.22,9.5,-2.6600008],"rotation":{"angle":0.0,"axis":"y","origin":[7.6,8.42,10.879999]},"faces":{"east":{"uv":[5.125,1.4375,6.25,1.5625],"rotation":0,"texture":"#0","tintindex":0},"south":{"uv":[5.3125,8.75,5.4375,8.875],"rotation":0,"texture":"#0","tintindex":0},"north":{"uv":[8.75,5.25,8.875,5.375],"rotation":0,"texture":"#0","tintindex":0},"west":{"uv":[5.1875,2.75,6.3125,2.875],"rotation":0,"texture":"#0","tintindex":0},"up":{"uv":[4.375,6.5625,4.25,5.4375],"rotation":0,"texture":"#0","tintindex":0},"down":{"uv":[4.5,5.4375,4.375,6.5625],"rotation":0,"texture":"#0","tintindex":0}}},{"from":[7.82,5.54,-16.0],"to":[7.82,13.700001,0.13999844],"rotation":{"angle":0.0,"axis":"y","origin":[7.6,8.42,10.879999]},"faces":{"east":{"uv":[2.5,1.25,0.0,2.5],"rotation":0,"texture":"#0","tintindex":0},"south":{"uv":[0.0,0.0,0.0,1.25],"rotation":0,"texture":"#0","tintindex":0},"north":{"uv":[0.0,0.0,0.0,1.25],"rotation":0,"texture":"#0","tintindex":0},"west":{"uv":[0.0,1.25,2.5,2.5],"rotation":0,"texture":"#0","tintindex":0},"up":{"uv":[0.0,2.5,0.0,0.0],"rotation":0,"texture":"#0","tintindex":0},"down":{"uv":[0.0,0.0,0.0,2.5],"rotation":0,"texture":"#0","tintindex":0}}},{"from":[7.66,8.84,-6.9000015],"to":[8.02,9.8,-2.2600002],"rotation":{"angle":22.5,"axis":"x","origin":[7.6,9.62,-5.5200005]},"faces":{"east":{"uv":[6.25,1.4375,7.0,1.5625],"rotation":0,"texture":"#0","tintindex":0},"south":{"uv":[8.8125,8.625,8.875,8.75],"rotation":0,"texture":"#0","tintindex":0},"north":{"uv":[8.625,8.8125,8.6875,8.9375],"rotation":0,"texture":"#0","tintindex":0},"west":{"uv":[6.625,3.25,7.375,3.375],"rotation":0,"texture":"#0","tintindex":0},"up":{"uv":[1.75,4.3125,1.6875,3.5625],"rotation":0,"texture":"#0","tintindex":0},"down":{"uv":[5.8125,7.5625,5.75,8.3125],"rotation":0,"texture":"#0","tintindex":0}}},{"from":[7.56,6.24,-11.800001],"to":[8.12,7.5,-7.3600006],"rotation":{"angle":22.5,"axis":"x","origin":[7.6,9.62,-5.5200005]},"faces":{"east":{"uv":[5.6875,3.625,6.375,3.8125],"rotation":0,"texture":"#0","tintindex":0},"south":{"uv":[1.75,8.8125,1.8125,9.0],"rotation":0,"texture":"#0","tintindex":0},"north":{"uv":[1.6875,8.8125,1.75,9.0],"rotation":0,"texture":"#0","tintindex":0},"west":{"uv":[5.75,0.375,6.4375,0.5625],"rotation":0,"texture":"#0","tintindex":0},"up":{"uv":[1.9375,8.5625,1.875,7.875],"rotation":0,"texture":"#0","tintindex":0},"down":{"uv":[5.1875,7.875,5.125,8.5625],"rotation":0,"texture":"#0","tintindex":0}}},{"from":[7.66,4.1400003,-12.400002],"to":[8.02,5.1,-10.060001],"rotation":{"angle":45.0,"axis":"x","origin":[7.6,9.62,-5.5200005]},"faces":{"east":{"uv":[7.875,4.125,8.25,4.25],"rotation":0,"texture":"#0","tintindex":0},"south":{"uv":[8.75,8.8125,8.8125,8.9375],"rotation":0,"texture":"#0","tintindex":0},"north":{"uv":[8.6875,8.8125,8.75,8.9375],"rotation":0,"texture":"#0","tintindex":0},"west":{"uv":[7.875,6.5,8.25,6.625],"rotation":0,"texture":"#0","tintindex":0},"up":{"uv":[4.8125,8.875,4.75,8.5],"rotation":0,"texture":"#0","tintindex":0},"down":{"uv":[5.5625,8.5,5.5,8.875],"rotation":0,"texture":"#0","tintindex":0}}},{"from":[7.76,4.04,-13.600002],"to":[7.92,4.6,-11.26],"rotation":{"angle":45.0,"axis":"x","origin":[7.6,9.62,-5.5200005]},"faces":{"east":{"uv":[8.625,0.1875,9.0,0.25],"rotation":0,"texture":"#0","tintindex":0},"south":{"uv":[2.25,8.875,2.3125,8.9375],"rotation":0,"texture":"#0","tintindex":0},"north":{"uv":[2.1875,8.875,2.25,8.9375],"rotation":0,"texture":"#0","tintindex":0},"west":{"uv":[5.5625,8.625,5.9375,8.6875],"rotation":0,"texture":"#0","tintindex":0},"up":{"uv":[2.5,8.9375,2.4375,8.5625],"rotation":0,"texture":"#0","tintindex":0},"down":{"uv":[2.9375,8.5625,2.875,8.9375],"rotation":0,"texture":"#0","tintindex":0}}},{"from":[7.76,5.74,-11.500002],"to":[7.92,6.3,-6.0600014],"rotation":{"angle":22.5,"axis":"x","origin":[7.6,9.62,-5.5200005]},"faces":{"east":{"uv":[5.5,2.25,6.375,2.3125],"rotation":0,"texture":"#0","tintindex":0},"south":{"uv":[8.875,2.3125,8.9375,2.375],"rotation":0,"texture":"#0","tintindex":0},"north":{"uv":[8.875,2.25,8.9375,2.3125],"rotation":0,"texture":"#0","tintindex":0},"west":{"uv":[7.5625,7.25,8.4375,7.3125],"rotation":0,"texture":"#0","tintindex":0},"up":{"uv":[6.75,8.1875,6.6875,7.3125],"rotation":0,"texture":"#0","tintindex":0},"down":{"uv":[0.875,7.4375,0.8125,8.3125],"rotation":0,"texture":"#0","tintindex":0}}},{"from":[7.66,8.84,1.1999989],"to":[8.02,9.6,5.639999],"rotation":{"angle":0.0,"axis":"y","origin":[7.6,9.62,-5.5200005]},"faces":{"east":{"uv":[6.75,6.5625,7.4375,6.6875],"rotation":0,"texture":"#0","tintindex":0},"south":{"uv":[8.875,0.0,8.9375,0.125],"rotation":0,"texture":"#0","tintindex":0},"north":{"uv":[8.8125,8.75,8.875,8.875],"rotation":0,"texture":"#0","tintindex":0},"west":{"uv":[6.8125,1.5625,7.5,1.6875],"rotation":0,"texture":"#0","tintindex":0},"up":{"uv":[5.25,8.5625,5.1875,7.875],"rotation":0,"texture":"#0","tintindex":0},"down":{"uv":[6.375,7.875,6.3125,8.5625],"rotation":0,"texture":"#0","tintindex":0}}},{"from":[7.16,7.64,-0.80000114],"to":[8.52,9.2,-0.36000156],"rotation":{"angle":0.0,"axis":"y","origin":[7.6,9.62,-5.5200005]},"faces":{"east":{"uv":[2.8125,8.6875,2.875,8.9375],"rotation":0,"texture":"#0","tintindex":0},"south":{"uv":[7.875,7.4375,8.0625,7.6875],"rotation":0,"texture":"#0","tintindex":0},"north":{"uv":[7.125,7.875,7.3125,8.125],"rotation":0,"texture":"#0","tintindex":0},"west":{"uv":[3.9375,8.6875,4.0,8.9375],"rotation":0,"texture":"#0","tintindex":0},"up":{"uv":[2.3125,8.875,2.125,8.8125],"rotation":0,"texture":"#0","tintindex":0},"down":{"uv":[9.0,2.1875,8.8125,2.25],"rotation":0,"texture":"#0","tintindex":0}}},{"from":[7.66,7.64,18.8],"to":[8.02,8.4,25.24],"rotation":{"angle":0.0,"axis":"y","origin":[7.6,9.62,-5.5200005]},"faces":{"east":{"uv":[5.6875,3.8125,6.6875,3.9375],"rotation":0,"texture":"#0","tintindex":0},"south":{"uv":[0.1875,8.875,0.25,9.0],"rotation":0,"texture":"#0","tintindex":0},"north":{"uv":[0.125,8.875,0.1875,9.0],"rotation":0,"texture":"#0","tintindex":0},"west":{"uv":[5.75,0.5625,6.75,0.6875],"rotation":0,"texture":"#0","tintindex":0},"up":{"uv":[0.9375,8.25,0.875,7.25],"rotation":0,"texture":"#0","tintindex":0},"down":{"uv":[5.875,7.3125,5.8125,8.3125],"rotation":0,"texture":"#0","tintindex":0}}},{"from":[7.76,6.24,-7.500002],"to":[7.92,7.0,-3.2600002],"rotation":{"angle":22.5,"axis":"x","origin":[7.6,9.62,-5.5200005]},"faces":{"east":{"uv":[6.875,4.1875,7.5625,4.3125],"rotation":0,"texture":"#0","tintindex":0},"south":{"uv":[8.875,0.25,8.9375,0.375],"rotation":0,"texture":"#0","tintindex":0},"north":{"uv":[0.25,8.875,0.3125,9.0],"rotation":0,"texture":"#0","tintindex":0},"west":{"uv":[6.875,4.3125,7.5625,4.4375],"rotation":0,"texture":"#0","tintindex":0},"up":{"uv":[6.4375,8.5625,6.375,7.875],"rotation":0,"texture":"#0","tintindex":0},"down":{"uv":[1.4375,7.9375,1.375,8.625],"rotation":0,"texture":"#0","tintindex":0}}},{"from":[7.46,7.54,-9.500002],"to":[8.22,8.2,-1.0600014],"rotation":{"angle":0.0,"axis":"y","origin":[7.6,9.62,-5.5200005]},"faces":{"east":{"uv":[4.625,1.5625,5.9375,1.6875],"rotation":0,"texture":"#0","tintindex":0},"south":{"uv":[8.75,5.5,8.875,5.625],"rotation":0,"texture":"#0","tintindex":0},"north":{"uv":[8.75,5.375,8.875,5.5],"rotation":0,"texture":"#0","tintindex":0},"west":{"uv":[5.0625,2.3125,6.375,2.4375],"rotation":0,"texture":"#0","tintindex":0},"up":{"uv":[3.875,6.3125,3.75,5.0],"rotation":0,"texture":"#0","tintindex":0},"down":{"uv":[1.0625,5.125,0.9375,6.4375],"rotation":0,"texture":"#0","tintindex":0}}},{"from":[7.76,10.54,-11.100002],"to":[7.92,11.5,-8.16],"rotation":{"angle":-22.5,"axis":"x","origin":[7.6,9.62,-5.5200005]},"faces":{"east":{"uv":[7.5625,7.3125,8.0,7.4375],"rotation":0,"texture":"#0","tintindex":0},"south":{"uv":[0.5,8.875,0.5625,9.0],"rotation":0,"texture":"#0","tintindex":0},"north":{"uv":[0.3125,8.875,0.375,9.0],"rotation":0,"texture":"#0","tintindex":0},"west":{"uv":[7.625,0.4375,8.0625,0.5625],"rotation":0,"texture":"#0","tintindex":0},"up":{"uv":[1.1875,8.8125,1.125,8.375],"rotation":0,"texture":"#0","tintindex":0},"down":{"uv":[1.25,8.375,1.1875,8.8125],"rotation":0,"texture":"#0","tintindex":0}}}],"display":{"head":{"translation":[0.0,-6.4,-11.519997],"scale":[4.0,4.0,4.0]}}}