{"textures":{"0":"modelengine:entity/stomp_shockwave"},"elements":[{"from":[21.086,-7.0,-16.0],"to":[21.086,15.8,-3.0639992],"rotation":{"angle":0.0,"axis":"y","origin":[67.136,-7.0,47.642002]},"faces":{"east":{"uv":[0.0,0.0,1.75,4.75],"rotation":0,"texture":"#0","tintindex":0},"south":{"uv":[0.0,0.0,0.0,4.75],"rotation":0,"texture":"#0","tintindex":0},"north":{"uv":[0.0,0.0,0.0,4.75],"rotation":0,"texture":"#0","tintindex":0},"west":{"uv":[1.75,0.0,0.0,4.75],"rotation":0,"texture":"#0","tintindex":0},"up":{"uv":[1.75,0.0,0.0,0.0],"rotation":90,"texture":"#0","tintindex":0},"down":{"uv":[1.75,0.0,0.0,0.0],"rotation":270,"texture":"#0","tintindex":0}}},{"from":[15.08,-7.0,-9.9939995],"to":[28.016,15.8,-9.9939995],"rotation":{"angle":0.0,"axis":"y","origin":[8.0,-7.0,-11.4939995]},"faces":{"east":{"uv":[0.0,0.0,0.0,4.75],"rotation":0,"texture":"#0","tintindex":0},"south":{"uv":[1.75,0.0,0.0,4.75],"rotation":0,"texture":"#0","tintindex":0},"north":{"uv":[0.0,0.0,1.75,4.75],"rotation":0,"texture":"#0","tintindex":0},"west":{"uv":[0.0,0.0,0.0,4.75],"rotation":0,"texture":"#0","tintindex":0},"up":{"uv":[1.75,0.0,0.0,0.0],"rotation":0,"texture":"#0","tintindex":0},"down":{"uv":[1.75,0.0,0.0,0.0],"rotation":0,"texture":"#0","tintindex":0}}},{"from":[-12.4,-16.0,-9.958],"to":[-4.0,11.360001,-9.958],"rotation":{"angle":0.0,"axis":"y","origin":[8.0,-12.400002,9.242001]},"faces":{"east":{"uv":[0.0,0.0,0.0,4.75],"rotation":0,"texture":"#0","tintindex":0},"south":{"uv":[1.75,0.0,0.0,4.75],"rotation":0,"texture":"#0","tintindex":0},"north":{"uv":[0.0,0.0,1.75,4.75],"rotation":0,"texture":"#0","tintindex":0},"west":{"uv":[0.0,0.0,0.0,4.75],"rotation":0,"texture":"#0","tintindex":0},"up":{"uv":[1.75,0.0,0.0,0.0],"rotation":0,"texture":"#0","tintindex":0},"down":{"uv":[1.75,0.0,0.0,0.0],"rotation":0,"texture":"#0","tintindex":0}}},{"from":[-8.5,-16.0,-13.858],"to":[-8.5,11.360001,-5.457999],"rotation":{"angle":0.0,"axis":"y","origin":[46.4,-12.400002,47.642002]},"faces":{"east":{"uv":[0.0,0.0,1.75,4.75],"rotation":0,"texture":"#0","tintindex":0},"south":{"uv":[0.0,0.0,0.0,4.75],"rotation":0,"texture":"#0","tintindex":0},"north":{"uv":[0.0,0.0,0.0,4.75],"rotation":0,"texture":"#0","tintindex":0},"west":{"uv":[1.75,0.0,0.0,4.75],"rotation":0,"texture":"#0","tintindex":0},"up":{"uv":[1.75,0.0,0.0,0.0],"rotation":90,"texture":"#0","tintindex":0},"down":{"uv":[1.75,0.0,0.0,0.0],"rotation":270,"texture":"#0","tintindex":0}}}],"display":{"head":{"translation":[0.0,-90.4,-4.9680023],"scale":[4.0,4.0,4.0]}}}