{"textures":{"0":"modelengine:entity/stomp_shockwave"},"elements":[{"from":[17.428572,-16.0,21.714287],"to":[21.714287,-15.142857,24.714287],"rotation":{"angle":0.0,"axis":"y","origin":[8.0,-19.428572,8.0]},"faces":{"east":{"uv":[3.25,6.125,3.75,6.25],"rotation":0,"texture":"#0","tintindex":0},"south":{"uv":[10.0,7.375,10.625,7.5],"rotation":0,"texture":"#0","tintindex":0},"north":{"uv":[10.0,6.875,10.625,7.0],"rotation":0,"texture":"#0","tintindex":0},"west":{"uv":[10.0,9.75,10.5,9.875],"rotation":0,"texture":"#0","tintindex":0},"up":{"uv":[7.0,8.75,6.375,8.25],"rotation":0,"texture":"#0","tintindex":0},"down":{"uv":[9.0,2.5,8.375,3.0],"rotation":0,"texture":"#0","tintindex":0}}},{"from":[16.785715,-11.714285,23.0],"to":[21.07143,-10.0,26.214287],"rotation":{"angle":-22.5,"axis":"z","origin":[8.0,-19.428572,8.0]},"faces":{"east":{"uv":[4.5,10.0,5.0,10.25],"rotation":0,"texture":"#0","tintindex":0},"south":{"uv":[9.875,6.375,10.5,6.625],"rotation":0,"texture":"#0","tintindex":0},"north":{"uv":[9.625,1.875,10.25,2.125],"rotation":0,"texture":"#0","tintindex":0},"west":{"uv":[10.0,4.625,10.5,4.875],"rotation":0,"texture":"#0","tintindex":0},"up":{"uv":[9.0,3.5,8.375,3.0],"rotation":0,"texture":"#0","tintindex":0},"down":{"uv":[9.0,3.5,8.375,4.0],"rotation":0,"texture":"#0","tintindex":0}}}],"display":{"head":{"translation":[0.0,-30.400007,0.0],"scale":[4.0,4.0,4.0]}}}