{"textures":{"0":"modelengine:entity/stomp_shockwave"},"elements":[{"from":[17.428572,-16.0,21.714287],"to":[21.714287,-15.1428585,24.714287],"rotation":{"angle":0.0,"axis":"y","origin":[8.0,-19.428574,8.0]},"faces":{"east":{"uv":[9.375,10.125,9.875,10.25],"rotation":0,"texture":"#0","tintindex":0},"south":{"uv":[10.0,8.25,10.625,8.375],"rotation":0,"texture":"#0","tintindex":0},"north":{"uv":[8.25,10.0,8.875,10.125],"rotation":0,"texture":"#0","tintindex":0},"west":{"uv":[9.875,10.125,10.375,10.25],"rotation":0,"texture":"#0","tintindex":0},"up":{"uv":[9.0,6.5,8.375,6.0],"rotation":0,"texture":"#0","tintindex":0},"down":{"uv":[9.0,6.5,8.375,7.0],"rotation":0,"texture":"#0","tintindex":0}}},{"from":[18.5,-15.57143,21.5],"to":[21.07143,-14.5,23.857143],"rotation":{"angle":0.0,"axis":"y","origin":[8.0,-19.428574,8.0]},"faces":{"east":{"uv":[4.75,7.125,5.125,7.25],"rotation":0,"texture":"#0","tintindex":0},"south":{"uv":[8.0,4.0,8.375,4.125],"rotation":0,"texture":"#0","tintindex":0},"north":{"uv":[3.75,5.0,4.125,5.125],"rotation":0,"texture":"#0","tintindex":0},"west":{"uv":[4.375,8.0,4.75,8.125],"rotation":0,"texture":"#0","tintindex":0},"up":{"uv":[10.375,4.25,10.0,3.875],"rotation":0,"texture":"#0","tintindex":0},"down":{"uv":[10.375,4.25,10.0,4.625],"rotation":0,"texture":"#0","tintindex":0}}}],"display":{"head":{"translation":[0.0,-33.828575,0.0],"scale":[4.0,4.0,4.0]}}}