{"textures":{"0":"modelengine:entity/stomp_shockwave"},"elements":[{"from":[-10.514288,-16.0,28.714287],"to":[-3.3142862,16.57143,28.714287],"rotation":{"angle":0.0,"axis":"y","origin":[8.0,-16.0,16.242859]},"faces":{"east":{"uv":[0.0,0.0,0.0,4.75],"rotation":0,"texture":"#0","tintindex":0},"south":{"uv":[1.75,0.0,0.0,4.75],"rotation":0,"texture":"#0","tintindex":0},"north":{"uv":[0.0,0.0,1.75,4.75],"rotation":0,"texture":"#0","tintindex":0},"west":{"uv":[0.0,0.0,0.0,4.75],"rotation":0,"texture":"#0","tintindex":0},"up":{"uv":[1.75,0.0,0.0,0.0],"rotation":0,"texture":"#0","tintindex":0},"down":{"uv":[1.75,0.0,0.0,0.0],"rotation":0,"texture":"#0","tintindex":0}}},{"from":[-7.1714287,-16.0,24.800001],"to":[-7.1714287,16.57143,32.0],"rotation":{"angle":0.0,"axis":"y","origin":[40.914288,-16.0,49.157146]},"faces":{"east":{"uv":[0.0,0.0,1.75,4.75],"rotation":0,"texture":"#0","tintindex":0},"south":{"uv":[0.0,0.0,0.0,4.75],"rotation":0,"texture":"#0","tintindex":0},"north":{"uv":[0.0,0.0,0.0,4.75],"rotation":0,"texture":"#0","tintindex":0},"west":{"uv":[1.75,0.0,0.0,4.75],"rotation":0,"texture":"#0","tintindex":0},"up":{"uv":[1.75,0.0,0.0,0.0],"rotation":90,"texture":"#0","tintindex":0},"down":{"uv":[1.75,0.0,0.0,0.0],"rotation":270,"texture":"#0","tintindex":0}}}],"display":{"head":{"translation":[0.0,-116.114296,54.800003],"scale":[4.0,4.0,4.0]}}}