{"textures":{"0":"modelengine:entity/stomp_shockwave"},"elements":[{"from":[3.9114285,-7.942856,-0.9142866],"to":[8.0,0.028573036,3.4828568],"rotation":{"angle":-22.5,"axis":"x","origin":[8.0,-9.485712,8.0]},"faces":{"east":{"uv":[2.5,4.75,3.125,5.875],"rotation":0,"texture":"#0","tintindex":0},"south":{"uv":[4.75,4.0,5.375,5.125],"rotation":0,"texture":"#0","tintindex":0},"north":{"uv":[1.875,4.75,2.5,5.875],"rotation":0,"texture":"#0","tintindex":0},"west":{"uv":[4.875,0.0,5.5,1.125],"rotation":0,"texture":"#0","tintindex":0},"up":{"uv":[8.25,1.875,7.625,1.25],"rotation":0,"texture":"#0","tintindex":0},"down":{"uv":[8.25,1.875,7.625,2.5],"rotation":0,"texture":"#0","tintindex":0}}},{"from":[4.142857,0.028573036,0.049999237],"to":[7.2285714,3.8085737,2.75],"rotation":{"angle":-22.5,"axis":"x","origin":[8.0,-9.485712,8.0]},"faces":{"east":{"uv":[9.5,5.625,9.875,6.125],"rotation":0,"texture":"#0","tintindex":0},"south":{"uv":[9.0,2.25,9.5,2.75],"rotation":0,"texture":"#0","tintindex":0},"north":{"uv":[7.125,8.875,7.625,9.375],"rotation":0,"texture":"#0","tintindex":0},"west":{"uv":[9.5,6.125,9.875,6.625],"rotation":0,"texture":"#0","tintindex":0},"up":{"uv":[10.0,7.0,9.5,6.625],"rotation":0,"texture":"#0","tintindex":0},"down":{"uv":[8.5,9.5,8.0,9.875],"rotation":0,"texture":"#0","tintindex":0}}},{"from":[2.9857144,-6.1428566,1.2071428],"to":[5.685714,-1.5142841,4.292857],"rotation":{"angle":-22.5,"axis":"x","origin":[8.0,-9.485712,8.0]},"faces":{"east":{"uv":[8.25,0.0,8.75,0.625],"rotation":0,"texture":"#0","tintindex":0},"south":{"uv":[7.625,9.25,8.0,9.875],"rotation":0,"texture":"#0","tintindex":0},"north":{"uv":[9.25,7.25,9.625,7.875],"rotation":0,"texture":"#0","tintindex":0},"west":{"uv":[8.25,0.625,8.75,1.25],"rotation":0,"texture":"#0","tintindex":0},"up":{"uv":[8.875,10.0,8.5,9.5],"rotation":0,"texture":"#0","tintindex":0},"down":{"uv":[9.25,9.5,8.875,10.0],"rotation":0,"texture":"#0","tintindex":0}}},{"from":[12.757143,-16.0,-10.492857],"to":[15.842857,-9.657141,-7.4071436],"rotation":{"angle":22.5,"axis":"z","origin":[8.0,-9.485712,8.0]},"faces":{"east":{"uv":[6.125,7.0,6.625,7.875],"rotation":0,"texture":"#0","tintindex":0},"south":{"uv":[0.0,7.125,0.5,8.0],"rotation":0,"texture":"#0","tintindex":0},"north":{"uv":[6.875,3.625,7.375,4.5],"rotation":0,"texture":"#0","tintindex":0},"west":{"uv":[7.125,0.0,7.625,0.875],"rotation":0,"texture":"#0","tintindex":0},"up":{"uv":[9.5,3.25,9.0,2.75],"rotation":0,"texture":"#0","tintindex":0},"down":{"uv":[9.5,3.25,9.0,3.75],"rotation":0,"texture":"#0","tintindex":0}}},{"from":[13.271429,-10.0,-9.72143],"to":[14.985715,-7.942856,-7.8357143],"rotation":{"angle":22.5,"axis":"z","origin":[8.0,-9.485712,8.0]},"faces":{"east":{"uv":[8.75,2.25,9.0,2.5],"rotation":0,"texture":"#0","tintindex":0},"south":{"uv":[8.125,8.75,8.375,9.0],"rotation":0,"texture":"#0","tintindex":0},"north":{"uv":[7.625,8.375,7.875,8.625],"rotation":0,"texture":"#0","tintindex":0},"west":{"uv":[9.0,7.25,9.25,7.5],"rotation":0,"texture":"#0","tintindex":0},"up":{"uv":[3.0,9.5,2.75,9.25],"rotation":0,"texture":"#0","tintindex":0},"down":{"uv":[2.375,9.375,2.125,9.625],"rotation":0,"texture":"#0","tintindex":0}}}],"display":{"head":{"translation":[0.0,-35.885727,0.0],"scale":[4.0,4.0,4.0]}}}