{"textures":{"0":"modelengine:entity/ghost"},"elements":[{"from":[7.0810566,7.403468,4.4068274],"to":[11.652485,12.260612,8.978256],"rotation":{"angle":0.0,"axis":"y","origin":[9.366771,9.83204,6.692542]},"faces":{"east":{"uv":[0.0,1.0,1.0,2.0],"rotation":0,"texture":"#0","tintindex":0},"south":{"uv":[3.0,1.0,4.0,2.0],"rotation":0,"texture":"#0","tintindex":0},"north":{"uv":[1.0,1.0,2.0,2.0],"rotation":0,"texture":"#0","tintindex":0},"west":{"uv":[2.0,1.0,3.0,2.0],"rotation":0,"texture":"#0","tintindex":0},"up":{"uv":[2.0,1.0,1.0,0.0],"rotation":0,"texture":"#0","tintindex":0},"down":{"uv":[3.0,0.0,2.0,1.0],"rotation":0,"texture":"#0","tintindex":0}}}],"display":{"head":{"translation":[0.0,-6.4,0.0],"scale":[4.0,4.0,4.0]}}}