{"textures":{"0":"modelengine:entity/ghost"},"elements":[{"from":[7.714286,8.041482,8.494262],"to":[8.285714,8.61291,9.637119],"rotation":{"angle":0.0,"axis":"y","origin":[8.0,8.327196,9.06569]},"faces":{"east":{"uv":[9.0,4.25,9.25,4.375],"rotation":0,"texture":"#0","tintindex":0},"south":{"uv":[9.625,4.25,9.75,4.375],"rotation":0,"texture":"#0","tintindex":0},"north":{"uv":[9.25,4.25,9.375,4.375],"rotation":0,"texture":"#0","tintindex":0},"west":{"uv":[9.375,4.25,9.625,4.375],"rotation":0,"texture":"#0","tintindex":0},"up":{"uv":[9.375,4.25,9.25,4.0],"rotation":0,"texture":"#0","tintindex":0},"down":{"uv":[9.5,4.0,9.375,4.25],"rotation":0,"texture":"#0","tintindex":0}}},{"from":[7.714286,7.7027507,6.6892605],"to":[8.285714,7.7027507,7.260689],"rotation":{"angle":-22.5,"axis":"x","origin":[8.0,7.7027507,6.9749746]},"faces":{"east":{"uv":[0.0,0.25,0.125,0.25],"rotation":0,"texture":"#0","tintindex":0},"south":{"uv":[0.375,0.25,0.5,0.25],"rotation":0,"texture":"#0","tintindex":0},"north":{"uv":[0.125,0.25,0.25,0.25],"rotation":0,"texture":"#0","tintindex":0},"west":{"uv":[0.25,0.25,0.375,0.25],"rotation":0,"texture":"#0","tintindex":0},"up":{"uv":[0.25,0.25,0.125,0.125],"rotation":0,"texture":"#0","tintindex":0},"down":{"uv":[0.375,0.125,0.25,0.25],"rotation":0,"texture":"#0","tintindex":0}}},{"from":[7.714286,7.684339,7.1879063],"to":[8.285714,8.255768,8.730763],"rotation":{"angle":-22.5,"axis":"x","origin":[8.0,7.970053,7.959335]},"faces":{"east":{"uv":[8.75,5.75,9.0,5.875],"rotation":0,"texture":"#0","tintindex":0},"south":{"uv":[9.375,5.75,9.5,5.875],"rotation":0,"texture":"#0","tintindex":0},"north":{"uv":[9.0,5.75,9.125,5.875],"rotation":0,"texture":"#0","tintindex":0},"west":{"uv":[9.125,5.75,9.375,5.875],"rotation":0,"texture":"#0","tintindex":0},"up":{"uv":[9.125,5.75,9.0,5.5],"rotation":0,"texture":"#0","tintindex":0},"down":{"uv":[9.25,5.5,9.125,5.75],"rotation":0,"texture":"#0","tintindex":0}}}],"display":{"head":{"translation":[0.0,-6.4,0.0],"scale":[4.0,4.0,4.0]}}}