{"textures":{"0":"modelengine:entity/ghost"},"elements":[{"from":[8.988244,8.038831,9.76044],"to":[12.416816,11.810259,9.76044],"rotation":{"angle":0.0,"axis":"z","origin":[10.70253,9.924545,9.76044]},"faces":{"east":{"uv":[3.5,8.125,3.5,8.875],"rotation":0,"texture":"#0","tintindex":0},"south":{"uv":[4.25,8.125,5.0,8.875],"rotation":0,"texture":"#0","tintindex":0},"north":{"uv":[3.5,8.125,4.25,8.875],"rotation":0,"texture":"#0","tintindex":0},"west":{"uv":[4.25,8.125,4.25,8.875],"rotation":0,"texture":"#0","tintindex":0},"up":{"uv":[4.25,8.125,3.5,8.125],"rotation":0,"texture":"#0","tintindex":0},"down":{"uv":[5.0,8.125,4.25,8.125],"rotation":0,"texture":"#0","tintindex":0}}},{"from":[7.072541,5.7007017,9.474726],"to":[7.072541,9.472131,11.131868],"rotation":{"angle":-45.0,"axis":"z","origin":[7.072541,7.5864162,10.303297]},"faces":{"east":{"uv":[1.5,8.375,1.75,9.125],"rotation":0,"texture":"#0","tintindex":0},"south":{"uv":[2.0,8.375,2.0,9.125],"rotation":0,"texture":"#0","tintindex":0},"north":{"uv":[1.75,8.375,1.75,9.125],"rotation":0,"texture":"#0","tintindex":0},"west":{"uv":[1.75,8.375,2.0,9.125],"rotation":0,"texture":"#0","tintindex":0},"up":{"uv":[1.75,8.375,1.75,8.125],"rotation":0,"texture":"#0","tintindex":0},"down":{"uv":[1.75,8.125,1.75,8.375],"rotation":0,"texture":"#0","tintindex":0}}},{"from":[6.1471405,4.013919,9.817582],"to":[10.1471405,7.7853475,9.817582],"rotation":{"angle":-45.0,"axis":"z","origin":[8.1471405,5.899633,9.817582]},"faces":{"east":{"uv":[8.0,3.125,8.0,3.875],"rotation":0,"texture":"#0","tintindex":0},"south":{"uv":[8.875,3.125,9.75,3.875],"rotation":0,"texture":"#0","tintindex":0},"north":{"uv":[8.0,3.125,8.875,3.875],"rotation":0,"texture":"#0","tintindex":0},"west":{"uv":[8.875,3.125,8.875,3.875],"rotation":0,"texture":"#0","tintindex":0},"up":{"uv":[8.875,3.125,8.0,3.125],"rotation":0,"texture":"#0","tintindex":0},"down":{"uv":[9.75,3.125,8.875,3.125],"rotation":0,"texture":"#0","tintindex":0}}},{"from":[8.544555,4.6686716,9.76044],"to":[11.973125,11.868672,9.76044],"rotation":{"angle":0.0,"axis":"z","origin":[10.258841,8.268672,9.76044]},"faces":{"east":{"uv":[2.0,7.75,2.0,9.25],"rotation":0,"texture":"#0","tintindex":0},"south":{"uv":[2.75,7.75,3.5,9.25],"rotation":0,"texture":"#0","tintindex":0},"north":{"uv":[2.0,7.75,2.75,9.25],"rotation":0,"texture":"#0","tintindex":0},"west":{"uv":[2.75,7.75,2.75,9.25],"rotation":0,"texture":"#0","tintindex":0},"up":{"uv":[2.75,7.75,2.0,7.75],"rotation":0,"texture":"#0","tintindex":0},"down":{"uv":[3.5,7.75,2.75,7.75],"rotation":0,"texture":"#0","tintindex":0}}},{"from":[10.296578,10.660863,4.0461535],"to":[11.668007,13.289434,4.0461535],"rotation":{"angle":-45.0,"axis":"z","origin":[10.982292,11.975149,4.0461535]},"faces":{"east":{"uv":[5.5,5.375,5.5,5.875],"rotation":0,"texture":"#0","tintindex":0},"south":{"uv":[5.75,5.375,6.0,5.875],"rotation":0,"texture":"#0","tintindex":0},"north":{"uv":[5.5,5.375,5.75,5.875],"rotation":0,"texture":"#0","tintindex":0},"west":{"uv":[5.75,5.375,5.75,5.875],"rotation":0,"texture":"#0","tintindex":0},"up":{"uv":[5.75,5.375,5.5,5.375],"rotation":0,"texture":"#0","tintindex":0},"down":{"uv":[6.0,5.375,5.75,5.375],"rotation":0,"texture":"#0","tintindex":0}}},{"from":[3.958744,3.3165817,7.0175824],"to":[3.958744,6.516582,8.1604395],"rotation":{"angle":-45.0,"axis":"z","origin":[3.958744,4.9165816,7.589011]},"faces":{"east":{"uv":[4.0,8.875,4.25,9.5],"rotation":0,"texture":"#0","tintindex":0},"south":{"uv":[4.5,8.875,4.5,9.5],"rotation":0,"texture":"#0","tintindex":0},"north":{"uv":[4.25,8.875,4.25,9.5],"rotation":0,"texture":"#0","tintindex":0},"west":{"uv":[4.25,8.875,4.5,9.5],"rotation":0,"texture":"#0","tintindex":0},"up":{"uv":[4.25,8.875,4.25,8.625],"rotation":0,"texture":"#0","tintindex":0},"down":{"uv":[4.25,8.625,4.25,8.875],"rotation":0,"texture":"#0","tintindex":0}}},{"from":[3.958744,3.3165817,4.731868],"to":[3.958744,6.516582,6.4461536],"rotation":{"angle":-45.0,"axis":"z","origin":[3.958744,4.9165816,5.589011]},"faces":{"east":{"uv":[3.25,6.125,3.625,6.75],"rotation":0,"texture":"#0","tintindex":0},"south":{"uv":[4.0,6.125,4.0,6.75],"rotation":0,"texture":"#0","tintindex":0},"north":{"uv":[3.625,6.125,3.625,6.75],"rotation":0,"texture":"#0","tintindex":0},"west":{"uv":[3.625,6.125,4.0,6.75],"rotation":0,"texture":"#0","tintindex":0},"up":{"uv":[3.625,6.125,3.625,5.75],"rotation":0,"texture":"#0","tintindex":0},"down":{"uv":[3.625,5.75,3.625,6.125],"rotation":0,"texture":"#0","tintindex":0}}},{"from":[6.808141,5.218764,4.1032968],"to":[7.9509983,8.990192,9.817582],"rotation":{"angle":-45.0,"axis":"z","origin":[7.3795695,7.104478,6.9604397]},"faces":{"east":{"uv":[0.0,3.25,1.25,4.0],"rotation":0,"texture":"#0","tintindex":0},"south":{"uv":[2.75,3.25,3.0,4.0],"rotation":0,"texture":"#0","tintindex":0},"north":{"uv":[1.25,3.25,1.5,4.0],"rotation":0,"texture":"#0","tintindex":0},"west":{"uv":[1.5,3.25,2.75,4.0],"rotation":0,"texture":"#0","tintindex":0},"up":{"uv":[1.5,3.25,1.25,2.0],"rotation":0,"texture":"#0","tintindex":0},"down":{"uv":[1.75,2.0,1.5,3.25],"rotation":0,"texture":"#0","tintindex":0}}},{"from":[8.974842,7.937033,4.1604395],"to":[9.717699,12.165605,9.874725],"rotation":{"angle":0.0,"axis":"z","origin":[9.346271,10.051319,7.0175824]},"faces":{"east":{"uv":[2.25,7.375,3.5,8.25],"rotation":0,"texture":"#0","tintindex":0},"south":{"uv":[4.875,7.375,5.0,8.25],"rotation":0,"texture":"#0","tintindex":0},"north":{"uv":[3.5,7.375,3.625,8.25],"rotation":0,"texture":"#0","tintindex":0},"west":{"uv":[3.625,7.375,4.875,8.25],"rotation":0,"texture":"#0","tintindex":0},"up":{"uv":[3.625,7.375,3.5,6.125],"rotation":0,"texture":"#0","tintindex":0},"down":{"uv":[3.75,6.125,3.625,7.375],"rotation":0,"texture":"#0","tintindex":0}}},{"from":[5.3513355,5.53611,4.1032968],"to":[6.094193,6.450396,9.817582],"rotation":{"angle":0.0,"axis":"z","origin":[5.7227645,5.9932528,6.9604397]},"faces":{"east":{"uv":[3.75,5.25,5.0,5.375],"rotation":0,"texture":"#0","tintindex":0},"south":{"uv":[6.375,5.25,6.5,5.375],"rotation":0,"texture":"#0","tintindex":0},"north":{"uv":[5.0,5.25,5.125,5.375],"rotation":0,"texture":"#0","tintindex":0},"west":{"uv":[5.125,5.25,6.375,5.375],"rotation":0,"texture":"#0","tintindex":0},"up":{"uv":[5.125,5.25,5.0,4.0],"rotation":0,"texture":"#0","tintindex":0},"down":{"uv":[5.25,4.0,5.125,5.25],"rotation":0,"texture":"#0","tintindex":0}}},{"from":[3.958744,3.3165817,8.674726],"to":[3.958744,6.516582,9.817582],"rotation":{"angle":-45.0,"axis":"z","origin":[3.958744,4.9165816,9.246154]},"faces":{"east":{"uv":[3.5,8.875,3.75,9.5],"rotation":0,"texture":"#0","tintindex":0},"south":{"uv":[4.0,8.875,4.0,9.5],"rotation":0,"texture":"#0","tintindex":0},"north":{"uv":[3.75,8.875,3.75,9.5],"rotation":0,"texture":"#0","tintindex":0},"west":{"uv":[3.75,8.875,4.0,9.5],"rotation":0,"texture":"#0","tintindex":0},"up":{"uv":[3.75,8.875,3.75,8.625],"rotation":0,"texture":"#0","tintindex":0},"down":{"uv":[3.75,8.625,3.75,8.875],"rotation":0,"texture":"#0","tintindex":0}}},{"from":[9.055817,8.888871,9.817582],"to":[14.198673,11.517443,9.817582],"rotation":{"angle":-45.0,"axis":"z","origin":[11.627245,10.203157,9.817582]},"faces":{"east":{"uv":[6.0,7.875,6.0,8.375],"rotation":0,"texture":"#0","tintindex":0},"south":{"uv":[7.125,7.875,8.25,8.375],"rotation":0,"texture":"#0","tintindex":0},"north":{"uv":[6.0,7.875,7.125,8.375],"rotation":0,"texture":"#0","tintindex":0},"west":{"uv":[7.125,7.875,7.125,8.375],"rotation":0,"texture":"#0","tintindex":0},"up":{"uv":[7.125,7.875,6.0,7.875],"rotation":0,"texture":"#0","tintindex":0},"down":{"uv":[8.25,7.875,7.125,7.875],"rotation":0,"texture":"#0","tintindex":0}}}],"display":{"head":{"translation":[0.0,-6.4,0.0],"scale":[4.0,4.0,4.0]}}}