{"textures":{"0":"modelengine:entity/ghost"},"elements":[{"from":[5.8285713,6.8672304,6.363086],"to":[10.171429,6.8672304,8.648801],"rotation":{"angle":-45.0,"axis":"x","origin":[8.0,6.8672304,7.5059433]},"faces":{"east":{"uv":[2.25,5.875,2.75,5.875],"rotation":0,"texture":"#0","tintindex":0},"south":{"uv":[4.125,5.875,5.0,5.875],"rotation":0,"texture":"#0","tintindex":0},"north":{"uv":[2.75,5.875,3.625,5.875],"rotation":0,"texture":"#0","tintindex":0},"west":{"uv":[3.625,5.875,4.125,5.875],"rotation":0,"texture":"#0","tintindex":0},"up":{"uv":[3.625,5.875,2.75,5.375],"rotation":0,"texture":"#0","tintindex":0},"down":{"uv":[4.5,5.375,3.625,5.875],"rotation":0,"texture":"#0","tintindex":0}}},{"from":[5.8285713,9.13277,7.065485],"to":[10.171429,9.13277,9.922628],"rotation":{"angle":-45.0,"axis":"x","origin":[8.0,9.13277,8.494057]},"faces":{"east":{"uv":[4.875,3.125,5.5,3.125],"rotation":0,"texture":"#0","tintindex":0},"south":{"uv":[7.0,3.125,7.875,3.125],"rotation":0,"texture":"#0","tintindex":0},"north":{"uv":[5.5,3.125,6.375,3.125],"rotation":0,"texture":"#0","tintindex":0},"west":{"uv":[6.375,3.125,7.0,3.125],"rotation":0,"texture":"#0","tintindex":0},"up":{"uv":[6.375,3.125,5.5,2.5],"rotation":0,"texture":"#0","tintindex":0},"down":{"uv":[7.25,2.5,6.375,3.125],"rotation":0,"texture":"#0","tintindex":0}}}],"display":{"head":{"translation":[0.0,-6.4,0.0],"scale":[4.0,4.0,4.0]}}}