{"textures":{"0":"modelengine:entity/texture"},"elements":[{"from":[4.5714283,2.8571424,7.428571],"to":[11.428572,13.142858,8.571428],"rotation":{"angle":0.0,"axis":"y","origin":[18.083462,2.625821,5.485714]},"faces":{"east":{"uv":[4.5,10.0,4.625,11.125],"rotation":0,"texture":"#0","tintindex":0},"south":{"uv":[5.5,10.0,6.25,11.125],"rotation":0,"texture":"#0","tintindex":0},"north":{"uv":[4.625,10.0,5.375,11.125],"rotation":0,"texture":"#0","tintindex":0},"west":{"uv":[5.375,10.0,5.5,11.125],"rotation":0,"texture":"#0","tintindex":0},"up":{"uv":[5.375,10.0,4.625,9.875],"rotation":0,"texture":"#0","tintindex":0},"down":{"uv":[6.125,9.875,5.375,10.0],"rotation":0,"texture":"#0","tintindex":0}}}],"display":{"head":{"translation":[0.0,-6.4,0.0],"scale":[4.0,4.0,4.0]}}}