{"textures":{"0":"modelengine:entity/texture"},"elements":[{"from":[2.2857141,5.714286,6.857143],"to":[13.714286,10.285714,9.142858],"rotation":{"angle":0.0,"axis":"y","origin":[8.0,8.0,8.0]},"faces":{"east":{"uv":[3.5,9.375,3.75,9.875],"rotation":0,"texture":"#0","tintindex":0},"south":{"uv":[5.25,9.375,6.5,9.875],"rotation":0,"texture":"#0","tintindex":0},"north":{"uv":[3.75,9.375,5.0,9.875],"rotation":0,"texture":"#0","tintindex":0},"west":{"uv":[5.0,9.375,5.25,9.875],"rotation":0,"texture":"#0","tintindex":0},"up":{"uv":[5.0,9.375,3.75,9.125],"rotation":0,"texture":"#0","tintindex":0},"down":{"uv":[6.25,9.125,5.0,9.375],"rotation":0,"texture":"#0","tintindex":0}}}],"display":{"head":{"translation":[0.0,-6.4,0.0],"scale":[4.0,4.0,4.0]}}}