{"textures":{"0":"modelengine:entity/texture"},"elements":[{"from":[6.857143,3.4285712,6.857143],"to":[9.142858,12.571428,9.142858],"rotation":{"angle":0.0,"axis":"y","origin":[8.0,20.81197,19.070705]},"faces":{"east":{"uv":[0.0,4.625,0.25,5.625],"rotation":0,"texture":"#0","tintindex":0},"south":{"uv":[0.75,4.625,1.0,5.625],"rotation":0,"texture":"#0","tintindex":0},"north":{"uv":[0.25,4.625,0.5,5.625],"rotation":0,"texture":"#0","tintindex":0},"west":{"uv":[0.5,4.625,0.75,5.625],"rotation":0,"texture":"#0","tintindex":0},"up":{"uv":[0.5,4.625,0.25,4.375],"rotation":0,"texture":"#0","tintindex":0},"down":{"uv":[0.75,4.375,0.5,4.625],"rotation":0,"texture":"#0","tintindex":0}}}],"display":{"head":{"translation":[0.0,-6.4,0.0],"scale":[4.0,4.0,4.0]}}}