{"textures":{"0":"modelengine:entity/texture"},"elements":[{"from":[6.857143,6.285714,6.857143],"to":[9.142858,9.714286,9.142858],"rotation":{"angle":0.0,"axis":"y","origin":[8.0,-4.3614902,8.630016]},"faces":{"east":{"uv":[2.125,9.5,2.375,9.875],"rotation":0,"texture":"#0","tintindex":0},"south":{"uv":[2.875,9.5,3.125,9.875],"rotation":0,"texture":"#0","tintindex":0},"north":{"uv":[2.375,9.5,2.625,9.875],"rotation":0,"texture":"#0","tintindex":0},"west":{"uv":[2.625,9.5,2.875,9.875],"rotation":0,"texture":"#0","tintindex":0},"up":{"uv":[2.625,9.5,2.375,9.25],"rotation":0,"texture":"#0","tintindex":0},"down":{"uv":[2.875,9.25,2.625,9.5],"rotation":0,"texture":"#0","tintindex":0}}}],"display":{"head":{"translation":[0.0,-6.4,0.0],"scale":[4.0,4.0,4.0]}}}