{"textures":{"0":"modelengine:entity/texture"},"elements":[{"from":[1.1428566,2.2857141,8.0],"to":[14.857143,13.714286,8.0],"rotation":{"angle":0.0,"axis":"y","origin":[5.314049,-16.644356,12.457144]},"faces":{"east":{"uv":[7.75,0.0,7.75,1.25],"rotation":0,"texture":"#0","tintindex":0},"south":{"uv":[9.25,0.0,10.75,1.25],"rotation":0,"texture":"#0","tintindex":0},"north":{"uv":[7.75,0.0,9.25,1.25],"rotation":0,"texture":"#0","tintindex":0},"west":{"uv":[9.25,0.0,9.25,1.25],"rotation":0,"texture":"#0","tintindex":0},"up":{"uv":[9.25,0.0,7.75,0.0],"rotation":0,"texture":"#0","tintindex":0},"down":{"uv":[10.75,0.0,9.25,0.0],"rotation":0,"texture":"#0","tintindex":0}}}],"display":{"head":{"translation":[0.0,-6.4,0.0],"scale":[4.0,4.0,4.0]}}}