{"textures":{"0":"modelengine:entity/reaper"},"elements":[{"from":[7.234286,4.716868,6.9297247],"to":[8.765715,6.2482967,7.695439],"rotation":{"angle":45.0,"axis":"x","origin":[8.0,5.6740108,7.695439]},"faces":{"east":{"uv":[0.0625,7.875,0.125,8.0625],"rotation":0,"texture":"#0","tintindex":0},"south":{"uv":[7.375,0.4375,7.5625,0.625],"rotation":0,"texture":"#0","tintindex":0},"north":{"uv":[7.375,0.25,7.5625,0.4375],"rotation":0,"texture":"#0","tintindex":0},"west":{"uv":[0.125,7.875,0.1875,8.0625],"rotation":0,"texture":"#0","tintindex":0},"up":{"uv":[8.0625,0.125,7.875,0.0625],"rotation":0,"texture":"#0","tintindex":0},"down":{"uv":[8.0625,0.9375,7.875,1.0],"rotation":0,"texture":"#0","tintindex":0}}},{"from":[7.4257145,5.482582,7.695439],"to":[8.5742855,6.2482967,8.461153],"rotation":{"angle":45.0,"axis":"x","origin":[8.0,5.6740108,7.695439]},"faces":{"east":{"uv":[3.0,8.1875,3.0625,8.25],"rotation":0,"texture":"#0","tintindex":0},"south":{"uv":[6.75,8.0,6.875,8.0625],"rotation":0,"texture":"#0","tintindex":0},"north":{"uv":[6.625,8.0,6.75,8.0625],"rotation":0,"texture":"#0","tintindex":0},"west":{"uv":[8.1875,3.0,8.25,3.0625],"rotation":0,"texture":"#0","tintindex":0},"up":{"uv":[7.0625,8.0625,6.9375,8.0],"rotation":0,"texture":"#0","tintindex":0},"down":{"uv":[8.125,6.9375,8.0,7.0],"rotation":0,"texture":"#0","tintindex":0}}},{"from":[7.234286,6.2403803,6.529984],"to":[8.765715,7.7718086,7.295698],"rotation":{"angle":22.5,"axis":"x","origin":[8.0,4.1346655,7.295698]},"faces":{"east":{"uv":[0.25,7.875,0.3125,8.0625],"rotation":0,"texture":"#0","tintindex":0},"south":{"uv":[1.5625,7.375,1.75,7.5625],"rotation":0,"texture":"#0","tintindex":0},"north":{"uv":[7.375,0.625,7.5625,0.8125],"rotation":0,"texture":"#0","tintindex":0},"west":{"uv":[0.3125,7.875,0.375,8.0625],"rotation":0,"texture":"#0","tintindex":0},"up":{"uv":[8.0625,1.0625,7.875,1.0],"rotation":0,"texture":"#0","tintindex":0},"down":{"uv":[8.0625,1.0625,7.875,1.125],"rotation":0,"texture":"#0","tintindex":0}}},{"from":[7.4257145,7.0060945,7.295698],"to":[8.5742855,7.7718086,8.061413],"rotation":{"angle":22.5,"axis":"x","origin":[8.0,4.1346655,7.295698]},"faces":{"east":{"uv":[8.1875,3.125,8.25,3.1875],"rotation":0,"texture":"#0","tintindex":0},"south":{"uv":[8.0,7.25,8.125,7.3125],"rotation":0,"texture":"#0","tintindex":0},"north":{"uv":[7.0625,8.0,7.1875,8.0625],"rotation":0,"texture":"#0","tintindex":0},"west":{"uv":[3.1875,8.1875,3.25,8.25],"rotation":0,"texture":"#0","tintindex":0},"up":{"uv":[8.125,7.375,8.0,7.3125],"rotation":0,"texture":"#0","tintindex":0},"down":{"uv":[8.125,7.375,8.0,7.4375],"rotation":0,"texture":"#0","tintindex":0}}},{"from":[7.042857,7.494948,7.9218583],"to":[8.957143,9.026377,8.6875725],"rotation":{"angle":0.0,"axis":"y","origin":[8.0,8.45209,8.6875725]},"faces":{"east":{"uv":[7.875,2.25,7.9375,2.4375],"rotation":0,"texture":"#0","tintindex":0},"south":{"uv":[2.875,7.375,3.0625,7.5625],"rotation":0,"texture":"#0","tintindex":0},"north":{"uv":[2.6875,7.375,2.875,7.5625],"rotation":0,"texture":"#0","tintindex":0},"west":{"uv":[7.875,2.4375,7.9375,2.625],"rotation":0,"texture":"#0","tintindex":0},"up":{"uv":[8.0625,1.8125,7.875,1.75],"rotation":0,"texture":"#0","tintindex":0},"down":{"uv":[8.0625,1.8125,7.875,1.875],"rotation":0,"texture":"#0","tintindex":0}}},{"from":[7.234286,8.260662,8.6875725],"to":[8.765715,9.026377,9.453287],"rotation":{"angle":0.0,"axis":"y","origin":[8.0,8.45209,8.6875725]},"faces":{"east":{"uv":[8.1875,3.1875,8.25,3.25],"rotation":0,"texture":"#0","tintindex":0},"south":{"uv":[7.875,1.1875,8.0625,1.25],"rotation":0,"texture":"#0","tintindex":0},"north":{"uv":[7.875,1.125,8.0625,1.1875],"rotation":0,"texture":"#0","tintindex":0},"west":{"uv":[3.25,8.1875,3.3125,8.25],"rotation":0,"texture":"#0","tintindex":0},"up":{"uv":[8.0625,1.3125,7.875,1.25],"rotation":0,"texture":"#0","tintindex":0},"down":{"uv":[8.0625,1.6875,7.875,1.75],"rotation":0,"texture":"#0","tintindex":0}}},{"from":[7.234286,8.953518,7.555576],"to":[8.765715,10.484947,8.32129],"rotation":{"angle":-22.5,"axis":"x","origin":[8.0,9.910661,8.32129]},"faces":{"east":{"uv":[7.875,2.625,7.9375,2.8125],"rotation":0,"texture":"#0","tintindex":0},"south":{"uv":[7.375,4.9375,7.5625,5.125],"rotation":0,"texture":"#0","tintindex":0},"north":{"uv":[7.375,4.4375,7.5625,4.625],"rotation":0,"texture":"#0","tintindex":0},"west":{"uv":[3.5,7.875,3.5625,8.0625],"rotation":0,"texture":"#0","tintindex":0},"up":{"uv":[8.0625,3.375,7.875,3.3125],"rotation":0,"texture":"#0","tintindex":0},"down":{"uv":[8.0625,3.625,7.875,3.6875],"rotation":0,"texture":"#0","tintindex":0}}},{"from":[7.4257145,9.719233,8.32129],"to":[8.5742855,10.484947,9.087005],"rotation":{"angle":-22.5,"axis":"x","origin":[8.0,9.910661,8.32129]},"faces":{"east":{"uv":[8.1875,3.25,8.25,3.3125],"rotation":0,"texture":"#0","tintindex":0},"south":{"uv":[7.5625,8.0,7.6875,8.0625],"rotation":0,"texture":"#0","tintindex":0},"north":{"uv":[8.0,7.4375,8.125,7.5],"rotation":0,"texture":"#0","tintindex":0},"west":{"uv":[3.3125,8.1875,3.375,8.25],"rotation":0,"texture":"#0","tintindex":0},"up":{"uv":[7.8125,8.0625,7.6875,8.0],"rotation":0,"texture":"#0","tintindex":0},"down":{"uv":[8.125,7.6875,8.0,7.75],"rotation":0,"texture":"#0","tintindex":0}}},{"from":[8.765715,8.456097,7.762477],"to":[10.68,9.22181,8.528192],"rotation":{"angle":0.0,"axis":"y","origin":[8.0,8.647525,6.2310486]},"faces":{"east":{"uv":[8.0,8.1875,8.0625,8.25],"rotation":0,"texture":"#0","tintindex":0},"south":{"uv":[7.9375,2.75,8.125,2.8125],"rotation":0,"texture":"#0","tintindex":0},"north":{"uv":[7.9375,2.6875,8.125,2.75],"rotation":0,"texture":"#0","tintindex":0},"west":{"uv":[8.1875,8.0,8.25,8.0625],"rotation":0,"texture":"#0","tintindex":0},"up":{"uv":[8.125,2.875,7.9375,2.8125],"rotation":0,"texture":"#0","tintindex":0},"down":{"uv":[8.125,2.875,7.9375,2.9375],"rotation":0,"texture":"#0","tintindex":0}}},{"from":[10.68,8.456097,6.6139054],"to":[11.445715,9.22181,7.762477],"rotation":{"angle":0.0,"axis":"y","origin":[8.382857,8.647525,6.2310486]},"faces":{"east":{"uv":[0.9375,8.0625,1.0625,8.125],"rotation":0,"texture":"#0","tintindex":0},"south":{"uv":[7.9375,8.1875,8.0,8.25],"rotation":0,"texture":"#0","tintindex":0},"north":{"uv":[7.875,8.1875,7.9375,8.25],"rotation":0,"texture":"#0","tintindex":0},"west":{"uv":[8.0625,0.9375,8.1875,1.0],"rotation":0,"texture":"#0","tintindex":0},"up":{"uv":[6.0,8.125,5.9375,8.0],"rotation":0,"texture":"#0","tintindex":0},"down":{"uv":[7.875,8.0,7.8125,8.125],"rotation":0,"texture":"#0","tintindex":0}}},{"from":[11.445715,8.456097,4.8910484],"to":[12.211429,9.22181,6.6139054],"rotation":{"angle":0.0,"axis":"y","origin":[8.382857,8.647525,6.2310486]},"faces":{"east":{"uv":[7.9375,2.5625,8.125,2.625],"rotation":0,"texture":"#0","tintindex":0},"south":{"uv":[7.8125,8.1875,7.875,8.25],"rotation":0,"texture":"#0","tintindex":0},"north":{"uv":[7.75,8.1875,7.8125,8.25],"rotation":0,"texture":"#0","tintindex":0},"west":{"uv":[7.9375,2.625,8.125,2.6875],"rotation":0,"texture":"#0","tintindex":0},"up":{"uv":[0.75,8.125,0.6875,7.9375],"rotation":0,"texture":"#0","tintindex":0},"down":{"uv":[2.3125,7.9375,2.25,8.125],"rotation":0,"texture":"#0","tintindex":0}}},{"from":[8.765715,8.456097,2.9767623],"to":[10.68,9.22181,3.7424765],"rotation":{"angle":0.0,"axis":"y","origin":[8.382857,8.647525,5.8481913]},"faces":{"east":{"uv":[8.1875,7.625,8.25,7.6875],"rotation":0,"texture":"#0","tintindex":0},"south":{"uv":[7.9375,2.375,8.125,2.4375],"rotation":0,"texture":"#0","tintindex":0},"north":{"uv":[7.9375,2.3125,8.125,2.375],"rotation":0,"texture":"#0","tintindex":0},"west":{"uv":[7.6875,8.1875,7.75,8.25],"rotation":0,"texture":"#0","tintindex":0},"up":{"uv":[8.125,2.5,7.9375,2.4375],"rotation":0,"texture":"#0","tintindex":0},"down":{"uv":[8.125,2.5,7.9375,2.5625],"rotation":0,"texture":"#0","tintindex":0}}},{"from":[10.488571,1.4115243,2.9759965],"to":[11.254286,10.619719,2.9759965],"rotation":{"angle":0.0,"axis":"y","origin":[8.0,1.5854168,2.9759965]},"faces":{"east":{"uv":[0.0,0.0,0.0,1.0],"rotation":0,"texture":"#0","tintindex":0},"south":{"uv":[2.3125,6.9375,2.375,7.9375],"rotation":0,"texture":"#0","tintindex":0},"north":{"uv":[2.25,6.9375,2.3125,7.9375],"rotation":0,"texture":"#0","tintindex":0},"west":{"uv":[0.0,0.0,0.0,1.0],"rotation":0,"texture":"#0","tintindex":0},"up":{"uv":[0.0625,0.0,0.0,0.0],"rotation":0,"texture":"#0","tintindex":0},"down":{"uv":[0.0625,0.0,0.0,0.0],"rotation":0,"texture":"#0","tintindex":0}}},{"from":[9.722857,-0.119903564,2.9759965],"to":[10.488571,10.619719,2.9759965],"rotation":{"angle":0.0,"axis":"y","origin":[8.0,1.5854168,2.9759965]},"faces":{"east":{"uv":[0.0,0.0,0.0,1.1875],"rotation":0,"texture":"#0","tintindex":0},"south":{"uv":[4.125,6.875,4.1875,8.0625],"rotation":0,"texture":"#0","tintindex":0},"north":{"uv":[4.0625,6.875,4.125,8.0625],"rotation":0,"texture":"#0","tintindex":0},"west":{"uv":[0.0,0.0,0.0,1.1875],"rotation":0,"texture":"#0","tintindex":0},"up":{"uv":[0.0625,0.0,0.0,0.0],"rotation":0,"texture":"#0","tintindex":0},"down":{"uv":[0.0625,0.0,0.0,0.0],"rotation":0,"texture":"#0","tintindex":0}}},{"from":[8.957143,-2.4170475,2.9759965],"to":[9.722857,4.494004,2.9759965],"rotation":{"angle":0.0,"axis":"y","origin":[8.0,1.5854168,2.9759965]},"faces":{"east":{"uv":[0.0,0.0,0.0,0.75],"rotation":0,"texture":"#0","tintindex":0},"south":{"uv":[0.8125,7.25,0.875,8.0],"rotation":0,"texture":"#0","tintindex":0},"north":{"uv":[0.75,7.25,0.8125,8.0],"rotation":0,"texture":"#0","tintindex":0},"west":{"uv":[0.0,0.0,0.0,0.75],"rotation":0,"texture":"#0","tintindex":0},"up":{"uv":[0.0625,0.0,0.0,0.0],"rotation":0,"texture":"#0","tintindex":0},"down":{"uv":[0.0625,0.0,0.0,0.0],"rotation":0,"texture":"#0","tintindex":0}}},{"from":[8.191428,-3.1827612,2.9759965],"to":[8.957143,0.665432,2.9759965],"rotation":{"angle":0.0,"axis":"y","origin":[8.0,1.5854168,2.9759965]},"faces":{"east":{"uv":[0.0,0.0,0.0,0.4375],"rotation":0,"texture":"#0","tintindex":0},"south":{"uv":[1.5625,7.5625,1.625,8.0],"rotation":0,"texture":"#0","tintindex":0},"north":{"uv":[7.5625,0.0,7.625,0.4375],"rotation":0,"texture":"#0","tintindex":0},"west":{"uv":[0.0,0.0,0.0,0.4375],"rotation":0,"texture":"#0","tintindex":0},"up":{"uv":[0.0625,0.0,0.0,0.0],"rotation":0,"texture":"#0","tintindex":0},"down":{"uv":[0.0625,0.0,0.0,0.0],"rotation":0,"texture":"#0","tintindex":0}}},{"from":[7.042857,-3.9484758,2.9759965],"to":[7.8085713,0.665432,2.9759965],"rotation":{"angle":0.0,"axis":"y","origin":[8.0,1.5854168,2.9759965]},"faces":{"east":{"uv":[0.0,0.0,0.0,0.5],"rotation":0,"texture":"#0","tintindex":0},"south":{"uv":[0.625,7.5,0.6875,8.0],"rotation":0,"texture":"#0","tintindex":0},"north":{"uv":[0.5625,7.5,0.625,8.0],"rotation":0,"texture":"#0","tintindex":0},"west":{"uv":[0.0,0.0,0.0,0.5],"rotation":0,"texture":"#0","tintindex":0},"up":{"uv":[0.0625,0.0,0.0,0.0],"rotation":0,"texture":"#0","tintindex":0},"down":{"uv":[0.0625,0.0,0.0,0.0],"rotation":0,"texture":"#0","tintindex":0}}},{"from":[7.042857,-6.191636,3.3460336],"to":[7.8085713,-3.8748713,3.3460336],"rotation":{"angle":-22.5,"axis":"x","origin":[7.042857,-4.8418245,3.3460336]},"faces":{"east":{"uv":[0.0,0.0,0.0,0.25],"rotation":0,"texture":"#0","tintindex":0},"south":{"uv":[7.8125,2.5625,7.875,2.8125],"rotation":0,"texture":"#0","tintindex":0},"north":{"uv":[7.8125,2.3125,7.875,2.5625],"rotation":0,"texture":"#0","tintindex":0},"west":{"uv":[0.0,0.0,0.0,0.25],"rotation":0,"texture":"#0","tintindex":0},"up":{"uv":[0.0625,0.0,0.0,0.0],"rotation":0,"texture":"#0","tintindex":0},"down":{"uv":[0.0625,0.0,0.0,0.0],"rotation":0,"texture":"#0","tintindex":0}}},{"from":[7.8085713,-3.1827612,2.9759965],"to":[8.191428,-0.86599636,2.9759965],"rotation":{"angle":0.0,"axis":"y","origin":[8.0,1.5854168,2.9759965]},"faces":{"east":{"uv":[0.0,0.0,0.0,0.25],"rotation":0,"texture":"#0","tintindex":0},"south":{"uv":[7.75,6.625,7.8125,6.875],"rotation":0,"texture":"#0","tintindex":0},"north":{"uv":[7.75,6.375,7.8125,6.625],"rotation":0,"texture":"#0","tintindex":0},"west":{"uv":[0.0,0.0,0.0,0.25],"rotation":0,"texture":"#0","tintindex":0},"up":{"uv":[0.0625,0.0,0.0,0.0],"rotation":0,"texture":"#0","tintindex":0},"down":{"uv":[0.0625,0.0,0.0,0.0],"rotation":0,"texture":"#0","tintindex":0}}},{"from":[6.2771425,-5.4259214,3.3460336],"to":[7.042857,-3.8748713,3.3460336],"rotation":{"angle":-22.5,"axis":"x","origin":[7.042857,-4.8418245,3.3460336]},"faces":{"east":{"uv":[0.0,0.0,0.0,0.1875],"rotation":0,"texture":"#0","tintindex":0},"south":{"uv":[2.75,8.0,2.8125,8.1875],"rotation":0,"texture":"#0","tintindex":0},"north":{"uv":[2.6875,8.0,2.75,8.1875],"rotation":0,"texture":"#0","tintindex":0},"west":{"uv":[0.0,0.0,0.0,0.1875],"rotation":0,"texture":"#0","tintindex":0},"up":{"uv":[0.0625,0.0,0.0,0.0],"rotation":0,"texture":"#0","tintindex":0},"down":{"uv":[0.0625,0.0,0.0,0.0],"rotation":0,"texture":"#0","tintindex":0}}},{"from":[6.2771425,-3.9484758,2.9759965],"to":[7.042857,4.494004,2.9759965],"rotation":{"angle":0.0,"axis":"y","origin":[8.0,1.5854168,2.9759965]},"faces":{"east":{"uv":[0.0,0.0,0.0,0.9375],"rotation":0,"texture":"#0","tintindex":0},"south":{"uv":[7.125,5.5625,7.1875,6.5],"rotation":0,"texture":"#0","tintindex":0},"north":{"uv":[3.875,7.125,3.9375,8.0625],"rotation":0,"texture":"#0","tintindex":0},"west":{"uv":[0.0,0.0,0.0,0.9375],"rotation":0,"texture":"#0","tintindex":0},"up":{"uv":[0.0625,0.0,0.0,0.0],"rotation":0,"texture":"#0","tintindex":0},"down":{"uv":[0.0625,0.0,0.0,0.0],"rotation":0,"texture":"#0","tintindex":0}}},{"from":[4.745714,0.6458101,2.9759965],"to":[4.745714,10.619719,3.5885682],"rotation":{"angle":0.0,"axis":"y","origin":[7.6171427,9.4132395,6.6131396]},"faces":{"east":{"uv":[6.875,6.1875,6.9375,7.25],"rotation":0,"texture":"#0","tintindex":0},"south":{"uv":[0.0,0.0,0.0,1.0625],"rotation":0,"texture":"#0","tintindex":0},"north":{"uv":[0.0,0.0,0.0,1.0625],"rotation":0,"texture":"#0","tintindex":0},"west":{"uv":[6.25,6.875,6.3125,7.9375],"rotation":0,"texture":"#0","tintindex":0},"up":{"uv":[0.0,0.0625,0.0,0.0],"rotation":0,"texture":"#0","tintindex":0},"down":{"uv":[0.0,0.0,0.0,0.0625],"rotation":0,"texture":"#0","tintindex":0}}},{"from":[11.254286,2.177239,2.9759965],"to":[11.254286,10.619719,3.5885682],"rotation":{"angle":0.0,"axis":"y","origin":[8.382857,9.4132395,6.6131396]},"faces":{"east":{"uv":[6.5,7.0625,6.5625,8.0],"rotation":0,"texture":"#0","tintindex":0},"south":{"uv":[0.0,0.0,0.0,0.9375],"rotation":0,"texture":"#0","tintindex":0},"north":{"uv":[0.0,0.0,0.0,0.9375],"rotation":0,"texture":"#0","tintindex":0},"west":{"uv":[6.5625,7.0625,6.625,8.0],"rotation":0,"texture":"#0","tintindex":0},"up":{"uv":[0.0,0.0625,0.0,0.0],"rotation":0,"texture":"#0","tintindex":0},"down":{"uv":[0.0,0.0,0.0,0.0625],"rotation":0,"texture":"#0","tintindex":0}}},{"from":[4.1714287,2.1764731,3.5510483],"to":[4.745714,10.618953,3.5510483],"rotation":{"angle":0.0,"axis":"y","origin":[7.8085713,9.412474,6.537334]},"faces":{"east":{"uv":[0.0,0.0,0.0,0.9375],"rotation":0,"texture":"#0","tintindex":0},"south":{"uv":[6.3125,7.0625,6.375,8.0],"rotation":0,"texture":"#0","tintindex":0},"north":{"uv":[5.375,7.0,5.4375,7.9375],"rotation":0,"texture":"#0","tintindex":0},"west":{"uv":[0.0,0.0,0.0,0.9375],"rotation":0,"texture":"#0","tintindex":0},"up":{"uv":[0.0625,0.0,0.0,0.0],"rotation":0,"texture":"#0","tintindex":0},"down":{"uv":[0.0625,0.0,0.0,0.0],"rotation":0,"texture":"#0","tintindex":0}}},{"from":[4.1714287,0.6450443,3.5510483],"to":[4.1714287,11.384666,4.69962],"rotation":{"angle":0.0,"axis":"y","origin":[7.8085713,9.412474,6.537334]},"faces":{"east":{"uv":[2.375,6.0625,2.5,7.25],"rotation":0,"texture":"#0","tintindex":0},"south":{"uv":[0.0,0.0,0.0,1.1875],"rotation":0,"texture":"#0","tintindex":0},"north":{"uv":[0.0,0.0,0.0,1.1875],"rotation":0,"texture":"#0","tintindex":0},"west":{"uv":[2.5,6.0625,2.625,7.25],"rotation":0,"texture":"#0","tintindex":0},"up":{"uv":[0.0,0.125,0.0,0.0],"rotation":0,"texture":"#0","tintindex":0},"down":{"uv":[0.0,0.0,0.0,0.125],"rotation":0,"texture":"#0","tintindex":0}}},{"from":[4.1714287,-8.051201,5.359076],"to":[4.1714287,-6.5001497,6.12479],"rotation":{"angle":-22.5,"axis":"x","origin":[4.1714287,-2.6813898,5.5505047]},"faces":{"east":{"uv":[3.25,8.0,3.3125,8.1875],"rotation":0,"texture":"#0","tintindex":0},"south":{"uv":[0.0,0.0,0.0,0.1875],"rotation":0,"texture":"#0","tintindex":0},"north":{"uv":[0.0,0.0,0.0,0.1875],"rotation":0,"texture":"#0","tintindex":0},"west":{"uv":[3.3125,8.0,3.375,8.1875],"rotation":0,"texture":"#0","tintindex":0},"up":{"uv":[0.0,0.0625,0.0,0.0],"rotation":0,"texture":"#0","tintindex":0},"down":{"uv":[0.0,0.0,0.0,0.0625],"rotation":0,"texture":"#0","tintindex":0}}},{"from":[4.1714287,-6.5197716,4.9762187],"to":[4.1714287,1.1569934,6.12479],"rotation":{"angle":-22.5,"axis":"x","origin":[4.1714287,-2.6813898,5.5505047]},"faces":{"east":{"uv":[4.1875,4.8125,4.3125,5.625],"rotation":0,"texture":"#0","tintindex":0},"south":{"uv":[0.0,0.0,0.0,0.8125],"rotation":0,"texture":"#0","tintindex":0},"north":{"uv":[0.0,0.0,0.0,0.8125],"rotation":0,"texture":"#0","tintindex":0},"west":{"uv":[3.0625,6.5,3.1875,7.3125],"rotation":0,"texture":"#0","tintindex":0},"up":{"uv":[0.0,0.125,0.0,0.0],"rotation":0,"texture":"#0","tintindex":0},"down":{"uv":[0.0,0.0,0.0,0.125],"rotation":0,"texture":"#0","tintindex":0}}},{"from":[11.828571,-7.4797716,5.359076],"to":[11.828571,-5.9287214,6.12479],"rotation":{"angle":-22.5,"axis":"x","origin":[11.828571,-2.6813898,5.5505047]},"faces":{"east":{"uv":[8.0,3.375,8.0625,3.5625],"rotation":0,"texture":"#0","tintindex":0},"south":{"uv":[0.0,0.0,0.0,0.1875],"rotation":0,"texture":"#0","tintindex":0},"north":{"uv":[0.0,0.0,0.0,0.1875],"rotation":0,"texture":"#0","tintindex":0},"west":{"uv":[8.0,3.9375,8.0625,4.125],"rotation":0,"texture":"#0","tintindex":0},"up":{"uv":[0.0,0.0625,0.0,0.0],"rotation":0,"texture":"#0","tintindex":0},"down":{"uv":[0.0,0.0,0.0,0.0625],"rotation":0,"texture":"#0","tintindex":0}}},{"from":[11.828571,-5.9483433,4.9762187],"to":[11.828571,1.7284222,6.12479],"rotation":{"angle":-22.5,"axis":"x","origin":[11.828571,-2.6813898,5.5505047]},"faces":{"east":{"uv":[3.1875,6.5,3.3125,7.3125],"rotation":0,"texture":"#0","tintindex":0},"south":{"uv":[0.0,0.0,0.0,0.8125],"rotation":0,"texture":"#0","tintindex":0},"north":{"uv":[0.0,0.0,0.0,0.8125],"rotation":0,"texture":"#0","tintindex":0},"west":{"uv":[3.3125,6.5,3.4375,7.3125],"rotation":0,"texture":"#0","tintindex":0},"up":{"uv":[0.0,0.125,0.0,0.0],"rotation":0,"texture":"#0","tintindex":0},"down":{"uv":[0.0,0.0,0.0,0.125],"rotation":0,"texture":"#0","tintindex":0}}},{"from":[3.7502856,1.4107585,4.69962],"to":[4.1714287,11.384666,4.69962],"rotation":{"angle":0.0,"axis":"y","origin":[7.8085713,9.412474,6.537334]},"faces":{"east":{"uv":[0.0,0.0,0.0,1.0625],"rotation":0,"texture":"#0","tintindex":0},"south":{"uv":[1.125,6.9375,1.1875,8.0],"rotation":0,"texture":"#0","tintindex":0},"north":{"uv":[1.0625,6.9375,1.125,8.0],"rotation":0,"texture":"#0","tintindex":0},"west":{"uv":[0.0,0.0,0.0,1.0625],"rotation":0,"texture":"#0","tintindex":0},"up":{"uv":[0.0625,0.0,0.0,0.0],"rotation":0,"texture":"#0","tintindex":0},"down":{"uv":[0.0625,0.0,0.0,0.0],"rotation":0,"texture":"#0","tintindex":0}}},{"from":[3.7502856,1.4107585,4.69962],"to":[3.7502856,11.384666,6.6139054],"rotation":{"angle":0.0,"axis":"y","origin":[7.8085713,9.412474,6.537334]},"faces":{"east":{"uv":[0.875,5.6875,1.0625,6.75],"rotation":0,"texture":"#0","tintindex":0},"south":{"uv":[0.0,0.0,0.0,1.0625],"rotation":0,"texture":"#0","tintindex":0},"north":{"uv":[0.0,0.0,0.0,1.0625],"rotation":0,"texture":"#0","tintindex":0},"west":{"uv":[4.1875,5.6875,4.375,6.75],"rotation":0,"texture":"#0","tintindex":0},"up":{"uv":[0.0,0.1875,0.0,0.0],"rotation":0,"texture":"#0","tintindex":0},"down":{"uv":[0.0,0.0,0.0,0.1875],"rotation":0,"texture":"#0","tintindex":0}}},{"from":[3.7502856,-3.222972,6.5351863],"to":[3.7502856,2.156651,8.449472],"rotation":{"angle":-22.5,"axis":"x","origin":[3.7502856,-2.8303032,7.492329]},"faces":{"east":{"uv":[1.5625,6.5,1.75,7.0625],"rotation":0,"texture":"#0","tintindex":0},"south":{"uv":[0.0,0.0,0.0,0.5625],"rotation":0,"texture":"#0","tintindex":0},"north":{"uv":[0.0,0.0,0.0,0.5625],"rotation":0,"texture":"#0","tintindex":0},"west":{"uv":[6.5,1.6875,6.6875,2.25],"rotation":0,"texture":"#0","tintindex":0},"up":{"uv":[0.0,0.1875,0.0,0.0],"rotation":0,"texture":"#0","tintindex":0},"down":{"uv":[0.0,0.0,0.0,0.1875],"rotation":0,"texture":"#0","tintindex":0}}},{"from":[3.7502856,-3.222972,8.449472],"to":[4.516,2.156651,8.449472],"rotation":{"angle":-22.5,"axis":"x","origin":[3.7502856,-2.8303032,7.492329]},"faces":{"east":{"uv":[0.0,0.0,0.0,0.5625],"rotation":0,"texture":"#0","tintindex":0},"south":{"uv":[3.3125,7.4375,3.375,8.0],"rotation":0,"texture":"#0","tintindex":0},"north":{"uv":[3.25,7.4375,3.3125,8.0],"rotation":0,"texture":"#0","tintindex":0},"west":{"uv":[0.0,0.0,0.0,0.5625],"rotation":0,"texture":"#0","tintindex":0},"up":{"uv":[0.0625,0.0,0.0,0.0],"rotation":0,"texture":"#0","tintindex":0},"down":{"uv":[0.0625,0.0,0.0,0.0],"rotation":0,"texture":"#0","tintindex":0}}},{"from":[4.5167656,-6.1927996,7.211654],"to":[4.5167656,2.24968,8.513369],"rotation":{"angle":-22.5,"axis":"x","origin":[3.94248,0.32558298,7.1733685]},"faces":{"east":{"uv":[3.8125,6.1875,3.9375,7.125],"rotation":0,"texture":"#0","tintindex":0},"south":{"uv":[0.0,0.0,0.0,0.9375],"rotation":0,"texture":"#0","tintindex":0},"north":{"uv":[0.0,0.0,0.0,0.9375],"rotation":0,"texture":"#0","tintindex":0},"west":{"uv":[5.4375,6.3125,5.5625,7.25],"rotation":0,"texture":"#0","tintindex":0},"up":{"uv":[0.0,0.125,0.0,0.0],"rotation":0,"texture":"#0","tintindex":0},"down":{"uv":[0.0,0.0,0.0,0.125],"rotation":0,"texture":"#0","tintindex":0}}},{"from":[4.516,-8.599276,12.497453],"to":[4.516,-3.9853687,13.799167],"rotation":{"angle":-45.0,"axis":"x","origin":[4.516,-8.206608,13.14831]},"faces":{"east":{"uv":[4.875,7.0,5.0,7.5],"rotation":0,"texture":"#0","tintindex":0},"south":{"uv":[0.0,0.0,0.0,0.5],"rotation":0,"texture":"#0","tintindex":0},"north":{"uv":[0.0,0.0,0.0,0.5],"rotation":0,"texture":"#0","tintindex":0},"west":{"uv":[5.0,7.0,5.125,7.5],"rotation":0,"texture":"#0","tintindex":0},"up":{"uv":[0.0,0.125,0.0,0.0],"rotation":0,"texture":"#0","tintindex":0},"down":{"uv":[0.0,0.0,0.0,0.125],"rotation":0,"texture":"#0","tintindex":0}}},{"from":[4.516,-12.427847,13.799167],"to":[5.2817144,-3.9853687,13.799167],"rotation":{"angle":-45.0,"axis":"x","origin":[4.516,-8.206608,13.14831]},"faces":{"east":{"uv":[0.0,0.0,0.0,0.9375],"rotation":0,"texture":"#0","tintindex":0},"south":{"uv":[0.875,7.1875,0.9375,8.125],"rotation":0,"texture":"#0","tintindex":0},"north":{"uv":[7.125,6.5,7.1875,7.4375],"rotation":0,"texture":"#0","tintindex":0},"west":{"uv":[0.0,0.0,0.0,0.9375],"rotation":0,"texture":"#0","tintindex":0},"up":{"uv":[0.0625,0.0,0.0,0.0],"rotation":0,"texture":"#0","tintindex":0},"down":{"uv":[0.0625,0.0,0.0,0.0],"rotation":0,"texture":"#0","tintindex":0}}},{"from":[4.5167656,-6.1927996,8.513369],"to":[5.28248,2.24968,8.513369],"rotation":{"angle":-22.5,"axis":"x","origin":[3.94248,0.32558298,7.1733685]},"faces":{"east":{"uv":[0.0,0.0,0.0,0.9375],"rotation":0,"texture":"#0","tintindex":0},"south":{"uv":[3.8125,7.125,3.875,8.0625],"rotation":0,"texture":"#0","tintindex":0},"north":{"uv":[6.625,7.0625,6.6875,8.0],"rotation":0,"texture":"#0","tintindex":0},"west":{"uv":[0.0,0.0,0.0,0.9375],"rotation":0,"texture":"#0","tintindex":0},"up":{"uv":[0.0625,0.0,0.0,0.0],"rotation":0,"texture":"#0","tintindex":0},"down":{"uv":[0.0625,0.0,0.0,0.0],"rotation":0,"texture":"#0","tintindex":0}}},{"from":[12.249714,-3.222972,6.5351863],"to":[12.249714,2.156651,8.449472],"rotation":{"angle":-22.5,"axis":"x","origin":[12.249714,-2.8303032,7.492329]},"faces":{"east":{"uv":[2.6875,6.5,2.875,7.0625],"rotation":0,"texture":"#0","tintindex":0},"south":{"uv":[0.0,0.0,0.0,0.5625],"rotation":0,"texture":"#0","tintindex":0},"north":{"uv":[0.0,0.0,0.0,0.5625],"rotation":0,"texture":"#0","tintindex":0},"west":{"uv":[2.875,6.5,3.0625,7.0625],"rotation":0,"texture":"#0","tintindex":0},"up":{"uv":[0.0,0.1875,0.0,0.0],"rotation":0,"texture":"#0","tintindex":0},"down":{"uv":[0.0,0.0,0.0,0.1875],"rotation":0,"texture":"#0","tintindex":0}}},{"from":[11.483234,-6.1927996,7.211654],"to":[11.483234,2.24968,8.513369],"rotation":{"angle":-22.5,"axis":"x","origin":[12.05752,0.32558298,7.1733685]},"faces":{"east":{"uv":[5.5625,6.3125,5.6875,7.25],"rotation":0,"texture":"#0","tintindex":0},"south":{"uv":[0.0,0.0,0.0,0.9375],"rotation":0,"texture":"#0","tintindex":0},"north":{"uv":[0.0,0.0,0.0,0.9375],"rotation":0,"texture":"#0","tintindex":0},"west":{"uv":[5.6875,6.3125,5.8125,7.25],"rotation":0,"texture":"#0","tintindex":0},"up":{"uv":[0.0,0.125,0.0,0.0],"rotation":0,"texture":"#0","tintindex":0},"down":{"uv":[0.0,0.0,0.0,0.125],"rotation":0,"texture":"#0","tintindex":0}}},{"from":[11.484,-3.222972,8.449472],"to":[12.249714,2.156651,8.449472],"rotation":{"angle":-22.5,"axis":"x","origin":[12.249714,-2.8303032,7.492329]},"faces":{"east":{"uv":[0.0,0.0,0.0,0.5625],"rotation":0,"texture":"#0","tintindex":0},"south":{"uv":[0.0,7.5,0.0625,8.0625],"rotation":0,"texture":"#0","tintindex":0},"north":{"uv":[7.125,7.4375,7.1875,8.0],"rotation":0,"texture":"#0","tintindex":0},"west":{"uv":[0.0,0.0,0.0,0.5625],"rotation":0,"texture":"#0","tintindex":0},"up":{"uv":[0.0625,0.0,0.0,0.0],"rotation":0,"texture":"#0","tintindex":0},"down":{"uv":[0.0625,0.0,0.0,0.0],"rotation":0,"texture":"#0","tintindex":0}}},{"from":[10.71752,-7.724229,8.513369],"to":[11.483234,2.24968,8.513369],"rotation":{"angle":-22.5,"axis":"x","origin":[12.05752,0.32558298,7.1733685]},"faces":{"east":{"uv":[0.0,0.0,0.0,1.0625],"rotation":0,"texture":"#0","tintindex":0},"south":{"uv":[1.9375,6.9375,2.0,8.0],"rotation":0,"texture":"#0","tintindex":0},"north":{"uv":[1.875,6.9375,1.9375,8.0],"rotation":0,"texture":"#0","tintindex":0},"west":{"uv":[0.0,0.0,0.0,1.0625],"rotation":0,"texture":"#0","tintindex":0},"up":{"uv":[0.0625,0.0,0.0,0.0],"rotation":0,"texture":"#0","tintindex":0},"down":{"uv":[0.0625,0.0,0.0,0.0],"rotation":0,"texture":"#0","tintindex":0}}},{"from":[3.7502856,1.4107585,6.6139054],"to":[4.516,11.384666,6.6139054],"rotation":{"angle":0.0,"axis":"y","origin":[7.8085713,9.412474,6.537334]},"faces":{"east":{"uv":[0.0,0.0,0.0,1.0625],"rotation":0,"texture":"#0","tintindex":0},"south":{"uv":[1.25,6.9375,1.3125,8.0],"rotation":0,"texture":"#0","tintindex":0},"north":{"uv":[1.1875,6.9375,1.25,8.0],"rotation":0,"texture":"#0","tintindex":0},"west":{"uv":[0.0,0.0,0.0,1.0625],"rotation":0,"texture":"#0","tintindex":0},"up":{"uv":[0.0625,0.0,0.0,0.0],"rotation":0,"texture":"#0","tintindex":0},"down":{"uv":[0.0625,0.0,0.0,0.0],"rotation":0,"texture":"#0","tintindex":0}}},{"from":[4.516,2.1764731,6.6139054],"to":[4.516,11.384666,7.762477],"rotation":{"angle":0.0,"axis":"y","origin":[7.8085713,9.412474,6.537334]},"faces":{"east":{"uv":[3.5625,6.1875,3.6875,7.1875],"rotation":0,"texture":"#0","tintindex":0},"south":{"uv":[0.0,0.0,0.0,1.0],"rotation":0,"texture":"#0","tintindex":0},"north":{"uv":[0.0,0.0,0.0,1.0],"rotation":0,"texture":"#0","tintindex":0},"west":{"uv":[3.6875,6.1875,3.8125,7.1875],"rotation":0,"texture":"#0","tintindex":0},"up":{"uv":[0.0,0.125,0.0,0.0],"rotation":0,"texture":"#0","tintindex":0},"down":{"uv":[0.0,0.0,0.0,0.125],"rotation":0,"texture":"#0","tintindex":0}}},{"from":[4.516,2.1764731,7.762477],"to":[5.2817144,11.384666,7.762477],"rotation":{"angle":0.0,"axis":"y","origin":[7.8085713,9.412474,6.537334]},"faces":{"east":{"uv":[0.0,0.0,0.0,1.0],"rotation":0,"texture":"#0","tintindex":0},"south":{"uv":[6.6875,6.9375,6.75,7.9375],"rotation":0,"texture":"#0","tintindex":0},"north":{"uv":[6.9375,6.1875,7.0,7.1875],"rotation":0,"texture":"#0","tintindex":0},"west":{"uv":[0.0,0.0,0.0,1.0],"rotation":0,"texture":"#0","tintindex":0},"up":{"uv":[0.0625,0.0,0.0,0.0],"rotation":0,"texture":"#0","tintindex":0},"down":{"uv":[0.0625,0.0,0.0,0.0],"rotation":0,"texture":"#0","tintindex":0}}},{"from":[5.2817144,2.9421873,7.762477],"to":[5.2817144,11.384666,8.528192],"rotation":{"angle":0.0,"axis":"y","origin":[7.8085713,9.412474,6.537334]},"faces":{"east":{"uv":[6.375,7.0625,6.4375,8.0],"rotation":0,"texture":"#0","tintindex":0},"south":{"uv":[0.0,0.0,0.0,0.9375],"rotation":0,"texture":"#0","tintindex":0},"north":{"uv":[0.0,0.0,0.0,0.9375],"rotation":0,"texture":"#0","tintindex":0},"west":{"uv":[6.4375,7.0625,6.5,8.0],"rotation":0,"texture":"#0","tintindex":0},"up":{"uv":[0.0,0.0625,0.0,0.0],"rotation":0,"texture":"#0","tintindex":0},"down":{"uv":[0.0,0.0,0.0,0.0625],"rotation":0,"texture":"#0","tintindex":0}}},{"from":[11.254286,0.6450443,3.5510483],"to":[11.828571,10.618953,3.5510483],"rotation":{"angle":0.0,"axis":"y","origin":[8.191428,9.412474,6.537334]},"faces":{"east":{"uv":[0.0,0.0,0.0,1.0625],"rotation":0,"texture":"#0","tintindex":0},"south":{"uv":[1.5,6.9375,1.5625,8.0],"rotation":0,"texture":"#0","tintindex":0},"north":{"uv":[1.4375,6.9375,1.5,8.0],"rotation":0,"texture":"#0","tintindex":0},"west":{"uv":[0.0,0.0,0.0,1.0625],"rotation":0,"texture":"#0","tintindex":0},"up":{"uv":[0.0625,0.0,0.0,0.0],"rotation":0,"texture":"#0","tintindex":0},"down":{"uv":[0.0625,0.0,0.0,0.0],"rotation":0,"texture":"#0","tintindex":0}}},{"from":[11.828571,1.4107585,3.5510483],"to":[11.828571,11.384666,4.69962],"rotation":{"angle":0.0,"axis":"y","origin":[8.191428,9.412474,6.537334]},"faces":{"east":{"uv":[0.75,6.1875,0.875,7.25],"rotation":0,"texture":"#0","tintindex":0},"south":{"uv":[0.0,0.0,0.0,1.0625],"rotation":0,"texture":"#0","tintindex":0},"north":{"uv":[0.0,0.0,0.0,1.0625],"rotation":0,"texture":"#0","tintindex":0},"west":{"uv":[3.4375,6.1875,3.5625,7.25],"rotation":0,"texture":"#0","tintindex":0},"up":{"uv":[0.0,0.125,0.0,0.0],"rotation":0,"texture":"#0","tintindex":0},"down":{"uv":[0.0,0.0,0.0,0.125],"rotation":0,"texture":"#0","tintindex":0}}},{"from":[11.828571,1.4107585,4.69962],"to":[12.249714,11.384666,4.69962],"rotation":{"angle":0.0,"axis":"y","origin":[8.191428,9.412474,6.537334]},"faces":{"east":{"uv":[0.0,0.0,0.0,1.0625],"rotation":0,"texture":"#0","tintindex":0},"south":{"uv":[1.375,6.9375,1.4375,8.0],"rotation":0,"texture":"#0","tintindex":0},"north":{"uv":[1.3125,6.9375,1.375,8.0],"rotation":0,"texture":"#0","tintindex":0},"west":{"uv":[0.0,0.0,0.0,1.0625],"rotation":0,"texture":"#0","tintindex":0},"up":{"uv":[0.0625,0.0,0.0,0.0],"rotation":0,"texture":"#0","tintindex":0},"down":{"uv":[0.0625,0.0,0.0,0.0],"rotation":0,"texture":"#0","tintindex":0}}},{"from":[12.249714,0.6450443,4.69962],"to":[12.249714,11.384666,6.6139054],"rotation":{"angle":0.0,"axis":"y","origin":[8.191428,9.412474,6.537334]},"faces":{"east":{"uv":[5.5625,2.5,5.75,3.6875],"rotation":0,"texture":"#0","tintindex":0},"south":{"uv":[0.0,0.0,0.0,1.1875],"rotation":0,"texture":"#0","tintindex":0},"north":{"uv":[0.0,0.0,0.0,1.1875],"rotation":0,"texture":"#0","tintindex":0},"west":{"uv":[5.5625,4.1875,5.75,5.375],"rotation":0,"texture":"#0","tintindex":0},"up":{"uv":[0.0,0.1875,0.0,0.0],"rotation":0,"texture":"#0","tintindex":0},"down":{"uv":[0.0,0.0,0.0,0.1875],"rotation":0,"texture":"#0","tintindex":0}}},{"from":[11.484,0.6450443,6.6139054],"to":[12.249714,11.384666,6.6139054],"rotation":{"angle":0.0,"axis":"y","origin":[8.191428,9.412474,6.537334]},"faces":{"east":{"uv":[0.0,0.0,0.0,1.1875],"rotation":0,"texture":"#0","tintindex":0},"south":{"uv":[4.0,6.875,4.0625,8.0625],"rotation":0,"texture":"#0","tintindex":0},"north":{"uv":[6.875,3.9375,6.9375,5.125],"rotation":0,"texture":"#0","tintindex":0},"west":{"uv":[0.0,0.0,0.0,1.1875],"rotation":0,"texture":"#0","tintindex":0},"up":{"uv":[0.0625,0.0,0.0,0.0],"rotation":0,"texture":"#0","tintindex":0},"down":{"uv":[0.0625,0.0,0.0,0.0],"rotation":0,"texture":"#0","tintindex":0}}},{"from":[11.484,1.4107585,6.6139054],"to":[11.484,11.384666,7.762477],"rotation":{"angle":0.0,"axis":"y","origin":[8.191428,9.412474,6.537334]},"faces":{"east":{"uv":[0.5,6.1875,0.625,7.25],"rotation":0,"texture":"#0","tintindex":0},"south":{"uv":[0.0,0.0,0.0,1.0625],"rotation":0,"texture":"#0","tintindex":0},"north":{"uv":[0.0,0.0,0.0,1.0625],"rotation":0,"texture":"#0","tintindex":0},"west":{"uv":[0.625,6.1875,0.75,7.25],"rotation":0,"texture":"#0","tintindex":0},"up":{"uv":[0.0,0.125,0.0,0.0],"rotation":0,"texture":"#0","tintindex":0},"down":{"uv":[0.0,0.0,0.0,0.125],"rotation":0,"texture":"#0","tintindex":0}}},{"from":[10.718286,0.6450443,7.762477],"to":[11.484,11.384666,7.762477],"rotation":{"angle":0.0,"axis":"y","origin":[8.191428,9.412474,6.537334]},"faces":{"east":{"uv":[0.0,0.0,0.0,1.1875],"rotation":0,"texture":"#0","tintindex":0},"south":{"uv":[3.9375,6.875,4.0,8.0625],"rotation":0,"texture":"#0","tintindex":0},"north":{"uv":[4.5625,6.8125,4.625,8.0],"rotation":0,"texture":"#0","tintindex":0},"west":{"uv":[0.0,0.0,0.0,1.1875],"rotation":0,"texture":"#0","tintindex":0},"up":{"uv":[0.0625,0.0,0.0,0.0],"rotation":0,"texture":"#0","tintindex":0},"down":{"uv":[0.0625,0.0,0.0,0.0],"rotation":0,"texture":"#0","tintindex":0}}},{"from":[10.718286,2.1764731,7.762477],"to":[10.718286,11.384666,8.528192],"rotation":{"angle":0.0,"axis":"y","origin":[8.191428,9.412474,6.537334]},"faces":{"east":{"uv":[6.75,6.9375,6.8125,7.9375],"rotation":0,"texture":"#0","tintindex":0},"south":{"uv":[0.0,0.0,0.0,1.0],"rotation":0,"texture":"#0","tintindex":0},"north":{"uv":[0.0,0.0,0.0,1.0],"rotation":0,"texture":"#0","tintindex":0},"west":{"uv":[6.8125,6.9375,6.875,7.9375],"rotation":0,"texture":"#0","tintindex":0},"up":{"uv":[0.0,0.0625,0.0,0.0],"rotation":0,"texture":"#0","tintindex":0},"down":{"uv":[0.0,0.0,0.0,0.0625],"rotation":0,"texture":"#0","tintindex":0}}},{"from":[4.745714,-0.119903564,2.9759965],"to":[5.5114284,10.619719,2.9759965],"rotation":{"angle":0.0,"axis":"y","origin":[8.0,1.5854168,2.9759965]},"faces":{"east":{"uv":[0.0,0.0,0.0,1.1875],"rotation":0,"texture":"#0","tintindex":0},"south":{"uv":[4.5,6.8125,4.5625,8.0],"rotation":0,"texture":"#0","tintindex":0},"north":{"uv":[4.4375,6.8125,4.5,8.0],"rotation":0,"texture":"#0","tintindex":0},"west":{"uv":[0.0,0.0,0.0,1.1875],"rotation":0,"texture":"#0","tintindex":0},"up":{"uv":[0.0625,0.0,0.0,0.0],"rotation":0,"texture":"#0","tintindex":0},"down":{"uv":[0.0625,0.0,0.0,0.0],"rotation":0,"texture":"#0","tintindex":0}}},{"from":[5.5114284,-0.8856182,2.9759965],"to":[6.2771425,10.619719,2.9759965],"rotation":{"angle":0.0,"axis":"y","origin":[8.0,1.5854168,2.9759965]},"faces":{"east":{"uv":[0.0,0.0,0.0,1.25],"rotation":0,"texture":"#0","tintindex":0},"south":{"uv":[4.375,6.8125,4.4375,8.0625],"rotation":0,"texture":"#0","tintindex":0},"north":{"uv":[1.75,6.5,1.8125,7.75],"rotation":0,"texture":"#0","tintindex":0},"west":{"uv":[0.0,0.0,0.0,1.25],"rotation":0,"texture":"#0","tintindex":0},"up":{"uv":[0.0625,0.0,0.0,0.0],"rotation":0,"texture":"#0","tintindex":0},"down":{"uv":[0.0625,0.0,0.0,0.0],"rotation":0,"texture":"#0","tintindex":0}}},{"from":[4.5542855,8.456097,3.7424765],"to":[5.3199997,9.22181,4.8910484],"rotation":{"angle":0.0,"axis":"y","origin":[7.6171427,8.647525,6.2310486]},"faces":{"east":{"uv":[1.1875,8.0625,1.3125,8.125],"rotation":0,"texture":"#0","tintindex":0},"south":{"uv":[0.25,8.25,0.3125,8.3125],"rotation":0,"texture":"#0","tintindex":0},"north":{"uv":[8.25,0.0625,8.3125,0.125],"rotation":0,"texture":"#0","tintindex":0},"west":{"uv":[8.0625,1.1875,8.1875,1.25],"rotation":0,"texture":"#0","tintindex":0},"up":{"uv":[8.125,1.375,8.0625,1.25],"rotation":0,"texture":"#0","tintindex":0},"down":{"uv":[1.375,8.0625,1.3125,8.1875],"rotation":0,"texture":"#0","tintindex":0}}},{"from":[10.68,8.456097,3.7424765],"to":[11.445715,9.22181,4.8910484],"rotation":{"angle":0.0,"axis":"y","origin":[7.6171427,8.647525,6.2310486]},"faces":{"east":{"uv":[8.0625,4.75,8.1875,4.8125],"rotation":0,"texture":"#0","tintindex":0},"south":{"uv":[8.25,2.625,8.3125,2.6875],"rotation":0,"texture":"#0","tintindex":0},"north":{"uv":[2.625,8.25,2.6875,8.3125],"rotation":0,"texture":"#0","tintindex":0},"west":{"uv":[4.875,8.0625,5.0,8.125],"rotation":0,"texture":"#0","tintindex":0},"up":{"uv":[5.0625,8.1875,5.0,8.0625],"rotation":0,"texture":"#0","tintindex":0},"down":{"uv":[5.125,8.0625,5.0625,8.1875],"rotation":0,"texture":"#0","tintindex":0}}},{"from":[5.3199997,8.456097,2.9767623],"to":[7.234286,9.22181,3.7424765],"rotation":{"angle":0.0,"axis":"y","origin":[7.6171427,8.647525,5.8481913]},"faces":{"east":{"uv":[8.25,0.0,8.3125,0.0625],"rotation":0,"texture":"#0","tintindex":0},"south":{"uv":[7.9375,4.5625,8.125,4.625],"rotation":0,"texture":"#0","tintindex":0},"north":{"uv":[7.9375,4.5,8.125,4.5625],"rotation":0,"texture":"#0","tintindex":0},"west":{"uv":[0.0625,8.25,0.125,8.3125],"rotation":0,"texture":"#0","tintindex":0},"up":{"uv":[8.125,4.6875,7.9375,4.625],"rotation":0,"texture":"#0","tintindex":0},"down":{"uv":[8.125,4.6875,7.9375,4.75],"rotation":0,"texture":"#0","tintindex":0}}},{"from":[5.3199997,8.456097,7.762477],"to":[7.234286,9.22181,8.528192],"rotation":{"angle":0.0,"axis":"y","origin":[8.0,8.647525,6.2310486]},"faces":{"east":{"uv":[8.1875,8.1875,8.25,8.25],"rotation":0,"texture":"#0","tintindex":0},"south":{"uv":[7.9375,3.75,8.125,3.8125],"rotation":0,"texture":"#0","tintindex":0},"north":{"uv":[7.9375,3.6875,8.125,3.75],"rotation":0,"texture":"#0","tintindex":0},"west":{"uv":[0.0,8.25,0.0625,8.3125],"rotation":0,"texture":"#0","tintindex":0},"up":{"uv":[8.125,3.875,7.9375,3.8125],"rotation":0,"texture":"#0","tintindex":0},"down":{"uv":[8.125,4.4375,7.9375,4.5],"rotation":0,"texture":"#0","tintindex":0}}},{"from":[4.5542855,8.456097,6.6139054],"to":[5.3199997,9.22181,7.762477],"rotation":{"angle":0.0,"axis":"y","origin":[7.6171427,8.647525,6.2310486]},"faces":{"east":{"uv":[8.0625,1.0,8.1875,1.0625],"rotation":0,"texture":"#0","tintindex":0},"south":{"uv":[8.1875,8.125,8.25,8.1875],"rotation":0,"texture":"#0","tintindex":0},"north":{"uv":[8.125,8.1875,8.1875,8.25],"rotation":0,"texture":"#0","tintindex":0},"west":{"uv":[1.0625,8.0625,1.1875,8.125],"rotation":0,"texture":"#0","tintindex":0},"up":{"uv":[0.5625,8.1875,0.5,8.0625],"rotation":0,"texture":"#0","tintindex":0},"down":{"uv":[8.125,1.0625,8.0625,1.1875],"rotation":0,"texture":"#0","tintindex":0}}},{"from":[3.7885714,8.456097,4.8910484],"to":[4.5542855,9.22181,6.6139054],"rotation":{"angle":0.0,"axis":"y","origin":[7.6171427,8.647525,6.2310486]},"faces":{"east":{"uv":[7.9375,3.0625,8.125,3.125],"rotation":0,"texture":"#0","tintindex":0},"south":{"uv":[8.1875,8.0625,8.25,8.125],"rotation":0,"texture":"#0","tintindex":0},"north":{"uv":[8.0625,8.1875,8.125,8.25],"rotation":0,"texture":"#0","tintindex":0},"west":{"uv":[7.9375,3.5625,8.125,3.625],"rotation":0,"texture":"#0","tintindex":0},"up":{"uv":[2.375,8.125,2.3125,7.9375],"rotation":0,"texture":"#0","tintindex":0},"down":{"uv":[2.5625,7.9375,2.5,8.125],"rotation":0,"texture":"#0","tintindex":0}}},{"from":[8.765715,6.9246674,7.762477],"to":[10.488571,7.690382,8.528192],"rotation":{"angle":0.0,"axis":"y","origin":[8.0,8.647525,6.2310486]},"faces":{"east":{"uv":[0.75,8.25,0.8125,8.3125],"rotation":0,"texture":"#0","tintindex":0},"south":{"uv":[7.9375,5.0,8.125,5.0625],"rotation":0,"texture":"#0","tintindex":0},"north":{"uv":[7.9375,4.9375,8.125,5.0],"rotation":0,"texture":"#0","tintindex":0},"west":{"uv":[0.8125,8.25,0.875,8.3125],"rotation":0,"texture":"#0","tintindex":0},"up":{"uv":[8.125,5.125,7.9375,5.0625],"rotation":0,"texture":"#0","tintindex":0},"down":{"uv":[5.3125,7.9375,5.125,8.0],"rotation":0,"texture":"#0","tintindex":0}}},{"from":[5.5114284,6.9246674,7.762477],"to":[7.234286,7.690382,8.528192],"rotation":{"angle":0.0,"axis":"y","origin":[8.0,8.647525,6.2310486]},"faces":{"east":{"uv":[8.25,1.25,8.3125,1.3125],"rotation":0,"texture":"#0","tintindex":0},"south":{"uv":[7.9375,5.3125,8.125,5.375],"rotation":0,"texture":"#0","tintindex":0},"north":{"uv":[7.9375,5.25,8.125,5.3125],"rotation":0,"texture":"#0","tintindex":0},"west":{"uv":[8.25,1.3125,8.3125,1.375],"rotation":0,"texture":"#0","tintindex":0},"up":{"uv":[5.5625,8.0,5.375,7.9375],"rotation":0,"texture":"#0","tintindex":0},"down":{"uv":[8.125,5.375,7.9375,5.4375],"rotation":0,"texture":"#0","tintindex":0}}},{"from":[5.8942857,5.5846677,7.1881914],"to":[7.234286,6.350382,7.9539056],"rotation":{"angle":22.5,"axis":"x","origin":[8.0,5.9675245,7.5710483]},"faces":{"east":{"uv":[8.25,1.375,8.3125,1.4375],"rotation":0,"texture":"#0","tintindex":0},"south":{"uv":[2.375,8.0625,2.5,8.125],"rotation":0,"texture":"#0","tintindex":0},"north":{"uv":[8.0625,2.1875,8.1875,2.25],"rotation":0,"texture":"#0","tintindex":0},"west":{"uv":[8.25,1.4375,8.3125,1.5],"rotation":0,"texture":"#0","tintindex":0},"up":{"uv":[3.1875,8.125,3.0625,8.0625],"rotation":0,"texture":"#0","tintindex":0},"down":{"uv":[8.1875,3.3125,8.0625,3.375],"rotation":0,"texture":"#0","tintindex":0}}},{"from":[5.3199997,5.5846677,6.805334],"to":[5.8942857,6.350382,7.762477],"rotation":{"angle":22.5,"axis":"x","origin":[8.0,5.9675245,7.5710483]},"faces":{"east":{"uv":[8.0625,3.375,8.1875,3.4375],"rotation":0,"texture":"#0","tintindex":0},"south":{"uv":[8.25,1.5625,8.3125,1.625],"rotation":0,"texture":"#0","tintindex":0},"north":{"uv":[8.25,1.5,8.3125,1.5625],"rotation":0,"texture":"#0","tintindex":0},"west":{"uv":[8.0625,3.4375,8.1875,3.5],"rotation":0,"texture":"#0","tintindex":0},"up":{"uv":[3.25,8.1875,3.1875,8.0625],"rotation":0,"texture":"#0","tintindex":0},"down":{"uv":[3.5625,8.0625,3.5,8.1875],"rotation":0,"texture":"#0","tintindex":0}}},{"from":[8.765715,5.5846677,7.1881914],"to":[10.105715,6.350382,7.9539056],"rotation":{"angle":22.5,"axis":"x","origin":[8.0,5.9675245,7.5710483]},"faces":{"east":{"uv":[8.25,1.75,8.3125,1.8125],"rotation":0,"texture":"#0","tintindex":0},"south":{"uv":[8.0625,3.875,8.1875,3.9375],"rotation":0,"texture":"#0","tintindex":0},"north":{"uv":[3.8125,8.0625,3.9375,8.125],"rotation":0,"texture":"#0","tintindex":0},"west":{"uv":[8.25,1.8125,8.3125,1.875],"rotation":0,"texture":"#0","tintindex":0},"up":{"uv":[4.0625,8.125,3.9375,8.0625],"rotation":0,"texture":"#0","tintindex":0},"down":{"uv":[8.1875,3.9375,8.0625,4.0],"rotation":0,"texture":"#0","tintindex":0}}},{"from":[10.105715,5.5846677,6.805334],"to":[10.68,6.350382,7.762477],"rotation":{"angle":22.5,"axis":"x","origin":[8.0,5.9675245,7.5710483]},"faces":{"east":{"uv":[8.0625,3.5,8.1875,3.5625],"rotation":0,"texture":"#0","tintindex":0},"south":{"uv":[8.25,1.6875,8.3125,1.75],"rotation":0,"texture":"#0","tintindex":0},"north":{"uv":[8.25,1.625,8.3125,1.6875],"rotation":0,"texture":"#0","tintindex":0},"west":{"uv":[8.0625,3.625,8.1875,3.6875],"rotation":0,"texture":"#0","tintindex":0},"up":{"uv":[3.75,8.1875,3.6875,8.0625],"rotation":0,"texture":"#0","tintindex":0},"down":{"uv":[3.8125,8.0625,3.75,8.1875],"rotation":0,"texture":"#0","tintindex":0}}},{"from":[10.488571,6.9246674,6.6139054],"to":[11.254286,7.690382,7.762477],"rotation":{"angle":0.0,"axis":"y","origin":[8.382857,8.647525,6.2310486]},"faces":{"east":{"uv":[8.0625,1.6875,8.1875,1.75],"rotation":0,"texture":"#0","tintindex":0},"south":{"uv":[0.6875,8.25,0.75,8.3125],"rotation":0,"texture":"#0","tintindex":0},"north":{"uv":[0.5625,8.25,0.625,8.3125],"rotation":0,"texture":"#0","tintindex":0},"west":{"uv":[8.0625,1.75,8.1875,1.8125],"rotation":0,"texture":"#0","tintindex":0},"up":{"uv":[1.6875,8.1875,1.625,8.0625],"rotation":0,"texture":"#0","tintindex":0},"down":{"uv":[1.8125,8.0625,1.75,8.1875],"rotation":0,"texture":"#0","tintindex":0}}},{"from":[8.382857,6.9246674,2.9767623],"to":[10.488571,7.690382,3.7424765],"rotation":{"angle":0.0,"axis":"y","origin":[8.382857,8.647525,5.8481913]},"faces":{"east":{"uv":[0.5,8.25,0.5625,8.3125],"rotation":0,"texture":"#0","tintindex":0},"south":{"uv":[5.3125,4.1875,5.5625,4.25],"rotation":0,"texture":"#0","tintindex":0},"north":{"uv":[3.4375,4.75,3.6875,4.8125],"rotation":0,"texture":"#0","tintindex":0},"west":{"uv":[8.25,0.5,8.3125,0.5625],"rotation":0,"texture":"#0","tintindex":0},"up":{"uv":[7.1875,0.6875,6.9375,0.625],"rotation":0,"texture":"#0","tintindex":0},"down":{"uv":[8.0,1.5,7.75,1.5625],"rotation":0,"texture":"#0","tintindex":0}}},{"from":[10.488571,6.9246674,3.7424765],"to":[11.254286,7.690382,4.8910484],"rotation":{"angle":0.0,"axis":"y","origin":[8.382857,8.647525,6.2310486]},"faces":{"east":{"uv":[1.375,8.0625,1.5,8.125],"rotation":0,"texture":"#0","tintindex":0},"south":{"uv":[8.25,0.4375,8.3125,0.5],"rotation":0,"texture":"#0","tintindex":0},"north":{"uv":[0.4375,8.25,0.5,8.3125],"rotation":0,"texture":"#0","tintindex":0},"west":{"uv":[8.0625,1.375,8.1875,1.4375],"rotation":0,"texture":"#0","tintindex":0},"up":{"uv":[1.5625,8.1875,1.5,8.0625],"rotation":0,"texture":"#0","tintindex":0},"down":{"uv":[1.625,8.0625,1.5625,8.1875],"rotation":0,"texture":"#0","tintindex":0}}},{"from":[11.254286,6.9246674,4.8910484],"to":[12.02,7.690382,6.6139054],"rotation":{"angle":0.0,"axis":"y","origin":[8.382857,8.647525,6.2310486]},"faces":{"east":{"uv":[7.9375,4.8125,8.125,4.875],"rotation":0,"texture":"#0","tintindex":0},"south":{"uv":[0.375,8.25,0.4375,8.3125],"rotation":0,"texture":"#0","tintindex":0},"north":{"uv":[0.3125,8.25,0.375,8.3125],"rotation":0,"texture":"#0","tintindex":0},"west":{"uv":[7.9375,4.875,8.125,4.9375],"rotation":0,"texture":"#0","tintindex":0},"up":{"uv":[2.625,8.125,2.5625,7.9375],"rotation":0,"texture":"#0","tintindex":0},"down":{"uv":[3.4375,7.9375,3.375,8.125],"rotation":0,"texture":"#0","tintindex":0}}},{"from":[4.745714,6.9246674,6.6139054],"to":[5.5114284,7.690382,7.762477],"rotation":{"angle":0.0,"axis":"y","origin":[7.6171427,8.647525,6.2310486]},"faces":{"east":{"uv":[8.0625,2.0,8.1875,2.0625],"rotation":0,"texture":"#0","tintindex":0},"south":{"uv":[1.25,8.25,1.3125,8.3125],"rotation":0,"texture":"#0","tintindex":0},"north":{"uv":[8.25,1.1875,8.3125,1.25],"rotation":0,"texture":"#0","tintindex":0},"west":{"uv":[2.0625,8.0625,2.1875,8.125],"rotation":0,"texture":"#0","tintindex":0},"up":{"uv":[8.125,2.1875,8.0625,2.0625],"rotation":0,"texture":"#0","tintindex":0},"down":{"uv":[2.25,8.0625,2.1875,8.1875],"rotation":0,"texture":"#0","tintindex":0}}},{"from":[3.98,6.9246674,4.8910484],"to":[4.745714,7.690382,6.6139054],"rotation":{"angle":0.0,"axis":"y","origin":[7.6171427,8.647525,6.2310486]},"faces":{"east":{"uv":[7.9375,5.125,8.125,5.1875],"rotation":0,"texture":"#0","tintindex":0},"south":{"uv":[8.25,1.125,8.3125,1.1875],"rotation":0,"texture":"#0","tintindex":0},"north":{"uv":[8.25,1.0625,8.3125,1.125],"rotation":0,"texture":"#0","tintindex":0},"west":{"uv":[7.9375,5.1875,8.125,5.25],"rotation":0,"texture":"#0","tintindex":0},"up":{"uv":[3.5,8.125,3.4375,7.9375],"rotation":0,"texture":"#0","tintindex":0},"down":{"uv":[3.625,7.9375,3.5625,8.125],"rotation":0,"texture":"#0","tintindex":0}}},{"from":[4.745714,6.9246674,3.7424765],"to":[5.5114284,7.690382,4.8910484],"rotation":{"angle":0.0,"axis":"y","origin":[7.6171427,8.647525,6.2310486]},"faces":{"east":{"uv":[8.0625,1.8125,8.1875,1.875],"rotation":0,"texture":"#0","tintindex":0},"south":{"uv":[8.25,1.0,8.3125,1.0625],"rotation":0,"texture":"#0","tintindex":0},"north":{"uv":[8.25,0.9375,8.3125,1.0],"rotation":0,"texture":"#0","tintindex":0},"west":{"uv":[1.875,8.0625,2.0,8.125],"rotation":0,"texture":"#0","tintindex":0},"up":{"uv":[8.125,2.0,8.0625,1.875],"rotation":0,"texture":"#0","tintindex":0},"down":{"uv":[2.0625,8.0625,2.0,8.1875],"rotation":0,"texture":"#0","tintindex":0}}},{"from":[5.5114284,6.9246674,2.9767623],"to":[7.6171427,7.690382,3.7424765],"rotation":{"angle":0.0,"axis":"y","origin":[7.6171427,8.647525,5.8481913]},"faces":{"east":{"uv":[8.25,0.8125,8.3125,0.875],"rotation":0,"texture":"#0","tintindex":0},"south":{"uv":[7.75,1.625,8.0,1.6875],"rotation":0,"texture":"#0","tintindex":0},"north":{"uv":[7.75,1.5625,8.0,1.625],"rotation":0,"texture":"#0","tintindex":0},"west":{"uv":[8.25,0.875,8.3125,0.9375],"rotation":0,"texture":"#0","tintindex":0},"up":{"uv":[8.0,3.0,7.75,2.9375],"rotation":0,"texture":"#0","tintindex":0},"down":{"uv":[8.0,3.0,7.75,3.0625],"rotation":0,"texture":"#0","tintindex":0}}}],"display":{"head":{"translation":[0.0,-6.4,0.0],"scale":[4.0,4.0,4.0]}}}