{"textures":{"0":"modelengine:entity/reaper"},"elements":[{"from":[6.621714,9.416351,18.438576],"to":[9.761143,9.416351,23.798576],"rotation":{"angle":-22.5,"axis":"x","origin":[6.787619,9.416351,22.139528]},"faces":{"east":{"uv":[0.0,0.0,0.5625,0.0],"rotation":0,"texture":"#0","tintindex":0},"south":{"uv":[0.0,0.0,0.3125,0.0],"rotation":0,"texture":"#0","tintindex":0},"north":{"uv":[0.0,0.0,0.3125,0.0],"rotation":0,"texture":"#0","tintindex":0},"west":{"uv":[0.0,0.0,0.5625,0.0],"rotation":0,"texture":"#0","tintindex":0},"up":{"uv":[6.0625,5.3125,5.75,4.75],"rotation":0,"texture":"#0","tintindex":0},"down":{"uv":[5.75,5.75,5.4375,6.3125],"rotation":0,"texture":"#0","tintindex":0}}},{"from":[6.813143,9.416351,23.798576],"to":[8.421143,9.416351,26.095718],"rotation":{"angle":-22.5,"axis":"x","origin":[6.787619,9.416351,22.139528]},"faces":{"east":{"uv":[0.0,0.0,0.25,0.0],"rotation":0,"texture":"#0","tintindex":0},"south":{"uv":[0.0,0.0,0.1875,0.0],"rotation":0,"texture":"#0","tintindex":0},"north":{"uv":[0.0,0.0,0.1875,0.0],"rotation":0,"texture":"#0","tintindex":0},"west":{"uv":[0.0,0.0,0.25,0.0],"rotation":0,"texture":"#0","tintindex":0},"up":{"uv":[2.5625,7.5,2.375,7.25],"rotation":0,"texture":"#0","tintindex":0},"down":{"uv":[7.4375,2.5625,7.25,2.8125],"rotation":0,"texture":"#0","tintindex":0}}},{"from":[5.856,9.416351,18.438576],"to":[6.6982856,9.416351,22.267147],"rotation":{"angle":-22.5,"axis":"x","origin":[6.787619,9.416351,22.139528]},"faces":{"east":{"uv":[0.0,0.0,0.4375,0.0],"rotation":0,"texture":"#0","tintindex":0},"south":{"uv":[0.0,0.0,0.0625,0.0],"rotation":0,"texture":"#0","tintindex":0},"north":{"uv":[0.0,0.0,0.0625,0.0],"rotation":0,"texture":"#0","tintindex":0},"west":{"uv":[0.0,0.0,0.4375,0.0],"rotation":0,"texture":"#0","tintindex":0},"up":{"uv":[2.75,8.0,2.6875,7.5625],"rotation":0,"texture":"#0","tintindex":0},"down":{"uv":[2.8125,7.5625,2.75,8.0],"rotation":0,"texture":"#0","tintindex":0}}},{"from":[5.2817144,8.0,8.0],"to":[10.718286,8.0,18.720001],"rotation":{"angle":0.0,"axis":"y","origin":[8.0,8.0,8.0]},"faces":{"east":{"uv":[0.0,0.0,1.1875,0.0],"rotation":0,"texture":"#0","tintindex":0},"south":{"uv":[0.0,0.0,0.625,0.0],"rotation":0,"texture":"#0","tintindex":0},"north":{"uv":[0.0,0.0,0.625,0.0],"rotation":0,"texture":"#0","tintindex":0},"west":{"uv":[0.0,0.0,1.1875,0.0],"rotation":0,"texture":"#0","tintindex":0},"up":{"uv":[4.9375,2.5,4.3125,1.3125],"rotation":0,"texture":"#0","tintindex":0},"down":{"uv":[4.9375,2.5,4.3125,3.6875],"rotation":0,"texture":"#0","tintindex":0}}}],"display":{"head":{"translation":[0.0,-6.4,0.0],"scale":[4.0,4.0,4.0]}}}