{"textures":{"0":"modelengine:entity/reaper"},"elements":[{"from":[6.9662857,7.921036,8.559929],"to":[9.033714,11.36675,9.249071],"rotation":{"angle":0.0,"axis":"y","origin":[8.0,7.4041786,9.938214]},"faces":{"east":{"uv":[7.0625,5.8125,7.125,6.1875],"rotation":0,"texture":"#0","tintindex":0},"south":{"uv":[6.5,4.375,6.75,4.75],"rotation":0,"texture":"#0","tintindex":0},"north":{"uv":[3.9375,6.5,4.1875,6.875],"rotation":0,"texture":"#0","tintindex":0},"west":{"uv":[7.5625,4.8125,7.625,5.1875],"rotation":0,"texture":"#0","tintindex":0},"up":{"uv":[8.0,3.1875,7.75,3.125],"rotation":0,"texture":"#0","tintindex":0},"down":{"uv":[8.0,3.1875,7.75,3.25],"rotation":0,"texture":"#0","tintindex":0}}},{"from":[6.9662857,9.988464,7.8707857],"to":[9.033714,12.055893,8.559929],"rotation":{"angle":0.0,"axis":"y","origin":[8.0,7.4041786,9.938214]},"faces":{"east":{"uv":[6.5,2.25,6.5625,2.5],"rotation":0,"texture":"#0","tintindex":0},"south":{"uv":[6.9375,0.375,7.1875,0.625],"rotation":0,"texture":"#0","tintindex":0},"north":{"uv":[3.4375,4.5,3.6875,4.75],"rotation":0,"texture":"#0","tintindex":0},"west":{"uv":[6.8125,5.8125,6.875,6.0625],"rotation":0,"texture":"#0","tintindex":0},"up":{"uv":[8.0,3.3125,7.75,3.25],"rotation":0,"texture":"#0","tintindex":0},"down":{"uv":[8.0,3.375,7.75,3.4375],"rotation":0,"texture":"#0","tintindex":0}}},{"from":[9.033714,7.921036,7.8707857],"to":[9.722857,11.36675,8.559929],"rotation":{"angle":0.0,"axis":"y","origin":[8.0,7.4041786,9.938214]},"faces":{"east":{"uv":[5.875,7.5625,5.9375,7.9375],"rotation":0,"texture":"#0","tintindex":0},"south":{"uv":[5.9375,7.5625,6.0,7.9375],"rotation":0,"texture":"#0","tintindex":0},"north":{"uv":[5.8125,7.5625,5.875,7.9375],"rotation":0,"texture":"#0","tintindex":0},"west":{"uv":[7.5625,7.3125,7.625,7.6875],"rotation":0,"texture":"#0","tintindex":0},"up":{"uv":[2.75,8.3125,2.6875,8.25],"rotation":0,"texture":"#0","tintindex":0},"down":{"uv":[8.3125,2.6875,8.25,2.75],"rotation":0,"texture":"#0","tintindex":0}}},{"from":[6.2771425,11.36675,4.4250712],"to":[9.722857,12.055893,7.8707857],"rotation":{"angle":0.0,"axis":"y","origin":[8.0,7.4041786,9.938214]},"faces":{"east":{"uv":[7.5625,4.4375,7.9375,4.5],"rotation":0,"texture":"#0","tintindex":0},"south":{"uv":[7.5625,4.5,7.9375,4.5625],"rotation":0,"texture":"#0","tintindex":0},"north":{"uv":[7.5625,0.75,7.9375,0.8125],"rotation":0,"texture":"#0","tintindex":0},"west":{"uv":[7.5625,4.5625,7.9375,4.625],"rotation":0,"texture":"#0","tintindex":0},"up":{"uv":[6.4375,3.5,6.0625,3.125],"rotation":0,"texture":"#0","tintindex":0},"down":{"uv":[6.4375,4.1875,6.0625,4.5625],"rotation":0,"texture":"#0","tintindex":0}}},{"from":[6.2771425,12.055893,3.4679284],"to":[10.105715,12.055893,8.6365],"rotation":{"angle":0.0,"axis":"y","origin":[8.0,6.638464,9.938214]},"faces":{"east":{"uv":[0.0,0.0,0.5625,0.0],"rotation":0,"texture":"#0","tintindex":0},"south":{"uv":[0.0,0.0,0.4375,0.0],"rotation":0,"texture":"#0","tintindex":0},"north":{"uv":[0.0,0.0,0.4375,0.0],"rotation":0,"texture":"#0","tintindex":0},"west":{"uv":[0.0,0.0,0.5625,0.0],"rotation":0,"texture":"#0","tintindex":0},"up":{"uv":[6.0,1.0625,5.5625,0.5],"rotation":0,"texture":"#0","tintindex":0},"down":{"uv":[6.0,1.0625,5.5625,1.625],"rotation":0,"texture":"#0","tintindex":0}}},{"from":[8.765715,11.101607,3.0850716],"to":[10.677143,14.541607,4.9965],"rotation":{"angle":-22.5,"axis":"x","origin":[9.435715,12.821608,3.7550712]},"faces":{"east":{"uv":[6.875,1.5,7.0625,1.875],"rotation":0,"texture":"#0","tintindex":0},"south":{"uv":[6.875,2.8125,7.0625,3.1875],"rotation":0,"texture":"#0","tintindex":0},"north":{"uv":[6.875,1.125,7.0625,1.5],"rotation":0,"texture":"#0","tintindex":0},"west":{"uv":[4.625,6.875,4.8125,7.25],"rotation":0,"texture":"#0","tintindex":0},"up":{"uv":[7.625,4.0625,7.4375,3.875],"rotation":0,"texture":"#0","tintindex":0},"down":{"uv":[7.625,4.0625,7.4375,4.25],"rotation":0,"texture":"#0","tintindex":0}}},{"from":[8.908571,14.154283,2.4778566],"to":[10.437143,17.782854,3.6264277],"rotation":{"angle":0.0,"axis":"y","origin":[9.435715,13.971425,3.1478562]},"faces":{"east":{"uv":[7.1875,6.5,7.3125,6.875],"rotation":0,"texture":"#0","tintindex":0},"south":{"uv":[6.875,5.8125,7.0625,6.1875],"rotation":0,"texture":"#0","tintindex":0},"north":{"uv":[6.875,5.125,7.0625,5.5],"rotation":0,"texture":"#0","tintindex":0},"west":{"uv":[7.1875,6.875,7.3125,7.25],"rotation":0,"texture":"#0","tintindex":0},"up":{"uv":[4.5625,5.8125,4.375,5.6875],"rotation":0,"texture":"#0","tintindex":0},"down":{"uv":[6.625,5.625,6.4375,5.75],"rotation":0,"texture":"#0","tintindex":0}}},{"from":[5.322857,11.101607,3.0850716],"to":[7.234286,13.393036,4.4250712],"rotation":{"angle":-22.5,"axis":"x","origin":[6.5642858,12.821608,3.7550712]},"faces":{"east":{"uv":[6.3125,3.9375,6.4375,4.1875],"rotation":0,"texture":"#0","tintindex":0},"south":{"uv":[0.0,7.25,0.1875,7.5],"rotation":0,"texture":"#0","tintindex":0},"north":{"uv":[6.9375,7.1875,7.125,7.4375],"rotation":0,"texture":"#0","tintindex":0},"west":{"uv":[6.6875,2.0,6.8125,2.25],"rotation":0,"texture":"#0","tintindex":0},"up":{"uv":[6.6875,1.25,6.5,1.125],"rotation":0,"texture":"#0","tintindex":0},"down":{"uv":[6.75,0.375,6.5625,0.5],"rotation":0,"texture":"#0","tintindex":0}}},{"from":[5.4657145,13.093141,2.9173956],"to":[6.5657144,14.527426,4.065967],"rotation":{"angle":0.0,"axis":"y","origin":[5.8014283,13.481712,3.5873957]},"faces":{"east":{"uv":[7.625,3.375,7.75,3.5625],"rotation":0,"texture":"#0","tintindex":0},"south":{"uv":[3.5625,7.625,3.6875,7.8125],"rotation":0,"texture":"#0","tintindex":0},"north":{"uv":[7.625,3.125,7.75,3.3125],"rotation":0,"texture":"#0","tintindex":0},"west":{"uv":[3.6875,7.625,3.8125,7.8125],"rotation":0,"texture":"#0","tintindex":0},"up":{"uv":[7.875,4.375,7.75,4.25],"rotation":0,"texture":"#0","tintindex":0},"down":{"uv":[5.0,7.75,4.875,7.875],"rotation":0,"texture":"#0","tintindex":0}}},{"from":[6.2771425,11.36675,8.6365],"to":[10.105715,12.055893,8.6365],"rotation":{"angle":0.0,"axis":"y","origin":[8.0,6.638464,9.938214]},"faces":{"east":{"uv":[0.0,0.0,0.0,0.0625],"rotation":0,"texture":"#0","tintindex":0},"south":{"uv":[7.5,3.0625,7.9375,3.125],"rotation":0,"texture":"#0","tintindex":0},"north":{"uv":[7.5,1.4375,7.9375,1.5],"rotation":0,"texture":"#0","tintindex":0},"west":{"uv":[0.0,0.0,0.0,0.0625],"rotation":0,"texture":"#0","tintindex":0},"up":{"uv":[0.4375,0.0,0.0,0.0],"rotation":0,"texture":"#0","tintindex":0},"down":{"uv":[0.4375,0.0,0.0,0.0],"rotation":0,"texture":"#0","tintindex":0}}},{"from":[5.5114284,11.36675,8.6365],"to":[10.68,11.36675,9.402214],"rotation":{"angle":0.0,"axis":"y","origin":[8.0,6.638464,9.938214]},"faces":{"east":{"uv":[0.0,0.0,0.0625,0.0],"rotation":0,"texture":"#0","tintindex":0},"south":{"uv":[0.0,0.0,0.5625,0.0],"rotation":0,"texture":"#0","tintindex":0},"north":{"uv":[0.0,0.0,0.5625,0.0],"rotation":0,"texture":"#0","tintindex":0},"west":{"uv":[0.0,0.0,0.0625,0.0],"rotation":0,"texture":"#0","tintindex":0},"up":{"uv":[7.875,2.3125,7.3125,2.25],"rotation":0,"texture":"#0","tintindex":0},"down":{"uv":[7.875,3.625,7.3125,3.6875],"rotation":0,"texture":"#0","tintindex":0}}},{"from":[5.5114284,11.36675,3.4679284],"to":[6.2771425,11.36675,8.6365],"rotation":{"angle":0.0,"axis":"y","origin":[8.0,6.638464,9.938214]},"faces":{"east":{"uv":[0.0,0.0,0.5625,0.0],"rotation":0,"texture":"#0","tintindex":0},"south":{"uv":[0.0,0.0,0.0625,0.0],"rotation":0,"texture":"#0","tintindex":0},"north":{"uv":[0.0,0.0,0.0625,0.0],"rotation":0,"texture":"#0","tintindex":0},"west":{"uv":[0.0,0.0,0.5625,0.0],"rotation":0,"texture":"#0","tintindex":0},"up":{"uv":[2.4375,6.0625,2.375,5.5],"rotation":0,"texture":"#0","tintindex":0},"down":{"uv":[6.0625,7.375,6.0,7.9375],"rotation":0,"texture":"#0","tintindex":0}}},{"from":[10.105715,11.36675,3.4679284],"to":[10.68,11.36675,8.6365],"rotation":{"angle":0.0,"axis":"y","origin":[8.0,6.638464,9.938214]},"faces":{"east":{"uv":[0.0,0.0,0.5625,0.0],"rotation":0,"texture":"#0","tintindex":0},"south":{"uv":[0.0,0.0,0.0625,0.0],"rotation":0,"texture":"#0","tintindex":0},"north":{"uv":[0.0,0.0,0.0625,0.0],"rotation":0,"texture":"#0","tintindex":0},"west":{"uv":[0.0,0.0,0.5625,0.0],"rotation":0,"texture":"#0","tintindex":0},"up":{"uv":[7.5,1.5,7.4375,0.9375],"rotation":0,"texture":"#0","tintindex":0},"down":{"uv":[7.5,2.5625,7.4375,3.125],"rotation":0,"texture":"#0","tintindex":0}}},{"from":[10.105715,11.36675,3.4679284],"to":[10.105715,12.055893,8.6365],"rotation":{"angle":0.0,"axis":"y","origin":[8.0,6.638464,9.938214]},"faces":{"east":{"uv":[7.3125,5.9375,7.875,6.0],"rotation":0,"texture":"#0","tintindex":0},"south":{"uv":[0.0,0.0,0.0,0.0625],"rotation":0,"texture":"#0","tintindex":0},"north":{"uv":[0.0,0.0,0.0,0.0625],"rotation":0,"texture":"#0","tintindex":0},"west":{"uv":[7.375,4.625,7.9375,4.6875],"rotation":0,"texture":"#0","tintindex":0},"up":{"uv":[0.0,0.5625,0.0,0.0],"rotation":0,"texture":"#0","tintindex":0},"down":{"uv":[0.0,0.0,0.0,0.5625],"rotation":0,"texture":"#0","tintindex":0}}},{"from":[6.276377,11.36675,3.4686942],"to":[6.276377,12.055893,8.637266],"rotation":{"angle":0.0,"axis":"y","origin":[8.764949,6.638464,9.93898]},"faces":{"east":{"uv":[7.375,4.6875,7.9375,4.75],"rotation":0,"texture":"#0","tintindex":0},"south":{"uv":[0.0,0.0,0.0,0.0625],"rotation":0,"texture":"#0","tintindex":0},"north":{"uv":[0.0,0.0,0.0,0.0625],"rotation":0,"texture":"#0","tintindex":0},"west":{"uv":[7.375,5.5,7.9375,5.5625],"rotation":0,"texture":"#0","tintindex":0},"up":{"uv":[0.0,0.5625,0.0,0.0],"rotation":0,"texture":"#0","tintindex":0},"down":{"uv":[0.0,0.0,0.0,0.5625],"rotation":0,"texture":"#0","tintindex":0}}},{"from":[10.68,5.35875,5.7650714],"to":[10.68,6.695893,9.402214],"rotation":{"angle":0.0,"axis":"y","origin":[8.0,6.638464,9.938214]},"faces":{"east":{"uv":[7.5625,5.3125,7.9375,5.375],"rotation":0,"texture":"#0","tintindex":0},"south":{"uv":[0.0,0.0,0.0,0.0625],"rotation":0,"texture":"#0","tintindex":0},"north":{"uv":[0.0,0.0,0.0,0.0625],"rotation":0,"texture":"#0","tintindex":0},"west":{"uv":[7.5625,5.375,7.9375,5.4375],"rotation":0,"texture":"#0","tintindex":0},"up":{"uv":[0.0,0.375,0.0,0.0],"rotation":0,"texture":"#0","tintindex":0},"down":{"uv":[0.0,0.0,0.0,0.375],"rotation":0,"texture":"#0","tintindex":0}}},{"from":[10.68,6.695893,4.2336426],"to":[10.68,11.36675,9.402214],"rotation":{"angle":0.0,"axis":"y","origin":[8.0,6.638464,9.938214]},"faces":{"east":{"uv":[1.875,5.0,2.4375,5.5],"rotation":0,"texture":"#0","tintindex":0},"south":{"uv":[0.0,0.0,0.0,0.5],"rotation":0,"texture":"#0","tintindex":0},"north":{"uv":[0.0,0.0,0.0,0.5],"rotation":0,"texture":"#0","tintindex":0},"west":{"uv":[5.3125,0.0,5.875,0.5],"rotation":0,"texture":"#0","tintindex":0},"up":{"uv":[0.0,0.5625,0.0,0.0],"rotation":0,"texture":"#0","tintindex":0},"down":{"uv":[0.0,0.0,0.0,0.5625],"rotation":0,"texture":"#0","tintindex":0}}},{"from":[10.68,7.461607,3.4679284],"to":[10.68,11.36675,4.2336426],"rotation":{"angle":0.0,"axis":"y","origin":[8.0,6.638464,9.938214]},"faces":{"east":{"uv":[0.6875,7.5,0.75,7.9375],"rotation":0,"texture":"#0","tintindex":0},"south":{"uv":[0.0,0.0,0.0,0.4375],"rotation":0,"texture":"#0","tintindex":0},"north":{"uv":[0.0,0.0,0.0,0.4375],"rotation":0,"texture":"#0","tintindex":0},"west":{"uv":[2.5,7.5,2.5625,7.9375],"rotation":0,"texture":"#0","tintindex":0},"up":{"uv":[0.0,0.0625,0.0,0.0],"rotation":0,"texture":"#0","tintindex":0},"down":{"uv":[0.0,0.0,0.0,0.0625],"rotation":0,"texture":"#0","tintindex":0}}},{"from":[5.5114284,5.35875,3.4679284],"to":[5.5114284,11.36675,9.402214],"rotation":{"angle":0.0,"axis":"y","origin":[8.0,6.638464,9.938214]},"faces":{"east":{"uv":[4.9375,4.25,5.5625,4.875],"rotation":0,"texture":"#0","tintindex":0},"south":{"uv":[0.0,0.0,0.0,0.625],"rotation":0,"texture":"#0","tintindex":0},"north":{"uv":[0.0,0.0,0.0,0.625],"rotation":0,"texture":"#0","tintindex":0},"west":{"uv":[4.9375,4.875,5.5625,5.5],"rotation":0,"texture":"#0","tintindex":0},"up":{"uv":[0.0,0.625,0.0,0.0],"rotation":0,"texture":"#0","tintindex":0},"down":{"uv":[0.0,0.0,0.0,0.625],"rotation":0,"texture":"#0","tintindex":0}}},{"from":[5.5114284,6.695893,3.4679284],"to":[6.2771425,11.36675,3.4679284],"rotation":{"angle":0.0,"axis":"y","origin":[8.0,6.638464,9.938214]},"faces":{"east":{"uv":[0.0,0.0,0.0,0.5],"rotation":0,"texture":"#0","tintindex":0},"south":{"uv":[0.5,7.5,0.5625,8.0],"rotation":0,"texture":"#0","tintindex":0},"north":{"uv":[0.4375,7.5,0.5,8.0],"rotation":0,"texture":"#0","tintindex":0},"west":{"uv":[0.0,0.0,0.0,0.5],"rotation":0,"texture":"#0","tintindex":0},"up":{"uv":[0.0625,0.0,0.0,0.0],"rotation":0,"texture":"#0","tintindex":0},"down":{"uv":[0.0625,0.0,0.0,0.0],"rotation":0,"texture":"#0","tintindex":0}}},{"from":[6.2771425,8.993036,3.4679284],"to":[7.8085713,12.055893,3.4679284],"rotation":{"angle":0.0,"axis":"y","origin":[8.0,6.638464,9.938214]},"faces":{"east":{"uv":[0.0,0.0,0.0,0.3125],"rotation":0,"texture":"#0","tintindex":0},"south":{"uv":[7.0625,1.25,7.25,1.5625],"rotation":0,"texture":"#0","tintindex":0},"north":{"uv":[7.0625,0.9375,7.25,1.25],"rotation":0,"texture":"#0","tintindex":0},"west":{"uv":[0.0,0.0,0.0,0.3125],"rotation":0,"texture":"#0","tintindex":0},"up":{"uv":[0.1875,0.0,0.0,0.0],"rotation":0,"texture":"#0","tintindex":0},"down":{"uv":[0.1875,0.0,0.0,0.0],"rotation":0,"texture":"#0","tintindex":0}}},{"from":[6.2771425,7.461607,3.4679284],"to":[7.042857,8.993036,3.4679284],"rotation":{"angle":0.0,"axis":"y","origin":[8.0,6.638464,9.938214]},"faces":{"east":{"uv":[0.0,0.0,0.0,0.1875],"rotation":0,"texture":"#0","tintindex":0},"south":{"uv":[5.75,7.9375,5.8125,8.125],"rotation":0,"texture":"#0","tintindex":0},"north":{"uv":[5.6875,7.9375,5.75,8.125],"rotation":0,"texture":"#0","tintindex":0},"west":{"uv":[0.0,0.0,0.0,0.1875],"rotation":0,"texture":"#0","tintindex":0},"up":{"uv":[0.0625,0.0,0.0,0.0],"rotation":0,"texture":"#0","tintindex":0},"down":{"uv":[0.0625,0.0,0.0,0.0],"rotation":0,"texture":"#0","tintindex":0}}},{"from":[5.5114284,4.5930357,9.402214],"to":[10.68,11.36675,9.402214],"rotation":{"angle":0.0,"axis":"y","origin":[8.0,6.638464,9.938214]},"faces":{"east":{"uv":[0.0,0.0,0.0,0.6875],"rotation":0,"texture":"#0","tintindex":0},"south":{"uv":[0.5625,5.0,1.125,5.6875],"rotation":0,"texture":"#0","tintindex":0},"north":{"uv":[0.0,5.0,0.5625,5.6875],"rotation":0,"texture":"#0","tintindex":0},"west":{"uv":[0.0,0.0,0.0,0.6875],"rotation":0,"texture":"#0","tintindex":0},"up":{"uv":[0.5625,0.0,0.0,0.0],"rotation":0,"texture":"#0","tintindex":0},"down":{"uv":[0.5625,0.0,0.0,0.0],"rotation":0,"texture":"#0","tintindex":0}}},{"from":[7.8085713,10.524465,3.4679284],"to":[10.105715,12.055893,3.4679284],"rotation":{"angle":0.0,"axis":"y","origin":[8.0,6.638464,9.938214]},"faces":{"east":{"uv":[0.0,0.0,0.0,0.1875],"rotation":0,"texture":"#0","tintindex":0},"south":{"uv":[7.1875,6.3125,7.4375,6.5],"rotation":0,"texture":"#0","tintindex":0},"north":{"uv":[7.1875,6.125,7.4375,6.3125],"rotation":0,"texture":"#0","tintindex":0},"west":{"uv":[0.0,0.0,0.0,0.1875],"rotation":0,"texture":"#0","tintindex":0},"up":{"uv":[0.25,0.0,0.0,0.0],"rotation":0,"texture":"#0","tintindex":0},"down":{"uv":[0.25,0.0,0.0,0.0],"rotation":0,"texture":"#0","tintindex":0}}},{"from":[10.105715,8.303893,3.4679284],"to":[10.68,11.36675,3.4679284],"rotation":{"angle":0.0,"axis":"y","origin":[8.0,6.638464,9.938214]},"faces":{"east":{"uv":[0.0,0.0,0.0,0.3125],"rotation":0,"texture":"#0","tintindex":0},"south":{"uv":[2.4375,7.75,2.5,8.0625],"rotation":0,"texture":"#0","tintindex":0},"north":{"uv":[2.375,7.75,2.4375,8.0625],"rotation":0,"texture":"#0","tintindex":0},"west":{"uv":[0.0,0.0,0.0,0.3125],"rotation":0,"texture":"#0","tintindex":0},"up":{"uv":[0.0625,0.0,0.0,0.0],"rotation":0,"texture":"#0","tintindex":0},"down":{"uv":[0.0625,0.0,0.0,0.0],"rotation":0,"texture":"#0","tintindex":0}}},{"from":[9.722857,8.610179,4.4250712],"to":[10.412001,11.36675,7.8707857],"rotation":{"angle":0.0,"axis":"y","origin":[8.0,7.4041786,9.938214]},"faces":{"east":{"uv":[6.125,2.1875,6.5,2.5],"rotation":0,"texture":"#0","tintindex":0},"south":{"uv":[7.75,2.3125,7.8125,2.625],"rotation":0,"texture":"#0","tintindex":0},"north":{"uv":[1.75,7.75,1.8125,8.0625],"rotation":0,"texture":"#0","tintindex":0},"west":{"uv":[6.0625,6.1875,6.4375,6.5],"rotation":0,"texture":"#0","tintindex":0},"up":{"uv":[2.1875,8.0,2.125,7.625],"rotation":0,"texture":"#0","tintindex":0},"down":{"uv":[2.25,7.625,2.1875,8.0],"rotation":0,"texture":"#0","tintindex":0}}},{"from":[6.2771425,10.5053215,3.7359285],"to":[9.722857,11.36675,4.4250712],"rotation":{"angle":0.0,"axis":"y","origin":[8.0,7.4041786,9.938214]},"faces":{"east":{"uv":[5.875,8.0625,5.9375,8.1875],"rotation":0,"texture":"#0","tintindex":0},"south":{"uv":[7.1875,6.0,7.5625,6.125],"rotation":0,"texture":"#0","tintindex":0},"north":{"uv":[7.1875,4.8125,7.5625,4.9375],"rotation":0,"texture":"#0","tintindex":0},"west":{"uv":[6.25,8.0625,6.3125,8.1875],"rotation":0,"texture":"#0","tintindex":0},"up":{"uv":[7.9375,5.25,7.5625,5.1875],"rotation":0,"texture":"#0","tintindex":0},"down":{"uv":[7.9375,5.25,7.5625,5.3125],"rotation":0,"texture":"#0","tintindex":0}}},{"from":[9.206,9.471607,3.7359285],"to":[9.722857,10.5053215,4.4250712],"rotation":{"angle":0.0,"axis":"y","origin":[8.0,7.4041786,9.938214]},"faces":{"east":{"uv":[6.375,8.0625,6.4375,8.1875],"rotation":0,"texture":"#0","tintindex":0},"south":{"uv":[6.4375,8.0625,6.5,8.1875],"rotation":0,"texture":"#0","tintindex":0},"north":{"uv":[6.3125,8.0625,6.375,8.1875],"rotation":0,"texture":"#0","tintindex":0},"west":{"uv":[6.5,8.0625,6.5625,8.1875],"rotation":0,"texture":"#0","tintindex":0},"up":{"uv":[2.9375,8.3125,2.875,8.25],"rotation":0,"texture":"#0","tintindex":0},"down":{"uv":[8.3125,2.875,8.25,2.9375],"rotation":0,"texture":"#0","tintindex":0}}},{"from":[8.344571,8.610179,3.7359285],"to":[9.722857,9.471607,4.4250712],"rotation":{"angle":0.0,"axis":"y","origin":[9.033714,9.040893,4.0804996]},"faces":{"east":{"uv":[7.0625,8.0625,7.125,8.1875],"rotation":0,"texture":"#0","tintindex":0},"south":{"uv":[6.75,5.0,6.875,5.125],"rotation":0,"texture":"#0","tintindex":0},"north":{"uv":[6.5625,2.8125,6.6875,2.9375],"rotation":0,"texture":"#0","tintindex":0},"west":{"uv":[7.125,8.0625,7.1875,8.1875],"rotation":0,"texture":"#0","tintindex":0},"up":{"uv":[8.1875,7.1875,8.0625,7.125],"rotation":0,"texture":"#0","tintindex":0},"down":{"uv":[8.1875,7.1875,8.0625,7.25],"rotation":0,"texture":"#0","tintindex":0}}},{"from":[7.6554284,9.471607,3.7359285],"to":[8.344571,10.5053215,4.4250712],"rotation":{"angle":0.0,"axis":"y","origin":[8.0,7.4041786,9.938214]},"faces":{"east":{"uv":[6.875,8.0625,6.9375,8.1875],"rotation":0,"texture":"#0","tintindex":0},"south":{"uv":[6.9375,8.0625,7.0,8.1875],"rotation":0,"texture":"#0","tintindex":0},"north":{"uv":[6.8125,8.0625,6.875,8.1875],"rotation":0,"texture":"#0","tintindex":0},"west":{"uv":[7.0,8.0625,7.0625,8.1875],"rotation":0,"texture":"#0","tintindex":0},"up":{"uv":[3.0625,8.3125,3.0,8.25],"rotation":0,"texture":"#0","tintindex":0},"down":{"uv":[8.3125,3.0,8.25,3.0625],"rotation":0,"texture":"#0","tintindex":0}}},{"from":[7.8966284,8.95475,3.7359285],"to":[8.103372,9.471607,4.4250712],"rotation":{"angle":0.0,"axis":"y","origin":[8.0,7.4041786,9.938214]},"faces":{"east":{"uv":[8.25,3.0625,8.3125,3.125],"rotation":0,"texture":"#0","tintindex":0},"south":{"uv":[3.125,8.25,3.1875,8.3125],"rotation":0,"texture":"#0","tintindex":0},"north":{"uv":[3.0625,8.25,3.125,8.3125],"rotation":0,"texture":"#0","tintindex":0},"west":{"uv":[8.25,3.125,8.3125,3.1875],"rotation":0,"texture":"#0","tintindex":0},"up":{"uv":[3.25,8.3125,3.1875,8.25],"rotation":0,"texture":"#0","tintindex":0},"down":{"uv":[8.3125,3.1875,8.25,3.25],"rotation":0,"texture":"#0","tintindex":0}}},{"from":[7.6554284,8.610179,3.7359285],"to":[8.344571,8.95475,4.4250712],"rotation":{"angle":0.0,"axis":"y","origin":[8.0,7.4041786,9.938214]},"faces":{"east":{"uv":[8.25,3.25,8.3125,3.3125],"rotation":0,"texture":"#0","tintindex":0},"south":{"uv":[3.3125,8.25,3.375,8.3125],"rotation":0,"texture":"#0","tintindex":0},"north":{"uv":[3.25,8.25,3.3125,8.3125],"rotation":0,"texture":"#0","tintindex":0},"west":{"uv":[8.25,3.3125,8.3125,3.375],"rotation":0,"texture":"#0","tintindex":0},"up":{"uv":[3.4375,8.3125,3.375,8.25],"rotation":0,"texture":"#0","tintindex":0},"down":{"uv":[8.3125,3.375,8.25,3.4375],"rotation":0,"texture":"#0","tintindex":0}}},{"from":[7.3108573,8.265607,3.7359285],"to":[8.689143,8.610179,4.0804996],"rotation":{"angle":0.0,"axis":"y","origin":[8.0,7.4041786,9.938214]},"faces":{"east":{"uv":[3.625,8.25,3.6875,8.3125],"rotation":0,"texture":"#0","tintindex":0},"south":{"uv":[7.5625,8.0625,7.6875,8.125],"rotation":0,"texture":"#0","tintindex":0},"north":{"uv":[8.0625,7.5,8.1875,7.5625],"rotation":0,"texture":"#0","tintindex":0},"west":{"uv":[8.25,3.625,8.3125,3.6875],"rotation":0,"texture":"#0","tintindex":0},"up":{"uv":[8.1875,7.625,8.0625,7.5625],"rotation":0,"texture":"#0","tintindex":0},"down":{"uv":[8.1875,7.625,8.0625,7.6875],"rotation":0,"texture":"#0","tintindex":0}}},{"from":[6.2771425,8.610179,3.7359285],"to":[7.6554284,9.471607,4.4250712],"rotation":{"angle":0.0,"axis":"y","origin":[8.0,7.4041786,9.938214]},"faces":{"east":{"uv":[5.3125,8.0625,5.375,8.1875],"rotation":0,"texture":"#0","tintindex":0},"south":{"uv":[6.3125,6.5,6.4375,6.625],"rotation":0,"texture":"#0","tintindex":0},"north":{"uv":[6.4375,3.375,6.5625,3.5],"rotation":0,"texture":"#0","tintindex":0},"west":{"uv":[5.8125,8.0625,5.875,8.1875],"rotation":0,"texture":"#0","tintindex":0},"up":{"uv":[8.1875,6.0,8.0625,5.9375],"rotation":0,"texture":"#0","tintindex":0},"down":{"uv":[6.25,8.0625,6.125,8.125],"rotation":0,"texture":"#0","tintindex":0}}},{"from":[6.2771425,9.471607,3.7359285],"to":[6.7939997,10.5053215,4.4250712],"rotation":{"angle":0.0,"axis":"y","origin":[8.0,7.4041786,9.938214]},"faces":{"east":{"uv":[6.625,8.0625,6.6875,8.1875],"rotation":0,"texture":"#0","tintindex":0},"south":{"uv":[6.6875,8.0625,6.75,8.1875],"rotation":0,"texture":"#0","tintindex":0},"north":{"uv":[6.5625,8.0625,6.625,8.1875],"rotation":0,"texture":"#0","tintindex":0},"west":{"uv":[6.75,8.0625,6.8125,8.1875],"rotation":0,"texture":"#0","tintindex":0},"up":{"uv":[3.0,8.3125,2.9375,8.25],"rotation":0,"texture":"#0","tintindex":0},"down":{"uv":[8.3125,2.9375,8.25,3.0],"rotation":0,"texture":"#0","tintindex":0}}},{"from":[5.588,8.610179,4.4250712],"to":[6.2771425,11.36675,7.8707857],"rotation":{"angle":0.0,"axis":"y","origin":[8.0,7.4041786,9.938214]},"faces":{"east":{"uv":[6.0625,5.1875,6.4375,5.5],"rotation":0,"texture":"#0","tintindex":0},"south":{"uv":[7.5625,7.6875,7.625,8.0],"rotation":0,"texture":"#0","tintindex":0},"north":{"uv":[0.375,7.6875,0.4375,8.0],"rotation":0,"texture":"#0","tintindex":0},"west":{"uv":[6.125,1.875,6.5,2.1875],"rotation":0,"texture":"#0","tintindex":0},"up":{"uv":[2.0625,8.0,2.0,7.625],"rotation":0,"texture":"#0","tintindex":0},"down":{"uv":[2.125,7.625,2.0625,8.0],"rotation":0,"texture":"#0","tintindex":0}}},{"from":[6.2771425,7.921036,7.8707857],"to":[6.9662857,11.36675,8.559929],"rotation":{"angle":0.0,"axis":"y","origin":[8.0,7.4041786,9.938214]},"faces":{"east":{"uv":[0.9375,7.625,1.0,8.0],"rotation":0,"texture":"#0","tintindex":0},"south":{"uv":[1.0,7.625,1.0625,8.0],"rotation":0,"texture":"#0","tintindex":0},"north":{"uv":[7.625,0.0,7.6875,0.375],"rotation":0,"texture":"#0","tintindex":0},"west":{"uv":[7.625,1.875,7.6875,2.25],"rotation":0,"texture":"#0","tintindex":0},"up":{"uv":[2.8125,8.3125,2.75,8.25],"rotation":0,"texture":"#0","tintindex":0},"down":{"uv":[8.3125,2.75,8.25,2.8125],"rotation":0,"texture":"#0","tintindex":0}}},{"from":[9.722857,8.265607,5.114214],"to":[10.067429,8.610179,5.803357],"rotation":{"angle":0.0,"axis":"y","origin":[8.0,7.4041786,9.938214]},"faces":{"east":{"uv":[8.25,4.125,8.3125,4.1875],"rotation":0,"texture":"#0","tintindex":0},"south":{"uv":[4.1875,8.25,4.25,8.3125],"rotation":0,"texture":"#0","tintindex":0},"north":{"uv":[4.125,8.25,4.1875,8.3125],"rotation":0,"texture":"#0","tintindex":0},"west":{"uv":[8.25,4.1875,8.3125,4.25],"rotation":0,"texture":"#0","tintindex":0},"up":{"uv":[4.3125,8.3125,4.25,8.25],"rotation":0,"texture":"#0","tintindex":0},"down":{"uv":[8.3125,4.25,8.25,4.3125],"rotation":0,"texture":"#0","tintindex":0}}},{"from":[9.722857,8.437893,4.4250712],"to":[10.067429,8.610179,5.114214],"rotation":{"angle":0.0,"axis":"y","origin":[8.0,7.4041786,9.938214]},"faces":{"east":{"uv":[8.25,3.9375,8.3125,4.0],"rotation":0,"texture":"#0","tintindex":0},"south":{"uv":[4.0,8.25,4.0625,8.3125],"rotation":0,"texture":"#0","tintindex":0},"north":{"uv":[3.9375,8.25,4.0,8.3125],"rotation":0,"texture":"#0","tintindex":0},"west":{"uv":[8.25,4.0,8.3125,4.0625],"rotation":0,"texture":"#0","tintindex":0},"up":{"uv":[4.125,8.3125,4.0625,8.25],"rotation":0,"texture":"#0","tintindex":0},"down":{"uv":[8.3125,4.0625,8.25,4.125],"rotation":0,"texture":"#0","tintindex":0}}},{"from":[8.689143,8.437893,3.908214],"to":[9.722857,8.610179,4.2527857],"rotation":{"angle":0.0,"axis":"y","origin":[8.0,7.4041786,9.938214]},"faces":{"east":{"uv":[3.6875,8.25,3.75,8.3125],"rotation":0,"texture":"#0","tintindex":0},"south":{"uv":[7.9375,8.0625,8.0625,8.125],"rotation":0,"texture":"#0","tintindex":0},"north":{"uv":[7.6875,8.0625,7.8125,8.125],"rotation":0,"texture":"#0","tintindex":0},"west":{"uv":[8.25,3.6875,8.3125,3.75],"rotation":0,"texture":"#0","tintindex":0},"up":{"uv":[8.1875,8.0625,8.0625,8.0],"rotation":0,"texture":"#0","tintindex":0},"down":{"uv":[8.1875,8.0625,8.0625,8.125],"rotation":0,"texture":"#0","tintindex":0}}},{"from":[9.378285,8.437893,4.2527857],"to":[9.722857,8.610179,4.4250712],"rotation":{"angle":0.0,"axis":"y","origin":[8.0,7.4041786,9.938214]},"faces":{"east":{"uv":[8.25,3.75,8.3125,3.8125],"rotation":0,"texture":"#0","tintindex":0},"south":{"uv":[3.8125,8.25,3.875,8.3125],"rotation":0,"texture":"#0","tintindex":0},"north":{"uv":[3.75,8.25,3.8125,8.3125],"rotation":0,"texture":"#0","tintindex":0},"west":{"uv":[8.25,3.8125,8.3125,3.875],"rotation":0,"texture":"#0","tintindex":0},"up":{"uv":[3.9375,8.3125,3.875,8.25],"rotation":0,"texture":"#0","tintindex":0},"down":{"uv":[8.3125,3.875,8.25,3.9375],"rotation":0,"texture":"#0","tintindex":0}}},{"from":[6.2771425,8.437893,3.908214],"to":[7.3108573,8.610179,4.2527857],"rotation":{"angle":0.0,"axis":"y","origin":[8.0,7.4041786,9.938214]},"faces":{"east":{"uv":[5.6875,8.25,5.75,8.3125],"rotation":0,"texture":"#0","tintindex":0},"south":{"uv":[1.125,8.125,1.25,8.1875],"rotation":0,"texture":"#0","tintindex":0},"north":{"uv":[8.125,1.0625,8.25,1.125],"rotation":0,"texture":"#0","tintindex":0},"west":{"uv":[8.25,5.6875,8.3125,5.75],"rotation":0,"texture":"#0","tintindex":0},"up":{"uv":[8.25,1.1875,8.125,1.125],"rotation":0,"texture":"#0","tintindex":0},"down":{"uv":[8.25,1.25,8.125,1.3125],"rotation":0,"texture":"#0","tintindex":0}}},{"from":[6.2771425,8.437893,4.2527857],"to":[6.621714,8.610179,4.4250712],"rotation":{"angle":0.0,"axis":"y","origin":[8.0,7.4041786,9.938214]},"faces":{"east":{"uv":[8.25,5.5,8.3125,5.5625],"rotation":0,"texture":"#0","tintindex":0},"south":{"uv":[5.5625,8.25,5.625,8.3125],"rotation":0,"texture":"#0","tintindex":0},"north":{"uv":[5.5,8.25,5.5625,8.3125],"rotation":0,"texture":"#0","tintindex":0},"west":{"uv":[8.25,5.5625,8.3125,5.625],"rotation":0,"texture":"#0","tintindex":0},"up":{"uv":[5.6875,8.3125,5.625,8.25],"rotation":0,"texture":"#0","tintindex":0},"down":{"uv":[8.3125,5.625,8.25,5.6875],"rotation":0,"texture":"#0","tintindex":0}}},{"from":[5.9325714,8.437893,4.4250712],"to":[6.2771425,8.610179,5.114214],"rotation":{"angle":0.0,"axis":"y","origin":[8.0,7.4041786,9.938214]},"faces":{"east":{"uv":[8.25,5.75,8.3125,5.8125],"rotation":0,"texture":"#0","tintindex":0},"south":{"uv":[5.8125,8.25,5.875,8.3125],"rotation":0,"texture":"#0","tintindex":0},"north":{"uv":[5.75,8.25,5.8125,8.3125],"rotation":0,"texture":"#0","tintindex":0},"west":{"uv":[8.25,5.8125,8.3125,5.875],"rotation":0,"texture":"#0","tintindex":0},"up":{"uv":[5.9375,8.3125,5.875,8.25],"rotation":0,"texture":"#0","tintindex":0},"down":{"uv":[8.3125,5.875,8.25,5.9375],"rotation":0,"texture":"#0","tintindex":0}}},{"from":[5.9325714,8.265607,5.114214],"to":[6.2771425,8.610179,5.803357],"rotation":{"angle":0.0,"axis":"y","origin":[8.0,7.4041786,9.938214]},"faces":{"east":{"uv":[8.25,4.5,8.3125,4.5625],"rotation":0,"texture":"#0","tintindex":0},"south":{"uv":[4.5625,8.25,4.625,8.3125],"rotation":0,"texture":"#0","tintindex":0},"north":{"uv":[4.5,8.25,4.5625,8.3125],"rotation":0,"texture":"#0","tintindex":0},"west":{"uv":[8.25,4.5625,8.3125,4.625],"rotation":0,"texture":"#0","tintindex":0},"up":{"uv":[4.6875,8.3125,4.625,8.25],"rotation":0,"texture":"#0","tintindex":0},"down":{"uv":[8.3125,4.625,8.25,4.6875],"rotation":0,"texture":"#0","tintindex":0}}},{"from":[6.9662857,7.921036,7.8707857],"to":[9.033714,8.610179,8.559929],"rotation":{"angle":0.0,"axis":"y","origin":[8.0,6.7150354,9.249071]},"faces":{"east":{"uv":[2.8125,8.25,2.875,8.3125],"rotation":0,"texture":"#0","tintindex":0},"south":{"uv":[7.75,3.5,8.0,3.5625],"rotation":0,"texture":"#0","tintindex":0},"north":{"uv":[7.75,3.4375,8.0,3.5],"rotation":0,"texture":"#0","tintindex":0},"west":{"uv":[8.25,2.8125,8.3125,2.875],"rotation":0,"texture":"#0","tintindex":0},"up":{"uv":[8.0,4.0625,7.75,4.0],"rotation":0,"texture":"#0","tintindex":0},"down":{"uv":[8.0,4.0625,7.75,4.125],"rotation":0,"texture":"#0","tintindex":0}}}],"display":{"head":{"translation":[0.0,-6.4,0.0],"scale":[4.0,4.0,4.0]}}}