{"textures":{"0":"modelengine:entity/reaper"},"elements":[{"from":[9.550571,7.584204,7.344357],"to":[10.067429,7.928776,8.0335],"rotation":{"angle":0.0,"axis":"y","origin":[8.0,6.7227755,11.479215]},"faces":{"east":{"uv":[8.25,3.4375,8.3125,3.5],"rotation":0,"texture":"#0","tintindex":0},"south":{"uv":[3.5,8.25,3.5625,8.3125],"rotation":0,"texture":"#0","tintindex":0},"north":{"uv":[3.4375,8.25,3.5,8.3125],"rotation":0,"texture":"#0","tintindex":0},"west":{"uv":[8.25,3.5,8.3125,3.5625],"rotation":0,"texture":"#0","tintindex":0},"up":{"uv":[3.625,8.3125,3.5625,8.25],"rotation":0,"texture":"#0","tintindex":0},"down":{"uv":[8.3125,3.5625,8.25,3.625],"rotation":0,"texture":"#0","tintindex":0}}},{"from":[9.378285,6.8950615,5.966071],"to":[10.067429,7.584204,7.344357],"rotation":{"angle":0.0,"axis":"y","origin":[8.0,6.7227755,11.479215]},"faces":{"east":{"uv":[0.0,8.125,0.125,8.1875],"rotation":0,"texture":"#0","tintindex":0},"south":{"uv":[8.25,4.3125,8.3125,4.375],"rotation":0,"texture":"#0","tintindex":0},"north":{"uv":[4.3125,8.25,4.375,8.3125],"rotation":0,"texture":"#0","tintindex":0},"west":{"uv":[0.125,8.125,0.25,8.1875],"rotation":0,"texture":"#0","tintindex":0},"up":{"uv":[0.3125,8.25,0.25,8.125],"rotation":0,"texture":"#0","tintindex":0},"down":{"uv":[0.375,8.125,0.3125,8.25],"rotation":0,"texture":"#0","tintindex":0}}},{"from":[9.722857,7.584204,5.966071],"to":[10.067429,7.75649,6.6552143],"rotation":{"angle":0.0,"axis":"y","origin":[8.0,6.7227755,11.479215]},"faces":{"east":{"uv":[8.25,4.875,8.3125,4.9375],"rotation":0,"texture":"#0","tintindex":0},"south":{"uv":[4.9375,8.25,5.0,8.3125],"rotation":0,"texture":"#0","tintindex":0},"north":{"uv":[4.875,8.25,4.9375,8.3125],"rotation":0,"texture":"#0","tintindex":0},"west":{"uv":[8.25,4.9375,8.3125,5.0],"rotation":0,"texture":"#0","tintindex":0},"up":{"uv":[5.0625,8.3125,5.0,8.25],"rotation":0,"texture":"#0","tintindex":0},"down":{"uv":[8.3125,5.0,8.25,5.0625],"rotation":0,"texture":"#0","tintindex":0}}},{"from":[9.722857,7.584204,6.6552143],"to":[10.067429,7.928776,7.344357],"rotation":{"angle":0.0,"axis":"y","origin":[8.0,6.7227755,11.479215]},"faces":{"east":{"uv":[8.25,6.125,8.3125,6.1875],"rotation":0,"texture":"#0","tintindex":0},"south":{"uv":[6.1875,8.25,6.25,8.3125],"rotation":0,"texture":"#0","tintindex":0},"north":{"uv":[6.125,8.25,6.1875,8.3125],"rotation":0,"texture":"#0","tintindex":0},"west":{"uv":[8.25,6.1875,8.3125,6.25],"rotation":0,"texture":"#0","tintindex":0},"up":{"uv":[6.3125,8.3125,6.25,8.25],"rotation":0,"texture":"#0","tintindex":0},"down":{"uv":[8.3125,6.25,8.25,6.3125],"rotation":0,"texture":"#0","tintindex":0}}},{"from":[5.9325714,7.584204,6.6552143],"to":[6.2771425,7.928776,7.344357],"rotation":{"angle":0.0,"axis":"y","origin":[8.0,6.7227755,11.479215]},"faces":{"east":{"uv":[8.25,6.3125,8.3125,6.375],"rotation":0,"texture":"#0","tintindex":0},"south":{"uv":[6.375,8.25,6.4375,8.3125],"rotation":0,"texture":"#0","tintindex":0},"north":{"uv":[6.3125,8.25,6.375,8.3125],"rotation":0,"texture":"#0","tintindex":0},"west":{"uv":[8.25,6.375,8.3125,6.4375],"rotation":0,"texture":"#0","tintindex":0},"up":{"uv":[6.5,8.3125,6.4375,8.25],"rotation":0,"texture":"#0","tintindex":0},"down":{"uv":[8.3125,6.4375,8.25,6.5],"rotation":0,"texture":"#0","tintindex":0}}},{"from":[6.621714,6.7227755,5.6215],"to":[9.378285,7.4119186,6.3106427],"rotation":{"angle":0.0,"axis":"y","origin":[8.0,6.7227755,11.479215]},"faces":{"east":{"uv":[4.375,8.25,4.4375,8.3125],"rotation":0,"texture":"#0","tintindex":0},"south":{"uv":[7.625,3.5625,7.9375,3.625],"rotation":0,"texture":"#0","tintindex":0},"north":{"uv":[5.75,5.3125,6.0625,5.375],"rotation":0,"texture":"#0","tintindex":0},"west":{"uv":[8.25,4.375,8.3125,4.4375],"rotation":0,"texture":"#0","tintindex":0},"up":{"uv":[7.9375,5.8125,7.625,5.75],"rotation":0,"texture":"#0","tintindex":0},"down":{"uv":[8.0,0.3125,7.6875,0.375],"rotation":0,"texture":"#0","tintindex":0}}},{"from":[8.689143,7.4119186,5.6215],"to":[9.378285,7.75649,5.966071],"rotation":{"angle":0.0,"axis":"y","origin":[8.0,6.7227755,11.479215]},"faces":{"east":{"uv":[8.25,5.0625,8.3125,5.125],"rotation":0,"texture":"#0","tintindex":0},"south":{"uv":[5.125,8.25,5.1875,8.3125],"rotation":0,"texture":"#0","tintindex":0},"north":{"uv":[5.0625,8.25,5.125,8.3125],"rotation":0,"texture":"#0","tintindex":0},"west":{"uv":[8.25,5.125,8.3125,5.1875],"rotation":0,"texture":"#0","tintindex":0},"up":{"uv":[5.25,8.3125,5.1875,8.25],"rotation":0,"texture":"#0","tintindex":0},"down":{"uv":[8.3125,5.1875,8.25,5.25],"rotation":0,"texture":"#0","tintindex":0}}},{"from":[6.621714,7.4119186,5.6215],"to":[7.3108573,7.75649,5.966071],"rotation":{"angle":0.0,"axis":"y","origin":[8.0,6.7227755,11.479215]},"faces":{"east":{"uv":[8.25,5.3125,8.3125,5.375],"rotation":0,"texture":"#0","tintindex":0},"south":{"uv":[5.375,8.25,5.4375,8.3125],"rotation":0,"texture":"#0","tintindex":0},"north":{"uv":[5.3125,8.25,5.375,8.3125],"rotation":0,"texture":"#0","tintindex":0},"west":{"uv":[8.25,5.375,8.3125,5.4375],"rotation":0,"texture":"#0","tintindex":0},"up":{"uv":[5.5,8.3125,5.4375,8.25],"rotation":0,"texture":"#0","tintindex":0},"down":{"uv":[8.3125,5.4375,8.25,5.5],"rotation":0,"texture":"#0","tintindex":0}}},{"from":[7.3108573,7.4119186,5.6215],"to":[8.689143,7.75649,5.966071],"rotation":{"angle":0.0,"axis":"y","origin":[8.0,6.7227755,11.479215]},"faces":{"east":{"uv":[5.25,8.25,5.3125,8.3125],"rotation":0,"texture":"#0","tintindex":0},"south":{"uv":[0.875,8.125,1.0,8.1875],"rotation":0,"texture":"#0","tintindex":0},"north":{"uv":[8.125,0.5,8.25,0.5625],"rotation":0,"texture":"#0","tintindex":0},"west":{"uv":[8.25,5.25,8.3125,5.3125],"rotation":0,"texture":"#0","tintindex":0},"up":{"uv":[8.25,0.9375,8.125,0.875],"rotation":0,"texture":"#0","tintindex":0},"down":{"uv":[1.125,8.125,1.0,8.1875],"rotation":0,"texture":"#0","tintindex":0}}},{"from":[5.9325714,6.8950615,5.966071],"to":[6.621714,7.584204,7.344357],"rotation":{"angle":0.0,"axis":"y","origin":[8.0,6.7227755,11.479215]},"faces":{"east":{"uv":[0.375,8.125,0.5,8.1875],"rotation":0,"texture":"#0","tintindex":0},"south":{"uv":[8.25,4.4375,8.3125,4.5],"rotation":0,"texture":"#0","tintindex":0},"north":{"uv":[4.4375,8.25,4.5,8.3125],"rotation":0,"texture":"#0","tintindex":0},"west":{"uv":[8.125,0.4375,8.25,0.5],"rotation":0,"texture":"#0","tintindex":0},"up":{"uv":[0.75,8.25,0.6875,8.125],"rotation":0,"texture":"#0","tintindex":0},"down":{"uv":[8.1875,0.75,8.125,0.875],"rotation":0,"texture":"#0","tintindex":0}}},{"from":[5.9325714,7.584204,5.966071],"to":[6.2771425,7.75649,6.6552143],"rotation":{"angle":0.0,"axis":"y","origin":[8.0,6.7227755,11.479215]},"faces":{"east":{"uv":[8.25,5.9375,8.3125,6.0],"rotation":0,"texture":"#0","tintindex":0},"south":{"uv":[6.0,8.25,6.0625,8.3125],"rotation":0,"texture":"#0","tintindex":0},"north":{"uv":[5.9375,8.25,6.0,8.3125],"rotation":0,"texture":"#0","tintindex":0},"west":{"uv":[8.25,6.0,8.3125,6.0625],"rotation":0,"texture":"#0","tintindex":0},"up":{"uv":[6.125,8.3125,6.0625,8.25],"rotation":0,"texture":"#0","tintindex":0},"down":{"uv":[8.3125,6.0625,8.25,6.125],"rotation":0,"texture":"#0","tintindex":0}}},{"from":[5.9325714,7.584204,7.344357],"to":[6.4494286,7.928776,8.0335],"rotation":{"angle":0.0,"axis":"y","origin":[8.0,6.7227755,11.479215]},"faces":{"east":{"uv":[8.25,4.6875,8.3125,4.75],"rotation":0,"texture":"#0","tintindex":0},"south":{"uv":[4.75,8.25,4.8125,8.3125],"rotation":0,"texture":"#0","tintindex":0},"north":{"uv":[4.6875,8.25,4.75,8.3125],"rotation":0,"texture":"#0","tintindex":0},"west":{"uv":[8.25,4.75,8.3125,4.8125],"rotation":0,"texture":"#0","tintindex":0},"up":{"uv":[4.875,8.3125,4.8125,8.25],"rotation":0,"texture":"#0","tintindex":0},"down":{"uv":[8.3125,4.8125,8.25,4.875],"rotation":0,"texture":"#0","tintindex":0}}}],"display":{"head":{"translation":[0.0,-6.4,0.0],"scale":[4.0,4.0,4.0]}}}