{"textures":{"0":"modelengine:entity/reaper"},"elements":[{"from":[6.6734,5.908777,13.781431],"to":[9.3266,9.918057,14.371031],"rotation":{"angle":0.0,"axis":"y","origin":[8.1474,9.387417,20.856632]},"faces":{"east":{"uv":[7.3125,7.5,7.375,7.9375],"rotation":0,"texture":"#0","tintindex":0},"south":{"uv":[6.125,1.4375,6.4375,1.875],"rotation":0,"texture":"#0","tintindex":0},"north":{"uv":[6.0625,5.75,6.375,6.1875],"rotation":0,"texture":"#0","tintindex":0},"west":{"uv":[7.375,7.5,7.4375,7.9375],"rotation":0,"texture":"#0","tintindex":0},"up":{"uv":[8.0625,1.375,7.75,1.3125],"rotation":0,"texture":"#0","tintindex":0},"down":{"uv":[8.0625,1.375,7.75,1.4375],"rotation":0,"texture":"#0","tintindex":0}}},{"from":[7.5578,7.677577,13.191832],"to":[8.4422,8.149257,13.781431],"rotation":{"angle":0.0,"axis":"y","origin":[8.1474,9.387417,20.856632]},"faces":{"east":{"uv":[8.3125,0.8125,8.375,0.875],"rotation":0,"texture":"#0","tintindex":0},"south":{"uv":[5.9375,8.125,6.0625,8.1875],"rotation":0,"texture":"#0","tintindex":0},"north":{"uv":[8.125,5.875,8.25,5.9375],"rotation":0,"texture":"#0","tintindex":0},"west":{"uv":[0.875,8.3125,0.9375,8.375],"rotation":0,"texture":"#0","tintindex":0},"up":{"uv":[8.25,6.0625,8.125,6.0],"rotation":0,"texture":"#0","tintindex":0},"down":{"uv":[6.1875,8.125,6.0625,8.1875],"rotation":0,"texture":"#0","tintindex":0}}},{"from":[7.5578,7.677577,12.01263],"to":[8.4422,8.149257,12.602231],"rotation":{"angle":0.0,"axis":"y","origin":[8.1474,9.387417,20.856632]},"faces":{"east":{"uv":[8.3125,3.375,8.375,3.4375],"rotation":0,"texture":"#0","tintindex":0},"south":{"uv":[8.1875,0.6875,8.3125,0.75],"rotation":0,"texture":"#0","tintindex":0},"north":{"uv":[8.1875,0.625,8.3125,0.6875],"rotation":0,"texture":"#0","tintindex":0},"west":{"uv":[3.4375,8.3125,3.5,8.375],"rotation":0,"texture":"#0","tintindex":0},"up":{"uv":[0.875,8.25,0.75,8.1875],"rotation":0,"texture":"#0","tintindex":0},"down":{"uv":[8.3125,0.75,8.1875,0.8125],"rotation":0,"texture":"#0","tintindex":0}}},{"from":[7.8435144,7.391863,10.5386305],"to":[8.727914,7.8635426,11.128231],"rotation":{"angle":0.0,"axis":"y","origin":[8.1474,9.387417,20.856632]},"faces":{"east":{"uv":[8.3125,0.875,8.375,0.9375],"rotation":0,"texture":"#0","tintindex":0},"south":{"uv":[8.125,6.125,8.25,6.1875],"rotation":0,"texture":"#0","tintindex":0},"north":{"uv":[8.125,6.0625,8.25,6.125],"rotation":0,"texture":"#0","tintindex":0},"west":{"uv":[0.9375,8.3125,1.0,8.375],"rotation":0,"texture":"#0","tintindex":0},"up":{"uv":[8.25,6.25,8.125,6.1875],"rotation":0,"texture":"#0","tintindex":0},"down":{"uv":[8.25,6.25,8.125,6.3125],"rotation":0,"texture":"#0","tintindex":0}}},{"from":[7.8435144,7.391863,9.35943],"to":[8.727914,7.8635426,9.949031],"rotation":{"angle":0.0,"axis":"y","origin":[8.1474,9.387417,20.856632]},"faces":{"east":{"uv":[8.3125,3.3125,8.375,3.375],"rotation":0,"texture":"#0","tintindex":0},"south":{"uv":[8.1875,0.375,8.3125,0.4375],"rotation":0,"texture":"#0","tintindex":0},"north":{"uv":[0.375,8.1875,0.5,8.25],"rotation":0,"texture":"#0","tintindex":0},"west":{"uv":[3.375,8.3125,3.4375,8.375],"rotation":0,"texture":"#0","tintindex":0},"up":{"uv":[0.625,8.25,0.5,8.1875],"rotation":0,"texture":"#0","tintindex":0},"down":{"uv":[8.3125,0.5625,8.1875,0.625],"rotation":0,"texture":"#0","tintindex":0}}},{"from":[7.2720857,7.963291,8.180231],"to":[8.156486,8.434972,8.769831],"rotation":{"angle":0.0,"axis":"y","origin":[8.1474,9.387417,20.856632]},"faces":{"east":{"uv":[8.3125,0.9375,8.375,1.0],"rotation":0,"texture":"#0","tintindex":0},"south":{"uv":[8.125,6.375,8.25,6.4375],"rotation":0,"texture":"#0","tintindex":0},"north":{"uv":[8.125,6.3125,8.25,6.375],"rotation":0,"texture":"#0","tintindex":0},"west":{"uv":[1.0,8.3125,1.0625,8.375],"rotation":0,"texture":"#0","tintindex":0},"up":{"uv":[8.25,6.5,8.125,6.4375],"rotation":0,"texture":"#0","tintindex":0},"down":{"uv":[8.25,6.5,8.125,6.5625],"rotation":0,"texture":"#0","tintindex":0}}},{"from":[7.2720857,7.963291,7.0010304],"to":[8.156486,8.434972,7.5906305],"rotation":{"angle":0.0,"axis":"y","origin":[8.1474,9.387417,20.856632]},"faces":{"east":{"uv":[8.3125,1.0,8.375,1.0625],"rotation":0,"texture":"#0","tintindex":0},"south":{"uv":[8.125,6.625,8.25,6.6875],"rotation":0,"texture":"#0","tintindex":0},"north":{"uv":[8.125,6.5625,8.25,6.625],"rotation":0,"texture":"#0","tintindex":0},"west":{"uv":[1.0625,8.3125,1.125,8.375],"rotation":0,"texture":"#0","tintindex":0},"up":{"uv":[8.25,6.75,8.125,6.6875],"rotation":0,"texture":"#0","tintindex":0},"down":{"uv":[8.25,6.75,8.125,6.8125],"rotation":0,"texture":"#0","tintindex":0}}},{"from":[6.9772854,7.963291,7.5906305],"to":[7.5668855,8.434972,8.180231],"rotation":{"angle":0.0,"axis":"y","origin":[8.1474,9.387417,20.856632]},"faces":{"east":{"uv":[1.125,8.3125,1.1875,8.375],"rotation":0,"texture":"#0","tintindex":0},"south":{"uv":[8.3125,1.125,8.375,1.1875],"rotation":0,"texture":"#0","tintindex":0},"north":{"uv":[8.3125,1.0625,8.375,1.125],"rotation":0,"texture":"#0","tintindex":0},"west":{"uv":[1.1875,8.3125,1.25,8.375],"rotation":0,"texture":"#0","tintindex":0},"up":{"uv":[8.375,1.25,8.3125,1.1875],"rotation":0,"texture":"#0","tintindex":0},"down":{"uv":[1.3125,8.3125,1.25,8.375],"rotation":0,"texture":"#0","tintindex":0}}},{"from":[7.8616858,7.963291,7.5906305],"to":[8.451285,8.434972,8.180231],"rotation":{"angle":0.0,"axis":"y","origin":[8.1474,9.387417,20.856632]},"faces":{"east":{"uv":[1.3125,8.3125,1.375,8.375],"rotation":0,"texture":"#0","tintindex":0},"south":{"uv":[8.3125,1.3125,8.375,1.375],"rotation":0,"texture":"#0","tintindex":0},"north":{"uv":[8.3125,1.25,8.375,1.3125],"rotation":0,"texture":"#0","tintindex":0},"west":{"uv":[1.375,8.3125,1.4375,8.375],"rotation":0,"texture":"#0","tintindex":0},"up":{"uv":[8.375,1.4375,8.3125,1.375],"rotation":0,"texture":"#0","tintindex":0},"down":{"uv":[1.5,8.3125,1.4375,8.375],"rotation":0,"texture":"#0","tintindex":0}}},{"from":[8.433114,7.391863,9.949031],"to":[9.022715,7.8635426,10.5386305],"rotation":{"angle":0.0,"axis":"y","origin":[8.1474,9.387417,20.856632]},"faces":{"east":{"uv":[1.6875,8.3125,1.75,8.375],"rotation":0,"texture":"#0","tintindex":0},"south":{"uv":[8.3125,1.6875,8.375,1.75],"rotation":0,"texture":"#0","tintindex":0},"north":{"uv":[8.3125,1.625,8.375,1.6875],"rotation":0,"texture":"#0","tintindex":0},"west":{"uv":[1.75,8.3125,1.8125,8.375],"rotation":0,"texture":"#0","tintindex":0},"up":{"uv":[8.375,1.8125,8.3125,1.75],"rotation":0,"texture":"#0","tintindex":0},"down":{"uv":[1.875,8.3125,1.8125,8.375],"rotation":0,"texture":"#0","tintindex":0}}},{"from":[7.548714,7.391863,9.949031],"to":[8.138314,7.8635426,10.5386305],"rotation":{"angle":0.0,"axis":"y","origin":[8.1474,9.387417,20.856632]},"faces":{"east":{"uv":[1.5,8.3125,1.5625,8.375],"rotation":0,"texture":"#0","tintindex":0},"south":{"uv":[8.3125,1.5,8.375,1.5625],"rotation":0,"texture":"#0","tintindex":0},"north":{"uv":[8.3125,1.4375,8.375,1.5],"rotation":0,"texture":"#0","tintindex":0},"west":{"uv":[1.5625,8.3125,1.625,8.375],"rotation":0,"texture":"#0","tintindex":0},"up":{"uv":[8.375,1.625,8.3125,1.5625],"rotation":0,"texture":"#0","tintindex":0},"down":{"uv":[1.6875,8.3125,1.625,8.375],"rotation":0,"texture":"#0","tintindex":0}}},{"from":[8.1474,7.677577,12.602231],"to":[8.737,8.149257,13.191832],"rotation":{"angle":0.0,"axis":"y","origin":[8.1474,9.387417,20.856632]},"faces":{"east":{"uv":[2.0625,8.3125,2.125,8.375],"rotation":0,"texture":"#0","tintindex":0},"south":{"uv":[8.3125,2.0625,8.375,2.125],"rotation":0,"texture":"#0","tintindex":0},"north":{"uv":[8.3125,2.0,8.375,2.0625],"rotation":0,"texture":"#0","tintindex":0},"west":{"uv":[2.125,8.3125,2.1875,8.375],"rotation":0,"texture":"#0","tintindex":0},"up":{"uv":[8.375,2.1875,8.3125,2.125],"rotation":0,"texture":"#0","tintindex":0},"down":{"uv":[2.25,8.3125,2.1875,8.375],"rotation":0,"texture":"#0","tintindex":0}}},{"from":[7.263,7.677577,12.602231],"to":[7.8526,8.149257,13.191832],"rotation":{"angle":0.0,"axis":"y","origin":[8.1474,9.387417,20.856632]},"faces":{"east":{"uv":[1.875,8.3125,1.9375,8.375],"rotation":0,"texture":"#0","tintindex":0},"south":{"uv":[8.3125,1.875,8.375,1.9375],"rotation":0,"texture":"#0","tintindex":0},"north":{"uv":[8.3125,1.8125,8.375,1.875],"rotation":0,"texture":"#0","tintindex":0},"west":{"uv":[1.9375,8.3125,2.0,8.375],"rotation":0,"texture":"#0","tintindex":0},"up":{"uv":[8.375,2.0,8.3125,1.9375],"rotation":0,"texture":"#0","tintindex":0},"down":{"uv":[2.0625,8.3125,2.0,8.375],"rotation":0,"texture":"#0","tintindex":0}}},{"from":[5.4941998,5.908777,14.371031],"to":[10.5058,9.918057,15.550231],"rotation":{"angle":0.0,"axis":"y","origin":[8.1474,9.387417,20.856632]},"faces":{"east":{"uv":[2.0,7.1875,2.125,7.625],"rotation":0,"texture":"#0","tintindex":0},"south":{"uv":[5.5625,2.0625,6.125,2.5],"rotation":0,"texture":"#0","tintindex":0},"north":{"uv":[5.5625,1.625,6.125,2.0625],"rotation":0,"texture":"#0","tintindex":0},"west":{"uv":[2.125,7.1875,2.25,7.625],"rotation":0,"texture":"#0","tintindex":0},"up":{"uv":[7.125,3.6875,6.5625,3.5625],"rotation":0,"texture":"#0","tintindex":0},"down":{"uv":[7.25,3.25,6.6875,3.375],"rotation":0,"texture":"#0","tintindex":0}}},{"from":[9.50348,8.856777,15.550231],"to":[10.211,9.623257,21.446232],"rotation":{"angle":0.0,"axis":"y","origin":[8.1474,9.387417,20.856632]},"faces":{"east":{"uv":[7.25,1.6875,7.875,1.75],"rotation":0,"texture":"#0","tintindex":0},"south":{"uv":[8.25,7.6875,8.3125,7.75],"rotation":0,"texture":"#0","tintindex":0},"north":{"uv":[7.6875,8.25,7.75,8.3125],"rotation":0,"texture":"#0","tintindex":0},"west":{"uv":[7.25,1.75,7.875,1.8125],"rotation":0,"texture":"#0","tintindex":0},"up":{"uv":[3.5625,7.875,3.5,7.25],"rotation":0,"texture":"#0","tintindex":0},"down":{"uv":[4.8125,7.25,4.75,7.875],"rotation":0,"texture":"#0","tintindex":0}}},{"from":[9.79828,6.970057,17.61383],"to":[10.211,8.856777,18.20343],"rotation":{"angle":0.0,"axis":"y","origin":[8.1474,9.387417,20.856632]},"faces":{"east":{"uv":[7.25,7.9375,7.3125,8.125],"rotation":0,"texture":"#0","tintindex":0},"south":{"uv":[7.3125,7.9375,7.375,8.125],"rotation":0,"texture":"#0","tintindex":0},"north":{"uv":[7.1875,7.9375,7.25,8.125],"rotation":0,"texture":"#0","tintindex":0},"west":{"uv":[7.375,7.9375,7.4375,8.125],"rotation":0,"texture":"#0","tintindex":0},"up":{"uv":[8.0,8.3125,7.9375,8.25],"rotation":0,"texture":"#0","tintindex":0},"down":{"uv":[8.3125,7.9375,8.25,8.0],"rotation":0,"texture":"#0","tintindex":0}}},{"from":[6.0838,6.498377,15.550231],"to":[9.9162,9.328457,20.267033],"rotation":{"angle":0.0,"axis":"y","origin":[8.0,7.913417,17.90863]},"faces":{"east":{"uv":[3.4375,5.875,3.9375,6.1875],"rotation":0,"texture":"#0","tintindex":0},"south":{"uv":[6.0625,4.875,6.5,5.1875],"rotation":0,"texture":"#0","tintindex":0},"north":{"uv":[6.0625,4.5625,6.5,4.875],"rotation":0,"texture":"#0","tintindex":0},"west":{"uv":[6.0,0.5,6.5,0.8125],"rotation":0,"texture":"#0","tintindex":0},"up":{"uv":[0.4375,6.1875,0.0,5.6875],"rotation":0,"texture":"#0","tintindex":0},"down":{"uv":[0.875,5.6875,0.4375,6.1875],"rotation":0,"texture":"#0","tintindex":0}}},{"from":[5.4941998,6.498377,20.267033],"to":[10.5058,9.328457,21.446232],"rotation":{"angle":0.0,"axis":"y","origin":[8.1474,9.387417,20.856632]},"faces":{"east":{"uv":[7.25,4.4375,7.375,4.75],"rotation":0,"texture":"#0","tintindex":0},"south":{"uv":[5.75,2.8125,6.3125,3.125],"rotation":0,"texture":"#0","tintindex":0},"north":{"uv":[5.75,2.5,6.3125,2.8125],"rotation":0,"texture":"#0","tintindex":0},"west":{"uv":[4.625,7.25,4.75,7.5625],"rotation":0,"texture":"#0","tintindex":0},"up":{"uv":[7.3125,0.9375,6.75,0.8125],"rotation":0,"texture":"#0","tintindex":0},"down":{"uv":[7.375,0.25,6.8125,0.375],"rotation":0,"texture":"#0","tintindex":0}}},{"from":[9.50348,6.203577,15.550231],"to":[10.211,6.970057,21.446232],"rotation":{"angle":0.0,"axis":"y","origin":[8.1474,9.387417,20.856632]},"faces":{"east":{"uv":[7.25,1.8125,7.875,1.875],"rotation":0,"texture":"#0","tintindex":0},"south":{"uv":[8.25,7.75,8.3125,7.8125],"rotation":0,"texture":"#0","tintindex":0},"north":{"uv":[7.75,8.25,7.8125,8.3125],"rotation":0,"texture":"#0","tintindex":0},"west":{"uv":[7.25,3.3125,7.875,3.375],"rotation":0,"texture":"#0","tintindex":0},"up":{"uv":[7.3125,5.5625,7.25,4.9375],"rotation":0,"texture":"#0","tintindex":0},"down":{"uv":[5.5,7.25,5.4375,7.875],"rotation":0,"texture":"#0","tintindex":0}}},{"from":[6.0838,5.908777,20.267033],"to":[9.9162,6.498377,21.446232],"rotation":{"angle":0.0,"axis":"y","origin":[8.1474,10.389737,20.856632]},"faces":{"east":{"uv":[3.9375,8.125,4.0625,8.1875],"rotation":0,"texture":"#0","tintindex":0},"south":{"uv":[7.5,7.0625,7.9375,7.125],"rotation":0,"texture":"#0","tintindex":0},"north":{"uv":[7.5,7.0,7.9375,7.0625],"rotation":0,"texture":"#0","tintindex":0},"west":{"uv":[8.125,4.0,8.25,4.0625],"rotation":0,"texture":"#0","tintindex":0},"up":{"uv":[7.5625,0.125,7.125,0.0],"rotation":0,"texture":"#0","tintindex":0},"down":{"uv":[7.5625,0.125,7.125,0.25],"rotation":0,"texture":"#0","tintindex":0}}},{"from":[9.14972,5.7539697,19.80695],"to":[9.50348,6.16669,20.39655],"rotation":{"angle":45.0,"axis":"x","origin":[9.3266,6.04877,19.65955]},"faces":{"east":{"uv":[8.25,8.1875,8.3125,8.25],"rotation":0,"texture":"#0","tintindex":0},"south":{"uv":[8.25,8.25,8.3125,8.3125],"rotation":0,"texture":"#0","tintindex":0},"north":{"uv":[8.1875,8.25,8.25,8.3125],"rotation":0,"texture":"#0","tintindex":0},"west":{"uv":[0.0,8.3125,0.0625,8.375],"rotation":0,"texture":"#0","tintindex":0},"up":{"uv":[8.375,0.0625,8.3125,0.0],"rotation":0,"texture":"#0","tintindex":0},"down":{"uv":[0.125,8.3125,0.0625,8.375],"rotation":0,"texture":"#0","tintindex":0}}},{"from":[9.0318,5.3191767,19.972233],"to":[9.6214,5.908777,21.151432],"rotation":{"angle":0.0,"axis":"y","origin":[8.4422,10.389737,20.856632]},"faces":{"east":{"uv":[8.125,4.3125,8.25,4.375],"rotation":0,"texture":"#0","tintindex":0},"south":{"uv":[8.25,8.0625,8.3125,8.125],"rotation":0,"texture":"#0","tintindex":0},"north":{"uv":[8.0625,8.25,8.125,8.3125],"rotation":0,"texture":"#0","tintindex":0},"west":{"uv":[8.125,4.375,8.25,4.4375],"rotation":0,"texture":"#0","tintindex":0},"up":{"uv":[8.1875,4.5625,8.125,4.4375],"rotation":0,"texture":"#0","tintindex":0},"down":{"uv":[8.1875,4.5625,8.125,4.6875],"rotation":0,"texture":"#0","tintindex":0}}},{"from":[7.5578,6.203577,18.498232],"to":[8.4422,6.6752567,19.677431],"rotation":{"angle":0.0,"axis":"y","origin":[8.1474,9.387417,20.856632]},"faces":{"east":{"uv":[8.125,5.6875,8.25,5.75],"rotation":0,"texture":"#0","tintindex":0},"south":{"uv":[8.125,5.75,8.25,5.8125],"rotation":0,"texture":"#0","tintindex":0},"north":{"uv":[5.625,8.125,5.75,8.1875],"rotation":0,"texture":"#0","tintindex":0},"west":{"uv":[8.125,5.8125,8.25,5.875],"rotation":0,"texture":"#0","tintindex":0},"up":{"uv":[5.375,7.875,5.25,7.75],"rotation":0,"texture":"#0","tintindex":0},"down":{"uv":[7.875,5.5625,7.75,5.6875],"rotation":0,"texture":"#0","tintindex":0}}},{"from":[7.263,5.908777,19.677431],"to":[8.737,6.6752567,20.267033],"rotation":{"angle":0.0,"axis":"y","origin":[8.1474,9.387417,20.856632]},"faces":{"east":{"uv":[8.3125,0.75,8.375,0.8125],"rotation":0,"texture":"#0","tintindex":0},"south":{"uv":[7.9375,7.0,8.125,7.0625],"rotation":0,"texture":"#0","tintindex":0},"north":{"uv":[7.9375,6.875,8.125,6.9375],"rotation":0,"texture":"#0","tintindex":0},"west":{"uv":[0.8125,8.3125,0.875,8.375],"rotation":0,"texture":"#0","tintindex":0},"up":{"uv":[8.125,7.125,7.9375,7.0625],"rotation":0,"texture":"#0","tintindex":0},"down":{"uv":[8.125,7.9375,7.9375,8.0],"rotation":0,"texture":"#0","tintindex":0}}},{"from":[7.5578,6.203577,16.139832],"to":[8.4422,6.6752567,17.31903],"rotation":{"angle":0.0,"axis":"y","origin":[8.1474,9.387417,20.856632]},"faces":{"east":{"uv":[8.125,4.125,8.25,4.1875],"rotation":0,"texture":"#0","tintindex":0},"south":{"uv":[8.125,4.1875,8.25,4.25],"rotation":0,"texture":"#0","tintindex":0},"north":{"uv":[8.125,4.0625,8.25,4.125],"rotation":0,"texture":"#0","tintindex":0},"west":{"uv":[8.125,4.25,8.25,4.3125],"rotation":0,"texture":"#0","tintindex":0},"up":{"uv":[5.125,7.875,5.0,7.75],"rotation":0,"texture":"#0","tintindex":0},"down":{"uv":[5.25,7.75,5.125,7.875],"rotation":0,"texture":"#0","tintindex":0}}},{"from":[7.263,5.908777,15.550231],"to":[8.737,6.6752567,16.139832],"rotation":{"angle":0.0,"axis":"y","origin":[8.1474,9.387417,20.856632]},"faces":{"east":{"uv":[7.625,8.25,7.6875,8.3125],"rotation":0,"texture":"#0","tintindex":0},"south":{"uv":[7.9375,6.6875,8.125,6.75],"rotation":0,"texture":"#0","tintindex":0},"north":{"uv":[6.6875,7.9375,6.875,8.0],"rotation":0,"texture":"#0","tintindex":0},"west":{"uv":[8.25,7.625,8.3125,7.6875],"rotation":0,"texture":"#0","tintindex":0},"up":{"uv":[8.125,6.8125,7.9375,6.75],"rotation":0,"texture":"#0","tintindex":0},"down":{"uv":[8.125,6.8125,7.9375,6.875],"rotation":0,"texture":"#0","tintindex":0}}},{"from":[9.0318,5.3191767,14.665831],"to":[9.6214,5.908777,15.845031],"rotation":{"angle":0.0,"axis":"y","origin":[8.1474,10.389737,20.856632]},"faces":{"east":{"uv":[8.125,5.3125,8.25,5.375],"rotation":0,"texture":"#0","tintindex":0},"south":{"uv":[0.375,8.3125,0.4375,8.375],"rotation":0,"texture":"#0","tintindex":0},"north":{"uv":[8.3125,0.3125,8.375,0.375],"rotation":0,"texture":"#0","tintindex":0},"west":{"uv":[8.125,5.375,8.25,5.4375],"rotation":0,"texture":"#0","tintindex":0},"up":{"uv":[8.1875,5.5625,8.125,5.4375],"rotation":0,"texture":"#0","tintindex":0},"down":{"uv":[5.625,8.125,5.5625,8.25],"rotation":0,"texture":"#0","tintindex":0}}},{"from":[9.14972,5.4671907,15.612768],"to":[9.50348,5.8799105,16.202368],"rotation":{"angle":-45.0,"axis":"x","origin":[7.88208,5.6735506,15.907568]},"faces":{"east":{"uv":[0.625,8.3125,0.6875,8.375],"rotation":0,"texture":"#0","tintindex":0},"south":{"uv":[8.3125,0.625,8.375,0.6875],"rotation":0,"texture":"#0","tintindex":0},"north":{"uv":[8.3125,0.5625,8.375,0.625],"rotation":0,"texture":"#0","tintindex":0},"west":{"uv":[0.6875,8.3125,0.75,8.375],"rotation":0,"texture":"#0","tintindex":0},"up":{"uv":[8.375,0.75,8.3125,0.6875],"rotation":0,"texture":"#0","tintindex":0},"down":{"uv":[0.8125,8.3125,0.75,8.375],"rotation":0,"texture":"#0","tintindex":0}}},{"from":[6.3786,5.3191767,14.665831],"to":[6.9681997,5.908777,15.845031],"rotation":{"angle":0.0,"axis":"y","origin":[8.1474,10.389737,20.856632]},"faces":{"east":{"uv":[8.125,4.9375,8.25,5.0],"rotation":0,"texture":"#0","tintindex":0},"south":{"uv":[0.3125,8.3125,0.375,8.375],"rotation":0,"texture":"#0","tintindex":0},"north":{"uv":[8.3125,0.25,8.375,0.3125],"rotation":0,"texture":"#0","tintindex":0},"west":{"uv":[8.125,5.0,8.25,5.0625],"rotation":0,"texture":"#0","tintindex":0},"up":{"uv":[8.1875,5.1875,8.125,5.0625],"rotation":0,"texture":"#0","tintindex":0},"down":{"uv":[8.1875,5.1875,8.125,5.3125],"rotation":0,"texture":"#0","tintindex":0}}},{"from":[6.49652,5.4671907,15.612768],"to":[6.85028,5.8799105,16.202368],"rotation":{"angle":-45.0,"axis":"x","origin":[7.88208,5.6735506,15.907568]},"faces":{"east":{"uv":[0.4375,8.3125,0.5,8.375],"rotation":0,"texture":"#0","tintindex":0},"south":{"uv":[8.3125,0.4375,8.375,0.5],"rotation":0,"texture":"#0","tintindex":0},"north":{"uv":[8.3125,0.375,8.375,0.4375],"rotation":0,"texture":"#0","tintindex":0},"west":{"uv":[0.5,8.3125,0.5625,8.375],"rotation":0,"texture":"#0","tintindex":0},"up":{"uv":[8.375,0.5625,8.3125,0.5],"rotation":0,"texture":"#0","tintindex":0},"down":{"uv":[0.625,8.3125,0.5625,8.375],"rotation":0,"texture":"#0","tintindex":0}}},{"from":[5.7889996,6.203577,15.550231],"to":[6.49652,6.970057,21.446232],"rotation":{"angle":0.0,"axis":"y","origin":[8.1474,9.387417,20.856632]},"faces":{"east":{"uv":[7.3125,0.8125,7.9375,0.875],"rotation":0,"texture":"#0","tintindex":0},"south":{"uv":[8.25,7.875,8.3125,7.9375],"rotation":0,"texture":"#0","tintindex":0},"north":{"uv":[7.875,8.25,7.9375,8.3125],"rotation":0,"texture":"#0","tintindex":0},"west":{"uv":[7.3125,0.875,7.9375,0.9375],"rotation":0,"texture":"#0","tintindex":0},"up":{"uv":[5.6875,7.875,5.625,7.25],"rotation":0,"texture":"#0","tintindex":0},"down":{"uv":[5.75,7.25,5.6875,7.875],"rotation":0,"texture":"#0","tintindex":0}}},{"from":[6.49652,5.7539697,19.80695],"to":[6.85028,6.16669,20.39655],"rotation":{"angle":45.0,"axis":"x","origin":[9.0318,6.04877,19.65955]},"faces":{"east":{"uv":[0.125,8.3125,0.1875,8.375],"rotation":0,"texture":"#0","tintindex":0},"south":{"uv":[8.3125,0.125,8.375,0.1875],"rotation":0,"texture":"#0","tintindex":0},"north":{"uv":[8.3125,0.0625,8.375,0.125],"rotation":0,"texture":"#0","tintindex":0},"west":{"uv":[0.1875,8.3125,0.25,8.375],"rotation":0,"texture":"#0","tintindex":0},"up":{"uv":[8.375,0.25,8.3125,0.1875],"rotation":0,"texture":"#0","tintindex":0},"down":{"uv":[0.3125,8.3125,0.25,8.375],"rotation":0,"texture":"#0","tintindex":0}}},{"from":[6.3786,5.3191767,19.972233],"to":[6.9681997,5.908777,21.151432],"rotation":{"angle":0.0,"axis":"y","origin":[8.1474,10.389737,20.856632]},"faces":{"east":{"uv":[8.125,4.6875,8.25,4.75],"rotation":0,"texture":"#0","tintindex":0},"south":{"uv":[8.25,8.125,8.3125,8.1875],"rotation":0,"texture":"#0","tintindex":0},"north":{"uv":[8.125,8.25,8.1875,8.3125],"rotation":0,"texture":"#0","tintindex":0},"west":{"uv":[4.8125,8.125,4.9375,8.1875],"rotation":0,"texture":"#0","tintindex":0},"up":{"uv":[8.1875,4.9375,8.125,4.8125],"rotation":0,"texture":"#0","tintindex":0},"down":{"uv":[5.0,8.125,4.9375,8.25],"rotation":0,"texture":"#0","tintindex":0}}},{"from":[6.0838,9.328457,20.267033],"to":[9.9162,9.918057,21.446232],"rotation":{"angle":0.0,"axis":"y","origin":[8.1474,9.387417,20.856632]},"faces":{"east":{"uv":[3.8125,8.125,3.9375,8.1875],"rotation":0,"texture":"#0","tintindex":0},"south":{"uv":[7.5,5.875,7.9375,5.9375],"rotation":0,"texture":"#0","tintindex":0},"north":{"uv":[7.5,5.8125,7.9375,5.875],"rotation":0,"texture":"#0","tintindex":0},"west":{"uv":[8.125,3.8125,8.25,3.875],"rotation":0,"texture":"#0","tintindex":0},"up":{"uv":[6.0,5.5,5.5625,5.375],"rotation":0,"texture":"#0","tintindex":0},"down":{"uv":[7.375,0.6875,6.9375,0.8125],"rotation":0,"texture":"#0","tintindex":0}}},{"from":[5.7889996,8.856777,15.550231],"to":[6.49652,9.623257,21.446232],"rotation":{"angle":0.0,"axis":"y","origin":[8.1474,9.387417,20.856632]},"faces":{"east":{"uv":[7.25,4.75,7.875,4.8125],"rotation":0,"texture":"#0","tintindex":0},"south":{"uv":[8.25,7.8125,8.3125,7.875],"rotation":0,"texture":"#0","tintindex":0},"north":{"uv":[7.8125,8.25,7.875,8.3125],"rotation":0,"texture":"#0","tintindex":0},"west":{"uv":[7.1875,7.25,7.8125,7.3125],"rotation":0,"texture":"#0","tintindex":0},"up":{"uv":[5.5625,7.875,5.5,7.25],"rotation":0,"texture":"#0","tintindex":0},"down":{"uv":[5.625,7.25,5.5625,7.875],"rotation":0,"texture":"#0","tintindex":0}}},{"from":[5.7889996,6.970057,17.61383],"to":[6.2017198,8.856777,18.20343],"rotation":{"angle":0.0,"axis":"y","origin":[8.1474,9.387417,20.856632]},"faces":{"east":{"uv":[7.5,7.9375,7.5625,8.125],"rotation":0,"texture":"#0","tintindex":0},"south":{"uv":[7.9375,7.75,8.0,7.9375],"rotation":0,"texture":"#0","tintindex":0},"north":{"uv":[7.4375,7.9375,7.5,8.125],"rotation":0,"texture":"#0","tintindex":0},"west":{"uv":[7.875,7.9375,7.9375,8.125],"rotation":0,"texture":"#0","tintindex":0},"up":{"uv":[8.0625,8.3125,8.0,8.25],"rotation":0,"texture":"#0","tintindex":0},"down":{"uv":[8.3125,8.0,8.25,8.0625],"rotation":0,"texture":"#0","tintindex":0}}}],"display":{"head":{"translation":[0.0,-6.4,0.0],"scale":[4.0,4.0,4.0]}}}