{"textures":{"0":"modelengine:entity/archangel"},"elements":[{"from":[6.9373245,4.6007195,6.855102],"to":[9.22304,8.029291,9.140817],"rotation":{"angle":0.0,"axis":"y","origin":[7.714286,5.285714,7.428571]},"faces":{"east":{"uv":[6.246,8.754,5.754,9.496],"rotation":0,"texture":"#0","tintindex":0},"south":{"uv":[8.746,8.629,8.254,9.371],"rotation":0,"texture":"#0","tintindex":0},"north":{"uv":[7.496,8.629,7.004,9.371],"rotation":0,"texture":"#0","tintindex":0},"west":{"uv":[8.121,8.629,7.629,9.371],"rotation":0,"texture":"#0","tintindex":0},"up":{"uv":[9.504,8.871,9.996,8.379],"rotation":0,"texture":"#0","tintindex":0},"down":{"uv":[8.879,9.504,9.371,9.996],"rotation":0,"texture":"#0","tintindex":0}}},{"from":[6.6516104,5.129291,6.5693874],"to":[9.508754,7.986434,8.855103],"rotation":{"angle":0.0,"axis":"y","origin":[7.714286,5.285714,7.428571]},"faces":{"east":{"uv":[1.121,9.379,0.629,9.996],"rotation":0,"texture":"#0","tintindex":0},"south":{"uv":[8.996,1.504,8.379,2.121],"rotation":0,"texture":"#0","tintindex":0},"north":{"uv":[8.996,0.754,8.379,1.371],"rotation":0,"texture":"#0","tintindex":0},"west":{"uv":[0.496,9.379,0.004,9.996],"rotation":0,"texture":"#0","tintindex":0},"up":{"uv":[1.254,9.871,1.871,9.379],"rotation":0,"texture":"#0","tintindex":0},"down":{"uv":[2.004,9.379,2.621,9.871],"rotation":0,"texture":"#0","tintindex":0}}},{"from":[4.365896,5.129291,7.712245],"to":[6.6516104,7.986434,7.712245],"rotation":{"angle":0.0,"axis":"y","origin":[7.714286,5.285714,7.428571]},"faces":{"east":{"uv":[9.879,11.129,9.879,11.746],"rotation":0,"texture":"#0","tintindex":0},"south":{"uv":[2.754,9.379,3.246,9.996],"rotation":0,"texture":"#0","tintindex":0},"north":{"uv":[3.246,9.379,2.754,9.996],"rotation":0,"texture":"#0","tintindex":0},"west":{"uv":[5.879,6.504,5.879,7.121],"rotation":0,"texture":"#0","tintindex":0},"up":{"uv":[9.629,5.754,10.121,5.742],"rotation":0,"texture":"#0","tintindex":0},"down":{"uv":[10.129,9.504,10.621,9.492],"rotation":0,"texture":"#0","tintindex":0}}},{"from":[7.661765,4.119137,6.5693874],"to":[8.518908,5.1334224,7.140816],"rotation":{"angle":0.0,"axis":"y","origin":[7.714286,5.285714,7.428571]},"faces":{"east":{"uv":[9.746,7.379,9.629,7.621],"rotation":0,"texture":"#0","tintindex":0},"south":{"uv":[10.9375,7.004,10.754,7.246],"rotation":0,"texture":"#0","tintindex":0},"north":{"uv":[10.9375,6.629,10.754,6.871],"rotation":0,"texture":"#0","tintindex":0},"west":{"uv":[9.246,3.129,9.129,3.371],"rotation":0,"texture":"#0","tintindex":0},"up":{"uv":[11.129,5.621,11.3125,5.504],"rotation":0,"texture":"#0","tintindex":0},"down":{"uv":[11.129,6.879,11.3125,6.996],"rotation":0,"texture":"#0","tintindex":0}}},{"from":[7.0734687,4.423684,6.5836735],"to":[8.50204,5.566541,7.140816],"rotation":{"angle":-45.0,"axis":"z","origin":[7.714286,5.285714,7.428571]},"faces":{"east":{"uv":[11.121,10.004,11.004,10.246],"rotation":0,"texture":"#0","tintindex":0},"south":{"uv":[1.5625,10.629,1.254,10.871],"rotation":0,"texture":"#0","tintindex":0},"north":{"uv":[10.8125,7.629,10.504,7.871],"rotation":0,"texture":"#0","tintindex":0},"west":{"uv":[11.121,8.254,11.004,8.496],"rotation":0,"texture":"#0","tintindex":0},"up":{"uv":[6.629,11.121,6.9375,11.004],"rotation":0,"texture":"#0","tintindex":0},"down":{"uv":[7.129,11.004,7.4375,11.121],"rotation":0,"texture":"#0","tintindex":0}}},{"from":[7.443987,3.9062285,6.5836735],"to":[8.872559,5.0490856,7.140816],"rotation":{"angle":45.0,"axis":"z","origin":[7.714286,5.285714,7.428571]},"faces":{"east":{"uv":[10.621,11.004,10.504,11.246],"rotation":0,"texture":"#0","tintindex":0},"south":{"uv":[2.5625,10.629,2.254,10.871],"rotation":0,"texture":"#0","tintindex":0},"north":{"uv":[2.0625,10.629,1.754,10.871],"rotation":0,"texture":"#0","tintindex":0},"west":{"uv":[10.371,11.004,10.254,11.246],"rotation":0,"texture":"#0","tintindex":0},"up":{"uv":[7.629,11.121,7.9375,11.004],"rotation":0,"texture":"#0","tintindex":0},"down":{"uv":[11.004,7.629,11.3125,7.746],"rotation":0,"texture":"#0","tintindex":0}}}],"display":{"head":{"translation":[0.0,-6.4,0.0],"scale":[4.0,4.0,4.0]}}}