{"textures":{"0":"modelengine:entity/archangel"},"elements":[{"from":[5.9420557,4.8514624,6.8587413],"to":[8.22777,8.280034,9.144456],"rotation":{"angle":0.0,"axis":"y","origin":[11.084913,-9.148537,8.001598]},"faces":{"east":{"uv":[1.121,8.504,0.629,9.246],"rotation":0,"texture":"#0","tintindex":0},"south":{"uv":[0.496,8.504,0.004,9.246],"rotation":0,"texture":"#0","tintindex":0},"north":{"uv":[8.871,2.254,8.379,2.996],"rotation":0,"texture":"#0","tintindex":0},"west":{"uv":[8.871,6.879,8.379,7.621],"rotation":0,"texture":"#0","tintindex":0},"up":{"uv":[9.504,6.746,9.996,6.254],"rotation":0,"texture":"#0","tintindex":0},"down":{"uv":[7.004,9.504,7.496,9.996],"rotation":0,"texture":"#0","tintindex":0}}},{"from":[4.932416,7.5585084,6.573027],"to":[7.21813,9.272795,9.43017],"rotation":{"angle":-45.0,"axis":"z","origin":[6.442256,7.36128,8.001598]},"faces":{"east":{"uv":[10.246,6.879,9.629,7.246],"rotation":0,"texture":"#0","tintindex":0},"south":{"uv":[10.621,5.254,10.129,5.621],"rotation":0,"texture":"#0","tintindex":0},"north":{"uv":[10.621,4.754,10.129,5.121],"rotation":0,"texture":"#0","tintindex":0},"west":{"uv":[6.496,9.629,5.879,9.996],"rotation":0,"texture":"#0","tintindex":0},"up":{"uv":[8.504,0.621,8.996,0.004],"rotation":0,"texture":"#0","tintindex":0},"down":{"uv":[9.129,0.879,9.621,1.496],"rotation":0,"texture":"#0","tintindex":0}}},{"from":[3.5977874,6.3663316,7.973027],"to":[6.4549303,9.794903,7.973027],"rotation":{"angle":-22.5,"axis":"z","origin":[5.312073,8.366331,8.001598]},"faces":{"east":{"uv":[2.629,11.004,2.629,11.746],"rotation":0,"texture":"#0","tintindex":0},"south":{"uv":[7.754,7.754,8.371,8.496],"rotation":0,"texture":"#0","tintindex":0},"north":{"uv":[8.371,7.754,7.754,8.496],"rotation":0,"texture":"#0","tintindex":0},"west":{"uv":[4.879,9.754,4.879,10.496],"rotation":0,"texture":"#0","tintindex":0},"up":{"uv":[6.254,5.254,6.871,5.242],"rotation":0,"texture":"#0","tintindex":0},"down":{"uv":[7.379,5.129,7.996,5.129],"rotation":0,"texture":"#0","tintindex":0}}},{"from":[5.4221015,6.6063256,6.5873127],"to":[7.1363873,8.034897,9.415884],"rotation":{"angle":-22.5,"axis":"z","origin":[6.442256,7.36128,8.001598]},"faces":{"east":{"uv":[10.621,9.629,10.004,9.9375],"rotation":0,"texture":"#0","tintindex":0},"south":{"uv":[10.746,10.504,10.379,10.8125],"rotation":0,"texture":"#0","tintindex":0},"north":{"uv":[10.871,8.379,10.504,8.6875],"rotation":0,"texture":"#0","tintindex":0},"west":{"uv":[10.621,4.254,10.004,4.5625],"rotation":0,"texture":"#0","tintindex":0},"up":{"uv":[9.629,5.621,9.996,5.004],"rotation":0,"texture":"#0","tintindex":0},"down":{"uv":[5.379,9.629,5.746,10.246],"rotation":0,"texture":"#0","tintindex":0}}},{"from":[5.2108502,5.625617,6.573027],"to":[6.925136,7.0541887,9.43017],"rotation":{"angle":0.0,"axis":"y","origin":[6.3878846,7.36976,8.001598]},"faces":{"east":{"uv":[3.121,10.129,2.504,10.4375],"rotation":0,"texture":"#0","tintindex":0},"south":{"uv":[10.996,0.004,10.629,0.3125],"rotation":0,"texture":"#0","tintindex":0},"north":{"uv":[0.371,10.629,0.004,10.9375],"rotation":0,"texture":"#0","tintindex":0},"west":{"uv":[0.621,10.129,0.004,10.4375],"rotation":0,"texture":"#0","tintindex":0},"up":{"uv":[9.504,10.246,9.871,9.629],"rotation":0,"texture":"#0","tintindex":0},"down":{"uv":[9.754,0.004,10.121,0.621],"rotation":0,"texture":"#0","tintindex":0}}}],"display":{"head":{"translation":[0.0,-6.4,0.0],"scale":[4.0,4.0,4.0]}}}