{"textures":{"0":"modelengine:entity/archangel"},"elements":[{"from":[6.960345,4.6811557,6.8918123],"to":[9.246059,8.109727,9.177526],"rotation":{"angle":0.0,"axis":"y","origin":[12.103203,-5.890274,8.03467]},"faces":{"east":{"uv":[3.621,8.504,3.129,9.246],"rotation":0,"texture":"#0","tintindex":0},"south":{"uv":[2.996,8.504,2.504,9.246],"rotation":0,"texture":"#0","tintindex":0},"north":{"uv":[1.746,8.504,1.254,9.246],"rotation":0,"texture":"#0","tintindex":0},"west":{"uv":[2.371,8.504,1.879,9.246],"rotation":0,"texture":"#0","tintindex":0},"up":{"uv":[7.629,9.996,8.121,9.504],"rotation":0,"texture":"#0","tintindex":0},"down":{"uv":[8.254,9.504,8.746,9.996],"rotation":0,"texture":"#0","tintindex":0}}},{"from":[6.6746306,5.7954416,6.606098],"to":[8.388916,8.081156,9.463242],"rotation":{"angle":0.0,"axis":"y","origin":[12.103203,-5.890274,8.03467]},"faces":{"east":{"uv":[9.746,7.754,9.129,8.246],"rotation":0,"texture":"#0","tintindex":0},"south":{"uv":[6.246,10.129,5.879,10.621],"rotation":0,"texture":"#0","tintindex":0},"north":{"uv":[1.121,10.129,0.754,10.621],"rotation":0,"texture":"#0","tintindex":0},"west":{"uv":[9.746,1.629,9.129,2.121],"rotation":0,"texture":"#0","tintindex":0},"up":{"uv":[9.754,1.371,10.121,0.754],"rotation":0,"texture":"#0","tintindex":0},"down":{"uv":[4.379,9.754,4.746,10.371],"rotation":0,"texture":"#0","tintindex":0}}},{"from":[8.200173,6.7287045,6.606098],"to":[8.771603,7.1572757,9.463242],"rotation":{"angle":0.0,"axis":"y","origin":[11.914459,-6.099867,8.03467]},"faces":{"east":{"uv":[11.246,2.879,10.629,2.996],"rotation":0,"texture":"#0","tintindex":0},"south":{"uv":[9.371,10.129,9.254,10.246],"rotation":0,"texture":"#0","tintindex":0},"north":{"uv":[10.246,6.629,10.129,6.746],"rotation":0,"texture":"#0","tintindex":0},"west":{"uv":[11.121,8.879,10.504,8.996],"rotation":0,"texture":"#0","tintindex":0},"up":{"uv":[3.754,9.121,3.871,8.504],"rotation":0,"texture":"#0","tintindex":0},"down":{"uv":[6.379,8.754,6.496,9.371],"rotation":0,"texture":"#0","tintindex":0}}},{"from":[8.057911,7.015316,6.5918126],"to":[8.629339,8.015316,9.477527],"rotation":{"angle":22.5,"axis":"z","origin":[8.343625,7.443887,8.03467]},"faces":{"east":{"uv":[10.496,8.004,9.879,8.246],"rotation":0,"texture":"#0","tintindex":0},"south":{"uv":[11.121,11.004,11.004,11.246],"rotation":0,"texture":"#0","tintindex":0},"north":{"uv":[10.871,11.004,10.754,11.246],"rotation":0,"texture":"#0","tintindex":0},"west":{"uv":[8.996,3.129,8.379,3.371],"rotation":0,"texture":"#0","tintindex":0},"up":{"uv":[6.379,10.746,6.496,10.129],"rotation":0,"texture":"#0","tintindex":0},"down":{"uv":[0.504,10.629,0.621,11.246],"rotation":0,"texture":"#0","tintindex":0}}},{"from":[8.057911,5.8612814,6.5918126],"to":[8.629339,6.8612814,9.477527],"rotation":{"angle":-22.5,"axis":"z","origin":[8.343625,6.43271,8.03467]},"faces":{"east":{"uv":[10.746,6.254,10.129,6.496],"rotation":0,"texture":"#0","tintindex":0},"south":{"uv":[11.246,0.004,11.129,0.246],"rotation":0,"texture":"#0","tintindex":0},"north":{"uv":[0.121,11.129,0.004,11.371],"rotation":0,"texture":"#0","tintindex":0},"west":{"uv":[10.621,3.504,10.004,3.746],"rotation":0,"texture":"#0","tintindex":0},"up":{"uv":[2.754,11.246,2.871,10.629],"rotation":0,"texture":"#0","tintindex":0},"down":{"uv":[3.004,10.629,3.121,11.246],"rotation":0,"texture":"#0","tintindex":0}}}],"display":{"head":{"translation":[0.0,-6.4,0.0],"scale":[4.0,4.0,4.0]}}}