{"textures":{"0":"modelengine:entity/archangel"},"elements":[{"from":[6.857143,4.5714283,6.857143],"to":[9.142858,8.0,9.142858],"rotation":{"angle":0.0,"axis":"y","origin":[8.365896,8.684995,7.430612]},"faces":{"east":{"uv":[8.879,8.629,9.371,9.371],"rotation":0,"texture":"#0","tintindex":0},"south":{"uv":[9.004,2.254,9.496,2.996],"rotation":0,"texture":"#0","tintindex":0},"north":{"uv":[4.379,8.879,4.871,9.621],"rotation":0,"texture":"#0","tintindex":0},"west":{"uv":[9.004,5.004,9.496,5.746],"rotation":0,"texture":"#0","tintindex":0},"up":{"uv":[9.996,9.496,9.504,9.004],"rotation":0,"texture":"#0","tintindex":0},"down":{"uv":[10.121,2.254,9.629,2.746],"rotation":0,"texture":"#0","tintindex":0}}}],"display":{"head":{"translation":[0.0,-6.4,0.0],"scale":[4.0,4.0,4.0]}}}