{"textures":{"0":"modelengine:entity/dopel"},"elements":[{"from":[7.6285715,7.542857,5.142857],"to":[8.3714285,8.457143,10.857143],"rotation":{"angle":0.0,"axis":"y","origin":[8.0,8.0,8.0]},"faces":{"east":{"uv":[8.5,8.375,9.75,8.5],"rotation":0,"texture":"#0","tintindex":0},"south":{"uv":[11.125,8.375,11.25,8.5],"rotation":0,"texture":"#0","tintindex":0},"north":{"uv":[9.75,8.375,9.875,8.5],"rotation":0,"texture":"#0","tintindex":0},"west":{"uv":[9.875,8.375,11.125,8.5],"rotation":0,"texture":"#0","tintindex":0},"up":{"uv":[9.875,8.375,9.75,7.125],"rotation":0,"texture":"#0","tintindex":0},"down":{"uv":[10.0,7.125,9.875,8.375],"rotation":0,"texture":"#0","tintindex":0}}}],"display":{"head":{"translation":[0.0,-6.4,0.0],"scale":[4.0,4.0,4.0]}}}