{"textures":{"0":"modelengine:entity/dopel"},"elements":[{"from":[5.8285713,7.6884594,6.9626856],"to":[10.171429,7.6884594,9.2484],"rotation":{"angle":0.0,"axis":"y","origin":[8.0,8.0,8.0]},"faces":{"east":{"uv":[8.0,9.0,8.5,9.0],"rotation":0,"texture":"#0","tintindex":0},"south":{"uv":[9.875,9.0,10.75,9.0],"rotation":0,"texture":"#0","tintindex":0},"north":{"uv":[8.5,9.0,9.375,9.0],"rotation":0,"texture":"#0","tintindex":0},"west":{"uv":[9.375,9.0,9.875,9.0],"rotation":0,"texture":"#0","tintindex":0},"up":{"uv":[9.375,9.0,8.5,8.5],"rotation":0,"texture":"#0","tintindex":0},"down":{"uv":[10.25,8.5,9.375,9.0],"rotation":0,"texture":"#0","tintindex":0}}}],"display":{"head":{"translation":[0.0,-6.4,0.0],"scale":[4.0,4.0,4.0]}}}