{"textures":{"0":"modelengine:entity/dopel"},"elements":[{"from":[6.857143,5.714286,6.857143],"to":[9.142858,10.285714,9.142858],"rotation":{"angle":0.0,"axis":"y","origin":[8.0,8.0,8.0]},"faces":{"east":{"uv":[0.0,10.125,0.5,11.125],"rotation":0,"texture":"#0","tintindex":0},"south":{"uv":[1.5,10.125,2.0,11.125],"rotation":0,"texture":"#0","tintindex":0},"north":{"uv":[0.5,10.125,1.0,11.125],"rotation":0,"texture":"#0","tintindex":0},"west":{"uv":[1.0,10.125,1.5,11.125],"rotation":0,"texture":"#0","tintindex":0},"up":{"uv":[1.0,10.125,0.5,9.625],"rotation":0,"texture":"#0","tintindex":0},"down":{"uv":[1.5,9.625,1.0,10.125],"rotation":0,"texture":"#0","tintindex":0}}}],"display":{"head":{"translation":[0.0,-6.4,0.0],"scale":[4.0,4.0,4.0]}}}