{"textures":{"0":"modelengine:entity/dopel"},"elements":[{"from":[5.3714285,7.428571,6.6],"to":[10.6285715,8.571428,9.4],"rotation":{"angle":0.0,"axis":"y","origin":[8.0,8.0,8.0]},"faces":{"east":{"uv":[9.125,9.75,9.625,10.0],"rotation":0,"texture":"#0","tintindex":0},"south":{"uv":[11.25,9.75,12.375,10.0],"rotation":0,"texture":"#0","tintindex":0},"north":{"uv":[9.625,9.75,10.75,10.0],"rotation":0,"texture":"#0","tintindex":0},"west":{"uv":[10.75,9.75,11.25,10.0],"rotation":0,"texture":"#0","tintindex":0},"up":{"uv":[10.75,9.75,9.625,9.25],"rotation":0,"texture":"#0","tintindex":0},"down":{"uv":[11.875,9.25,10.75,9.75],"rotation":0,"texture":"#0","tintindex":0}}}],"display":{"head":{"translation":[0.0,-6.4,0.0],"scale":[4.0,4.0,4.0]}}}