{"textures":{"0":"modelengine:entity/dopel"},"elements":[{"from":[7.714286,7.428571,7.714286],"to":[8.285714,8.571428,8.285714],"rotation":{"angle":0.0,"axis":"y","origin":[8.0,8.0,8.0]},"faces":{"east":{"uv":[4.0,8.125,4.125,8.375],"rotation":0,"texture":"#0","tintindex":0},"south":{"uv":[4.375,8.125,4.5,8.375],"rotation":0,"texture":"#0","tintindex":0},"north":{"uv":[4.125,8.125,4.25,8.375],"rotation":0,"texture":"#0","tintindex":0},"west":{"uv":[4.25,8.125,4.375,8.375],"rotation":0,"texture":"#0","tintindex":0},"up":{"uv":[4.25,8.125,4.125,8.0],"rotation":0,"texture":"#0","tintindex":0},"down":{"uv":[4.375,8.0,4.25,8.125],"rotation":0,"texture":"#0","tintindex":0}}}],"display":{"head":{"translation":[0.0,-6.4,0.0],"scale":[4.0,4.0,4.0]}}}