{"textures":{"0":"modelengine:entity/dopel"},"elements":[{"from":[5.428571,6.6857142,8.0],"to":[10.571428,9.314285,8.0],"rotation":{"angle":0.0,"axis":"y","origin":[8.0,8.0,8.0]},"faces":{"east":{"uv":[9.75,5.375,9.75,5.875],"rotation":0,"texture":"#0","tintindex":0},"south":{"uv":[10.875,5.375,12.0,5.875],"rotation":0,"texture":"#0","tintindex":0},"north":{"uv":[9.75,5.375,10.875,5.875],"rotation":0,"texture":"#0","tintindex":0},"west":{"uv":[10.875,5.375,10.875,5.875],"rotation":0,"texture":"#0","tintindex":0},"up":{"uv":[10.875,5.375,9.75,5.375],"rotation":0,"texture":"#0","tintindex":0},"down":{"uv":[12.0,5.375,10.875,5.375],"rotation":0,"texture":"#0","tintindex":0}}}],"display":{"head":{"translation":[0.0,-6.4,0.0],"scale":[4.0,4.0,4.0]}}}