{"textures":{"0":"modelengine:entity/dopel"},"elements":[{"from":[6.285714,4.3999996,8.0],"to":[9.714286,11.6,8.0],"rotation":{"angle":0.0,"axis":"y","origin":[8.0,8.0,8.0]},"faces":{"east":{"uv":[7.5,9.75,7.5,11.25],"rotation":0,"texture":"#0","tintindex":0},"south":{"uv":[8.25,9.75,9.0,11.25],"rotation":0,"texture":"#0","tintindex":0},"north":{"uv":[7.5,9.75,8.25,11.25],"rotation":0,"texture":"#0","tintindex":0},"west":{"uv":[8.25,9.75,8.25,11.25],"rotation":0,"texture":"#0","tintindex":0},"up":{"uv":[8.25,9.75,7.5,9.75],"rotation":0,"texture":"#0","tintindex":0},"down":{"uv":[9.0,9.75,8.25,9.75],"rotation":0,"texture":"#0","tintindex":0}}}],"display":{"head":{"translation":[0.0,-6.4,0.0],"scale":[4.0,4.0,4.0]}}}