{"textures":{"0":"modelengine:entity/dopel"},"elements":[{"from":[8.0,6.4,7.428571],"to":[8.0,9.6,8.571428],"rotation":{"angle":0.0,"axis":"y","origin":[8.0,8.0,8.0]},"faces":{"east":{"uv":[8.625,0.25,8.875,0.875],"rotation":0,"texture":"#0","tintindex":0},"south":{"uv":[9.125,0.25,9.125,0.875],"rotation":0,"texture":"#0","tintindex":0},"north":{"uv":[8.875,0.25,8.875,0.875],"rotation":0,"texture":"#0","tintindex":0},"west":{"uv":[8.875,0.25,9.125,0.875],"rotation":0,"texture":"#0","tintindex":0},"up":{"uv":[8.875,0.25,8.875,0.0],"rotation":0,"texture":"#0","tintindex":0},"down":{"uv":[8.875,0.0,8.875,0.25],"rotation":0,"texture":"#0","tintindex":0}}}],"display":{"head":{"translation":[0.0,-6.4,0.0],"scale":[4.0,4.0,4.0]}}}