{"textures":{"0":"modelengine:entity/dopel"},"elements":[{"from":[7.428571,6.1142855,5.142857],"to":[8.4,9.885715,10.857143],"rotation":{"angle":0.0,"axis":"y","origin":[8.0,8.0,8.0]},"faces":{"east":{"uv":[7.0,7.125,8.25,7.875],"rotation":0,"texture":"#0","tintindex":0},"south":{"uv":[9.625,7.125,9.75,7.875],"rotation":0,"texture":"#0","tintindex":0},"north":{"uv":[8.25,7.125,8.375,7.875],"rotation":0,"texture":"#0","tintindex":0},"west":{"uv":[8.375,7.125,9.625,7.875],"rotation":0,"texture":"#0","tintindex":0},"up":{"uv":[8.375,7.125,8.25,5.875],"rotation":0,"texture":"#0","tintindex":0},"down":{"uv":[8.5,5.875,8.375,7.125],"rotation":0,"texture":"#0","tintindex":0}}}],"display":{"head":{"translation":[0.0,-6.4,0.0],"scale":[4.0,4.0,4.0]}}}