{"textures":{"0":"modelengine:entity/dopel"},"elements":[{"from":[7.2,5.3714285,6.857143],"to":[8.914286,10.857143,6.857143],"rotation":{"angle":0.0,"axis":"y","origin":[8.0,8.0,8.0]},"faces":{"east":{"uv":[7.25,5.875,7.25,7.0],"rotation":0,"texture":"#0","tintindex":0},"south":{"uv":[7.625,5.875,8.0,7.0],"rotation":0,"texture":"#0","tintindex":0},"north":{"uv":[7.25,5.875,7.625,7.0],"rotation":0,"texture":"#0","tintindex":0},"west":{"uv":[7.625,5.875,7.625,7.0],"rotation":0,"texture":"#0","tintindex":0},"up":{"uv":[7.625,5.875,7.25,5.875],"rotation":0,"texture":"#0","tintindex":0},"down":{"uv":[8.0,5.875,7.625,5.875],"rotation":0,"texture":"#0","tintindex":0}}}],"display":{"head":{"translation":[0.0,-6.4,0.0],"scale":[4.0,4.0,4.0]}}}