{"textures":{"0":"modelengine:entity/dopel"},"elements":[{"from":[6.0,6.1142855,8.0],"to":[10.0,9.885715,8.0],"rotation":{"angle":0.0,"axis":"y","origin":[8.0,8.0,8.0]},"faces":{"east":{"uv":[10.625,1.0,10.625,1.75],"rotation":0,"texture":"#0","tintindex":0},"south":{"uv":[11.5,1.0,12.375,1.75],"rotation":0,"texture":"#0","tintindex":0},"north":{"uv":[10.625,1.0,11.5,1.75],"rotation":0,"texture":"#0","tintindex":0},"west":{"uv":[11.5,1.0,11.5,1.75],"rotation":0,"texture":"#0","tintindex":0},"up":{"uv":[11.5,1.0,10.625,1.0],"rotation":0,"texture":"#0","tintindex":0},"down":{"uv":[12.375,1.0,11.5,1.0],"rotation":0,"texture":"#0","tintindex":0}}}],"display":{"head":{"translation":[0.0,-6.4,0.0],"scale":[4.0,4.0,4.0]}}}