{"textures":{"0":"modelengine:entity/dopel"},"elements":[{"from":[6.857143,6.0,6.857143],"to":[9.142858,10.0,9.142858],"rotation":{"angle":0.0,"axis":"y","origin":[8.0,8.0,8.0]},"faces":{"east":{"uv":[9.75,2.25,10.25,3.125],"rotation":0,"texture":"#0","tintindex":0},"south":{"uv":[11.25,2.25,11.75,3.125],"rotation":0,"texture":"#0","tintindex":0},"north":{"uv":[10.25,2.25,10.75,3.125],"rotation":0,"texture":"#0","tintindex":0},"west":{"uv":[10.75,2.25,11.25,3.125],"rotation":0,"texture":"#0","tintindex":0},"up":{"uv":[10.75,2.25,10.25,1.75],"rotation":0,"texture":"#0","tintindex":0},"down":{"uv":[11.25,1.75,10.75,2.25],"rotation":0,"texture":"#0","tintindex":0}}}],"display":{"head":{"translation":[0.0,-6.4,0.0],"scale":[4.0,4.0,4.0]}}}