{"textures":{"0":"modelengine:entity/dopel"},"elements":[{"from":[7.142857,5.2571425,8.0],"to":[8.857143,10.742857,8.0],"rotation":{"angle":0.0,"axis":"y","origin":[8.285714,8.0,8.0]},"faces":{"east":{"uv":[0.0,7.875,0.0,9.0],"rotation":0,"texture":"#0","tintindex":0},"south":{"uv":[0.375,7.875,0.75,9.0],"rotation":0,"texture":"#0","tintindex":0},"north":{"uv":[0.0,7.875,0.375,9.0],"rotation":0,"texture":"#0","tintindex":0},"west":{"uv":[0.375,7.875,0.375,9.0],"rotation":0,"texture":"#0","tintindex":0},"up":{"uv":[0.375,7.875,0.0,7.875],"rotation":0,"texture":"#0","tintindex":0},"down":{"uv":[0.75,7.875,0.375,7.875],"rotation":0,"texture":"#0","tintindex":0}}}],"display":{"head":{"translation":[0.0,-6.4,0.0],"scale":[4.0,4.0,4.0]}}}