{"textures":{"0":"modelengine:entity/reaper"},"elements":[{"from":[8.114857,0.055713654,12.331072],"to":[8.114857,1.7785711,13.8625],"rotation":{"angle":0.0,"axis":"y","origin":[13.742857,17.188572,7.417738]},"faces":{"east":{"uv":[7.4375,4.25,7.625,4.4375],"rotation":0,"texture":"#0","tintindex":0},"south":{"uv":[0.0,0.0,0.0,0.1875],"rotation":0,"texture":"#0","tintindex":0},"north":{"uv":[0.0,0.0,0.0,0.1875],"rotation":0,"texture":"#0","tintindex":0},"west":{"uv":[7.4375,6.125,7.625,6.3125],"rotation":0,"texture":"#0","tintindex":0},"up":{"uv":[0.0,0.1875,0.0,0.0],"rotation":0,"texture":"#0","tintindex":0},"down":{"uv":[0.0,0.0,0.0,0.1875],"rotation":0,"texture":"#0","tintindex":0}}},{"from":[7.6171427,4.075714,10.799643],"to":[8.5742855,4.8414283,12.331072],"rotation":{"angle":0.0,"axis":"y","origin":[13.742857,17.188572,7.417738]},"faces":{"east":{"uv":[8.0,0.3125,8.1875,0.375],"rotation":0,"texture":"#0","tintindex":0},"south":{"uv":[8.125,6.875,8.25,6.9375],"rotation":0,"texture":"#0","tintindex":0},"north":{"uv":[8.125,6.8125,8.25,6.875],"rotation":0,"texture":"#0","tintindex":0},"west":{"uv":[0.375,8.0,0.5625,8.0625],"rotation":0,"texture":"#0","tintindex":0},"up":{"uv":[7.75,4.4375,7.625,4.25],"rotation":0,"texture":"#0","tintindex":0},"down":{"uv":[7.75,5.5625,7.625,5.75],"rotation":0,"texture":"#0","tintindex":0}}},{"from":[7.8085713,0.055713654,10.799643],"to":[8.382857,4.075714,12.331072],"rotation":{"angle":0.0,"axis":"y","origin":[13.742857,17.188572,7.417738]},"faces":{"east":{"uv":[6.6875,1.125,6.875,1.5625],"rotation":0,"texture":"#0","tintindex":0},"south":{"uv":[7.5,7.5,7.5625,7.9375],"rotation":0,"texture":"#0","tintindex":0},"north":{"uv":[7.4375,7.5,7.5,7.9375],"rotation":0,"texture":"#0","tintindex":0},"west":{"uv":[6.6875,1.5625,6.875,2.0],"rotation":0,"texture":"#0","tintindex":0},"up":{"uv":[0.625,8.1875,0.5625,8.0],"rotation":0,"texture":"#0","tintindex":0},"down":{"uv":[0.6875,8.0,0.625,8.1875],"rotation":0,"texture":"#0","tintindex":0}}},{"from":[7.042857,4.075714,9.268214],"to":[8.957143,7.1385713,10.799643],"rotation":{"angle":0.0,"axis":"y","origin":[13.742857,17.188572,7.417738]},"faces":{"east":{"uv":[7.0625,2.9375,7.25,3.25],"rotation":0,"texture":"#0","tintindex":0},"south":{"uv":[7.0625,4.9375,7.25,5.25],"rotation":0,"texture":"#0","tintindex":0},"north":{"uv":[2.875,7.0625,3.0625,7.375],"rotation":0,"texture":"#0","tintindex":0},"west":{"uv":[7.0625,5.25,7.25,5.5625],"rotation":0,"texture":"#0","tintindex":0},"up":{"uv":[7.625,6.5,7.4375,6.3125],"rotation":0,"texture":"#0","tintindex":0},"down":{"uv":[7.125,7.4375,6.9375,7.625],"rotation":0,"texture":"#0","tintindex":0}}},{"from":[7.4257145,0.055713654,9.268214],"to":[8.765715,4.075714,10.799643],"rotation":{"angle":0.0,"axis":"y","origin":[13.742857,17.188572,7.417738]},"faces":{"east":{"uv":[6.6875,2.8125,6.875,3.25],"rotation":0,"texture":"#0","tintindex":0},"south":{"uv":[3.6875,7.1875,3.8125,7.625],"rotation":0,"texture":"#0","tintindex":0},"north":{"uv":[3.5625,7.1875,3.6875,7.625],"rotation":0,"texture":"#0","tintindex":0},"west":{"uv":[6.6875,3.9375,6.875,4.375],"rotation":0,"texture":"#0","tintindex":0},"up":{"uv":[7.75,6.3125,7.625,6.125],"rotation":0,"texture":"#0","tintindex":0},"down":{"uv":[7.75,6.3125,7.625,6.5],"rotation":0,"texture":"#0","tintindex":0}}},{"from":[6.8514285,4.075714,6.779643],"to":[9.148571,7.904286,9.268214],"rotation":{"angle":0.0,"axis":"y","origin":[13.742857,17.188572,7.417738]},"faces":{"east":{"uv":[6.4375,3.9375,6.6875,4.375],"rotation":0,"texture":"#0","tintindex":0},"south":{"uv":[6.4375,5.1875,6.6875,5.625],"rotation":0,"texture":"#0","tintindex":0},"north":{"uv":[6.4375,2.9375,6.6875,3.375],"rotation":0,"texture":"#0","tintindex":0},"west":{"uv":[6.4375,6.1875,6.6875,6.625],"rotation":0,"texture":"#0","tintindex":0},"up":{"uv":[7.1875,2.375,6.9375,2.125],"rotation":0,"texture":"#0","tintindex":0},"down":{"uv":[7.1875,2.375,6.9375,2.625],"rotation":0,"texture":"#0","tintindex":0}}},{"from":[7.234286,0.055713654,6.779643],"to":[9.148571,4.075714,9.268214],"rotation":{"angle":0.0,"axis":"y","origin":[13.742857,17.188572,7.417738]},"faces":{"east":{"uv":[6.5,0.5,6.75,0.9375],"rotation":0,"texture":"#0","tintindex":0},"south":{"uv":[6.6875,6.0625,6.875,6.5],"rotation":0,"texture":"#0","tintindex":0},"north":{"uv":[6.6875,5.125,6.875,5.5625],"rotation":0,"texture":"#0","tintindex":0},"west":{"uv":[1.3125,6.5,1.5625,6.9375],"rotation":0,"texture":"#0","tintindex":0},"up":{"uv":[0.75,7.5,0.5625,7.25],"rotation":0,"texture":"#0","tintindex":0},"down":{"uv":[7.4375,0.9375,7.25,1.1875],"rotation":0,"texture":"#0","tintindex":0}}},{"from":[7.6171427,-0.710001,6.779643],"to":[8.765715,0.055713654,7.3539286],"rotation":{"angle":-22.5,"axis":"y","origin":[8.191428,-0.48666668,7.545357]},"faces":{"east":{"uv":[8.3125,2.1875,8.375,2.25],"rotation":0,"texture":"#0","tintindex":0},"south":{"uv":[8.125,7.0,8.25,7.0625],"rotation":0,"texture":"#0","tintindex":0},"north":{"uv":[8.125,6.9375,8.25,7.0],"rotation":0,"texture":"#0","tintindex":0},"west":{"uv":[2.25,8.3125,2.3125,8.375],"rotation":0,"texture":"#0","tintindex":0},"up":{"uv":[8.25,7.125,8.125,7.0625],"rotation":0,"texture":"#0","tintindex":0},"down":{"uv":[7.3125,8.125,7.1875,8.1875],"rotation":0,"texture":"#0","tintindex":0}}},{"from":[7.6171427,-0.9014292,6.779643],"to":[8.765715,-0.710001,8.311071],"rotation":{"angle":-22.5,"axis":"y","origin":[8.191428,-0.48666668,7.545357]},"faces":{"east":{"uv":[8.0,0.375,8.1875,0.4375],"rotation":0,"texture":"#0","tintindex":0},"south":{"uv":[7.3125,8.125,7.4375,8.1875],"rotation":0,"texture":"#0","tintindex":0},"north":{"uv":[8.125,7.25,8.25,7.3125],"rotation":0,"texture":"#0","tintindex":0},"west":{"uv":[0.9375,8.0,1.125,8.0625],"rotation":0,"texture":"#0","tintindex":0},"up":{"uv":[7.75,6.6875,7.625,6.5],"rotation":0,"texture":"#0","tintindex":0},"down":{"uv":[7.75,6.6875,7.625,6.875],"rotation":0,"texture":"#0","tintindex":0}}},{"from":[7.734455,-2.7391443,6.61816],"to":[8.576741,-2.1648579,8.341017],"rotation":{"angle":0.0,"axis":"y","origin":[8.36429,-2.5213804,7.249058]},"faces":{"east":{"uv":[1.125,8.0,1.3125,8.0625],"rotation":0,"texture":"#0","tintindex":0},"south":{"uv":[2.3125,8.3125,2.375,8.375],"rotation":0,"texture":"#0","tintindex":0},"north":{"uv":[8.3125,2.25,8.375,2.3125],"rotation":0,"texture":"#0","tintindex":0},"west":{"uv":[1.3125,8.0,1.5,8.0625],"rotation":0,"texture":"#0","tintindex":0},"up":{"uv":[0.8125,8.1875,0.75,8.0],"rotation":0,"texture":"#0","tintindex":0},"down":{"uv":[0.875,8.0,0.8125,8.1875],"rotation":0,"texture":"#0","tintindex":0}}},{"from":[7.958794,-3.075756,7.69016],"to":[9.298795,-2.4631853,8.264445],"rotation":{"angle":22.5,"axis":"z","origin":[8.94988,-2.6060486,7.9773026]},"faces":{"east":{"uv":[8.3125,2.3125,8.375,2.375],"rotation":0,"texture":"#0","tintindex":0},"south":{"uv":[8.125,7.375,8.25,7.4375],"rotation":0,"texture":"#0","tintindex":0},"north":{"uv":[8.125,7.3125,8.25,7.375],"rotation":0,"texture":"#0","tintindex":0},"west":{"uv":[2.375,8.3125,2.4375,8.375],"rotation":0,"texture":"#0","tintindex":0},"up":{"uv":[7.5625,8.1875,7.4375,8.125],"rotation":0,"texture":"#0","tintindex":0},"down":{"uv":[8.25,7.4375,8.125,7.5],"rotation":0,"texture":"#0","tintindex":0}}},{"from":[8.937478,-2.8041363,7.7861595],"to":[9.473478,-1.6555653,8.207303],"rotation":{"angle":-22.5,"axis":"z","origin":[9.205478,-2.801279,8.053874]},"faces":{"east":{"uv":[6.1875,8.125,6.25,8.25],"rotation":0,"texture":"#0","tintindex":0},"south":{"uv":[7.5625,8.125,7.625,8.25],"rotation":0,"texture":"#0","tintindex":0},"north":{"uv":[5.75,8.125,5.8125,8.25],"rotation":0,"texture":"#0","tintindex":0},"west":{"uv":[7.625,8.125,7.6875,8.25],"rotation":0,"texture":"#0","tintindex":0},"up":{"uv":[8.375,2.4375,8.3125,2.375],"rotation":0,"texture":"#0","tintindex":0},"down":{"uv":[2.5,8.3125,2.4375,8.375],"rotation":0,"texture":"#0","tintindex":0}}},{"from":[9.253886,-3.4258451,6.7713027],"to":[10.402457,-2.889845,7.1924453],"rotation":{"angle":22.5,"axis":"z","origin":[9.290134,-3.0221605,6.981874]},"faces":{"east":{"uv":[8.3125,2.4375,8.375,2.5],"rotation":0,"texture":"#0","tintindex":0},"south":{"uv":[8.125,7.6875,8.25,7.75],"rotation":0,"texture":"#0","tintindex":0},"north":{"uv":[7.6875,8.125,7.8125,8.1875],"rotation":0,"texture":"#0","tintindex":0},"west":{"uv":[2.5,8.3125,2.5625,8.375],"rotation":0,"texture":"#0","tintindex":0},"up":{"uv":[8.25,7.8125,8.125,7.75],"rotation":0,"texture":"#0","tintindex":0},"down":{"uv":[7.9375,8.125,7.8125,8.1875],"rotation":0,"texture":"#0","tintindex":0}}},{"from":[8.071129,-3.408988,6.694731],"to":[9.411129,-2.7964163,7.2690167],"rotation":{"angle":0.0,"axis":"y","origin":[9.290134,-3.0221605,6.981874]},"faces":{"east":{"uv":[8.3125,2.5,8.375,2.5625],"rotation":0,"texture":"#0","tintindex":0},"south":{"uv":[8.125,7.875,8.25,7.9375],"rotation":0,"texture":"#0","tintindex":0},"north":{"uv":[8.125,7.8125,8.25,7.875],"rotation":0,"texture":"#0","tintindex":0},"west":{"uv":[2.5625,8.3125,2.625,8.375],"rotation":0,"texture":"#0","tintindex":0},"up":{"uv":[8.0625,8.1875,7.9375,8.125],"rotation":0,"texture":"#0","tintindex":0},"down":{"uv":[8.25,7.9375,8.125,8.0],"rotation":0,"texture":"#0","tintindex":0}}},{"from":[7.8110266,-1.4757147,6.61816],"to":[8.576741,-0.9014292,8.341017],"rotation":{"angle":0.0,"axis":"y","origin":[8.36429,-2.5213804,7.249058]},"faces":{"east":{"uv":[1.5,8.0,1.6875,8.0625],"rotation":0,"texture":"#0","tintindex":0},"south":{"uv":[2.625,8.3125,2.6875,8.375],"rotation":0,"texture":"#0","tintindex":0},"north":{"uv":[8.3125,2.5625,8.375,2.625],"rotation":0,"texture":"#0","tintindex":0},"west":{"uv":[8.0,1.5,8.1875,1.5625],"rotation":0,"texture":"#0","tintindex":0},"up":{"uv":[1.75,8.1875,1.6875,8.0],"rotation":0,"texture":"#0","tintindex":0},"down":{"uv":[1.875,8.0,1.8125,8.1875],"rotation":0,"texture":"#0","tintindex":0}}},{"from":[7.8110266,-2.1648579,7.95816],"to":[8.576741,-1.4757147,8.341017],"rotation":{"angle":0.0,"axis":"y","origin":[8.36429,-2.5213804,7.249058]},"faces":{"east":{"uv":[2.6875,8.3125,2.75,8.375],"rotation":0,"texture":"#0","tintindex":0},"south":{"uv":[8.3125,2.6875,8.375,2.75],"rotation":0,"texture":"#0","tintindex":0},"north":{"uv":[8.3125,2.625,8.375,2.6875],"rotation":0,"texture":"#0","tintindex":0},"west":{"uv":[2.75,8.3125,2.8125,8.375],"rotation":0,"texture":"#0","tintindex":0},"up":{"uv":[8.375,2.8125,8.3125,2.75],"rotation":0,"texture":"#0","tintindex":0},"down":{"uv":[2.875,8.3125,2.8125,8.375],"rotation":0,"texture":"#0","tintindex":0}}},{"from":[7.8110266,-2.1648579,6.61816],"to":[8.576741,-1.4757147,7.0010166],"rotation":{"angle":0.0,"axis":"y","origin":[8.36429,-2.5213804,7.249058]},"faces":{"east":{"uv":[2.875,8.3125,2.9375,8.375],"rotation":0,"texture":"#0","tintindex":0},"south":{"uv":[8.3125,2.875,8.375,2.9375],"rotation":0,"texture":"#0","tintindex":0},"north":{"uv":[8.3125,2.8125,8.375,2.875],"rotation":0,"texture":"#0","tintindex":0},"west":{"uv":[2.9375,8.3125,3.0,8.375],"rotation":0,"texture":"#0","tintindex":0},"up":{"uv":[8.375,3.0,8.3125,2.9375],"rotation":0,"texture":"#0","tintindex":0},"down":{"uv":[3.0625,8.3125,3.0,8.375],"rotation":0,"texture":"#0","tintindex":0}}},{"from":[7.526962,-2.0677147,6.237019],"to":[8.101248,-1.5699997,7.194162],"rotation":{"angle":-45.0,"axis":"y","origin":[8.36429,-2.8070946,7.249058]},"faces":{"east":{"uv":[8.0625,8.125,8.1875,8.1875],"rotation":0,"texture":"#0","tintindex":0},"south":{"uv":[3.0625,8.3125,3.125,8.375],"rotation":0,"texture":"#0","tintindex":0},"north":{"uv":[8.3125,3.0,8.375,3.0625],"rotation":0,"texture":"#0","tintindex":0},"west":{"uv":[0.0,8.1875,0.125,8.25],"rotation":0,"texture":"#0","tintindex":0},"up":{"uv":[8.25,0.125,8.1875,0.0],"rotation":0,"texture":"#0","tintindex":0},"down":{"uv":[0.1875,8.1875,0.125,8.3125],"rotation":0,"texture":"#0","tintindex":0}}},{"from":[8.487829,-2.0677147,5.9413576],"to":[9.330114,-1.5699997,6.400786],"rotation":{"angle":0.0,"axis":"y","origin":[8.36429,-2.8070946,7.249058]},"faces":{"east":{"uv":[3.125,8.3125,3.1875,8.375],"rotation":0,"texture":"#0","tintindex":0},"south":{"uv":[8.3125,3.125,8.375,3.1875],"rotation":0,"texture":"#0","tintindex":0},"north":{"uv":[8.3125,3.0625,8.375,3.125],"rotation":0,"texture":"#0","tintindex":0},"west":{"uv":[3.1875,8.3125,3.25,8.375],"rotation":0,"texture":"#0","tintindex":0},"up":{"uv":[8.375,3.25,8.3125,3.1875],"rotation":0,"texture":"#0","tintindex":0},"down":{"uv":[3.3125,8.3125,3.25,8.375],"rotation":0,"texture":"#0","tintindex":0}}},{"from":[7.6171427,-0.710001,7.736786],"to":[8.765715,0.055713654,8.311071],"rotation":{"angle":-22.5,"axis":"y","origin":[8.191428,-0.48666668,7.545357]},"faces":{"east":{"uv":[8.3125,3.25,8.375,3.3125],"rotation":0,"texture":"#0","tintindex":0},"south":{"uv":[8.1875,0.1875,8.3125,0.25],"rotation":0,"texture":"#0","tintindex":0},"north":{"uv":[8.1875,0.125,8.3125,0.1875],"rotation":0,"texture":"#0","tintindex":0},"west":{"uv":[3.3125,8.3125,3.375,8.375],"rotation":0,"texture":"#0","tintindex":0},"up":{"uv":[8.3125,0.3125,8.1875,0.25],"rotation":0,"texture":"#0","tintindex":0},"down":{"uv":[8.3125,0.3125,8.1875,0.375],"rotation":0,"texture":"#0","tintindex":0}}}],"display":{"head":{"translation":[0.0,-6.4,0.0],"scale":[4.0,4.0,4.0]}}}