{"textures":{"0":"modelengine:entity/ghost"},"elements":[{"from":[3.7840524,4.4438267,10.45102],"to":[7.7840524,11.643827,10.45102],"rotation":{"angle":0.0,"axis":"z","origin":[5.7840524,8.043827,10.45102]},"faces":{"east":{"uv":[7.0,0.0,7.0,1.5],"rotation":0,"texture":"#0","tintindex":0},"south":{"uv":[7.875,0.0,8.75,1.5],"rotation":0,"texture":"#0","tintindex":0},"north":{"uv":[7.0,0.0,7.875,1.5],"rotation":0,"texture":"#0","tintindex":0},"west":{"uv":[7.875,0.0,7.875,1.5],"rotation":0,"texture":"#0","tintindex":0},"up":{"uv":[7.875,0.0,7.0,0.0],"rotation":0,"texture":"#0","tintindex":0},"down":{"uv":[8.75,0.0,7.875,0.0],"rotation":0,"texture":"#0","tintindex":0}}},{"from":[12.365213,3.122775,9.308164],"to":[12.365213,6.3227754,10.45102],"rotation":{"angle":45.0,"axis":"z","origin":[12.365213,4.7227755,9.879592]},"faces":{"east":{"uv":[5.0,8.75,5.25,9.375],"rotation":0,"texture":"#0","tintindex":0},"south":{"uv":[5.5,8.75,5.5,9.375],"rotation":0,"texture":"#0","tintindex":0},"north":{"uv":[5.25,8.75,5.25,9.375],"rotation":0,"texture":"#0","tintindex":0},"west":{"uv":[5.25,8.75,5.5,9.375],"rotation":0,"texture":"#0","tintindex":0},"up":{"uv":[5.25,8.75,5.25,8.5],"rotation":0,"texture":"#0","tintindex":0},"down":{"uv":[5.25,8.5,5.25,8.75],"rotation":0,"texture":"#0","tintindex":0}}},{"from":[7.2722144,8.331623,4.7367344],"to":[7.2722144,12.103052,11.308164],"rotation":{"angle":0.0,"axis":"z","origin":[7.2722144,10.217338,8.022449]},"faces":{"east":{"uv":[1.75,2.0,3.125,2.75],"rotation":0,"texture":"#0","tintindex":0},"south":{"uv":[4.5,2.0,4.5,2.75],"rotation":0,"texture":"#0","tintindex":0},"north":{"uv":[3.125,2.0,3.125,2.75],"rotation":0,"texture":"#0","tintindex":0},"west":{"uv":[3.125,2.0,4.5,2.75],"rotation":0,"texture":"#0","tintindex":0},"up":{"uv":[3.125,2.0,3.125,0.625],"rotation":0,"texture":"#0","tintindex":0},"down":{"uv":[3.125,0.625,3.125,2.0],"rotation":0,"texture":"#0","tintindex":0}}},{"from":[6.6085668,7.729967,4.7367344],"to":[7.351424,12.015681,7.022449],"rotation":{"angle":0.0,"axis":"z","origin":[6.9799953,9.872824,5.879592]},"faces":{"east":{"uv":[7.75,8.375,8.25,9.25],"rotation":0,"texture":"#0","tintindex":0},"south":{"uv":[8.875,8.375,9.0,9.25],"rotation":0,"texture":"#0","tintindex":0},"north":{"uv":[8.25,8.375,8.375,9.25],"rotation":0,"texture":"#0","tintindex":0},"west":{"uv":[8.375,8.375,8.875,9.25],"rotation":0,"texture":"#0","tintindex":0},"up":{"uv":[8.375,8.375,8.25,7.875],"rotation":0,"texture":"#0","tintindex":0},"down":{"uv":[8.5,7.875,8.375,8.375],"rotation":0,"texture":"#0","tintindex":0}}},{"from":[2.6355581,10.541442,4.7938776],"to":[4.0069876,13.170013,4.7938776],"rotation":{"angle":-45.0,"axis":"z","origin":[3.3212729,11.855728,4.7938776]},"faces":{"east":{"uv":[5.5,5.375,5.5,5.875],"rotation":0,"texture":"#0","tintindex":0},"south":{"uv":[5.75,5.375,6.0,5.875],"rotation":0,"texture":"#0","tintindex":0},"north":{"uv":[5.5,5.375,5.75,5.875],"rotation":0,"texture":"#0","tintindex":0},"west":{"uv":[5.75,5.375,5.75,5.875],"rotation":0,"texture":"#0","tintindex":0},"up":{"uv":[5.75,5.375,5.5,5.375],"rotation":0,"texture":"#0","tintindex":0},"down":{"uv":[6.0,5.375,5.75,5.375],"rotation":0,"texture":"#0","tintindex":0}}},{"from":[9.253899,5.540759,4.7367344],"to":[9.253899,9.312188,10.45102],"rotation":{"angle":45.0,"axis":"z","origin":[9.253899,7.4264736,7.5938773]},"faces":{"east":{"uv":[2.5,4.0,3.75,4.75],"rotation":0,"texture":"#0","tintindex":0},"south":{"uv":[5.0,4.0,5.0,4.75],"rotation":0,"texture":"#0","tintindex":0},"north":{"uv":[3.75,4.0,3.75,4.75],"rotation":0,"texture":"#0","tintindex":0},"west":{"uv":[3.75,4.0,5.0,4.75],"rotation":0,"texture":"#0","tintindex":0},"up":{"uv":[3.75,4.0,3.75,2.75],"rotation":0,"texture":"#0","tintindex":0},"down":{"uv":[3.75,2.75,3.75,4.0],"rotation":0,"texture":"#0","tintindex":0}}},{"from":[2.04139,7.075327,5.308163],"to":[6.6128182,11.93247,9.879592],"rotation":{"angle":0.0,"axis":"y","origin":[4.3271036,9.503899,7.5938773]},"faces":{"east":{"uv":[0.0,1.0,1.0,2.0],"rotation":0,"texture":"#0","tintindex":0},"south":{"uv":[3.0,1.0,4.0,2.0],"rotation":0,"texture":"#0","tintindex":0},"north":{"uv":[1.0,1.0,2.0,2.0],"rotation":0,"texture":"#0","tintindex":0},"west":{"uv":[2.0,1.0,3.0,2.0],"rotation":0,"texture":"#0","tintindex":0},"up":{"uv":[2.0,1.0,1.0,0.0],"rotation":0,"texture":"#0","tintindex":0},"down":{"uv":[3.0,0.0,2.0,1.0],"rotation":0,"texture":"#0","tintindex":0}}},{"from":[8.538655,5.1907015,4.7938776],"to":[9.452941,8.962131,9.365306],"rotation":{"angle":45.0,"axis":"z","origin":[8.995798,7.076416,7.0795918]},"faces":{"east":{"uv":[0.0,6.25,1.0,7.0],"rotation":0,"texture":"#0","tintindex":0},"south":{"uv":[2.125,6.25,2.25,7.0],"rotation":0,"texture":"#0","tintindex":0},"north":{"uv":[1.0,6.25,1.125,7.0],"rotation":0,"texture":"#0","tintindex":0},"west":{"uv":[1.125,6.25,2.125,7.0],"rotation":0,"texture":"#0","tintindex":0},"up":{"uv":[1.125,6.25,1.0,5.25],"rotation":0,"texture":"#0","tintindex":0},"down":{"uv":[1.25,5.25,1.125,6.25],"rotation":0,"texture":"#0","tintindex":0}}},{"from":[2.1372867,8.746335,10.45102],"to":[7.280144,11.374907,10.45102],"rotation":{"angle":45.0,"axis":"z","origin":[4.7087154,10.060621,10.45102]},"faces":{"east":{"uv":[7.5,1.5,7.5,2.0],"rotation":0,"texture":"#0","tintindex":0},"south":{"uv":[8.625,1.5,9.75,2.0],"rotation":0,"texture":"#0","tintindex":0},"north":{"uv":[7.5,1.5,8.625,2.0],"rotation":0,"texture":"#0","tintindex":0},"west":{"uv":[8.625,1.5,8.625,2.0],"rotation":0,"texture":"#0","tintindex":0},"up":{"uv":[8.625,1.5,7.5,1.5],"rotation":0,"texture":"#0","tintindex":0},"down":{"uv":[9.75,1.5,8.625,1.5],"rotation":0,"texture":"#0","tintindex":0}}},{"from":[10.360601,5.4206686,4.7367344],"to":[10.989173,6.3349547,10.45102],"rotation":{"angle":0.0,"axis":"z","origin":[10.674888,5.8778114,7.5938773]},"faces":{"east":{"uv":[1.25,6.0,2.5,6.125],"rotation":0,"texture":"#0","tintindex":0},"south":{"uv":[3.875,6.0,4.0,6.125],"rotation":0,"texture":"#0","tintindex":0},"north":{"uv":[2.5,6.0,2.625,6.125],"rotation":0,"texture":"#0","tintindex":0},"west":{"uv":[2.625,6.0,3.875,6.125],"rotation":0,"texture":"#0","tintindex":0},"up":{"uv":[2.625,6.0,2.5,4.75],"rotation":0,"texture":"#0","tintindex":0},"down":{"uv":[2.75,4.75,2.625,6.0],"rotation":0,"texture":"#0","tintindex":0}}},{"from":[5.0196004,10.807268,4.7367344],"to":[5.8196,13.43584,10.45102],"rotation":{"angle":-45.0,"axis":"z","origin":[5.4196005,12.121553,7.5938773]},"faces":{"east":{"uv":[0.0,1.25,1.25,1.75],"rotation":0,"texture":"#0","tintindex":0},"south":{"uv":[2.625,1.25,2.75,1.75],"rotation":0,"texture":"#0","tintindex":0},"north":{"uv":[1.25,1.25,1.375,1.75],"rotation":0,"texture":"#0","tintindex":0},"west":{"uv":[1.375,1.25,2.625,1.75],"rotation":0,"texture":"#0","tintindex":0},"up":{"uv":[1.375,1.25,1.25,0.0],"rotation":0,"texture":"#0","tintindex":0},"down":{"uv":[1.5,0.0,1.375,1.25],"rotation":0,"texture":"#0","tintindex":0}}},{"from":[6.1668215,3.8894691,10.45102],"to":[10.1668215,7.6608977,10.45102],"rotation":{"angle":45.0,"axis":"z","origin":[8.1668215,5.7751837,10.45102]},"faces":{"east":{"uv":[8.0,6.875,8.0,7.625],"rotation":0,"texture":"#0","tintindex":0},"south":{"uv":[8.875,6.875,9.75,7.625],"rotation":0,"texture":"#0","tintindex":0},"north":{"uv":[8.0,6.875,8.875,7.625],"rotation":0,"texture":"#0","tintindex":0},"west":{"uv":[8.875,6.875,8.875,7.625],"rotation":0,"texture":"#0","tintindex":0},"up":{"uv":[8.875,6.875,8.0,6.875],"rotation":0,"texture":"#0","tintindex":0},"down":{"uv":[9.75,6.875,8.875,6.875],"rotation":0,"texture":"#0","tintindex":0}}},{"from":[12.365213,3.122775,7.822449],"to":[12.365213,6.3227754,8.965306],"rotation":{"angle":45.0,"axis":"z","origin":[12.365213,4.7227755,8.393878]},"faces":{"east":{"uv":[5.5,8.75,5.75,9.375],"rotation":0,"texture":"#0","tintindex":0},"south":{"uv":[6.0,8.75,6.0,9.375],"rotation":0,"texture":"#0","tintindex":0},"north":{"uv":[5.75,8.75,5.75,9.375],"rotation":0,"texture":"#0","tintindex":0},"west":{"uv":[5.75,8.75,6.0,9.375],"rotation":0,"texture":"#0","tintindex":0},"up":{"uv":[5.75,8.75,5.75,8.5],"rotation":0,"texture":"#0","tintindex":0},"down":{"uv":[5.75,8.5,5.75,8.75],"rotation":0,"texture":"#0","tintindex":0}}},{"from":[12.365213,3.122775,5.365306],"to":[12.365213,6.3227754,7.0795918],"rotation":{"angle":45.0,"axis":"z","origin":[12.365213,4.7227755,6.222449]},"faces":{"east":{"uv":[2.25,6.125,2.625,6.75],"rotation":0,"texture":"#0","tintindex":0},"south":{"uv":[3.0,6.125,3.0,6.75],"rotation":0,"texture":"#0","tintindex":0},"north":{"uv":[2.625,6.125,2.625,6.75],"rotation":0,"texture":"#0","tintindex":0},"west":{"uv":[2.625,6.125,3.0,6.75],"rotation":0,"texture":"#0","tintindex":0},"up":{"uv":[2.625,6.125,2.625,5.75],"rotation":0,"texture":"#0","tintindex":0},"down":{"uv":[2.625,5.75,2.625,6.125],"rotation":0,"texture":"#0","tintindex":0}}}],"display":{"head":{"translation":[0.0,-6.4,0.0],"scale":[4.0,4.0,4.0]}}}