{"textures":{"0":"modelengine:entity/ghost"},"elements":[{"from":[6.0342855,6.3085713,7.428571],"to":[7.1771426,7.4514284,8.571428],"rotation":{"angle":0.0,"axis":"y","origin":[6.6057143,6.88,8.0]},"faces":{"east":{"uv":[7.0,4.5,7.25,4.75],"rotation":0,"texture":"#0","tintindex":0},"south":{"uv":[7.75,4.5,8.0,4.75],"rotation":0,"texture":"#0","tintindex":0},"north":{"uv":[7.25,4.5,7.5,4.75],"rotation":0,"texture":"#0","tintindex":0},"west":{"uv":[7.5,4.5,7.75,4.75],"rotation":0,"texture":"#0","tintindex":0},"up":{"uv":[7.5,4.5,7.25,4.25],"rotation":0,"texture":"#0","tintindex":0},"down":{"uv":[7.75,4.25,7.5,4.5],"rotation":0,"texture":"#0","tintindex":0}}},{"from":[7.5771427,6.48,7.428571],"to":[8.72,7.622857,8.571428],"rotation":{"angle":0.0,"axis":"y","origin":[8.148571,7.051429,8.0]},"faces":{"east":{"uv":[4.0,1.5,4.25,1.75],"rotation":0,"texture":"#0","tintindex":0},"south":{"uv":[4.75,1.5,5.0,1.75],"rotation":0,"texture":"#0","tintindex":0},"north":{"uv":[4.25,1.5,4.5,1.75],"rotation":0,"texture":"#0","tintindex":0},"west":{"uv":[4.5,1.5,4.75,1.75],"rotation":0,"texture":"#0","tintindex":0},"up":{"uv":[4.5,1.5,4.25,1.25],"rotation":0,"texture":"#0","tintindex":0},"down":{"uv":[4.75,1.25,4.5,1.5],"rotation":0,"texture":"#0","tintindex":0}}},{"from":[9.005714,7.3942857,7.428571],"to":[10.148571,8.537143,8.571428],"rotation":{"angle":0.0,"axis":"y","origin":[9.577143,7.9657145,8.0]},"faces":{"east":{"uv":[8.0,5.5,8.25,5.75],"rotation":0,"texture":"#0","tintindex":0},"south":{"uv":[8.75,5.5,9.0,5.75],"rotation":0,"texture":"#0","tintindex":0},"north":{"uv":[8.25,5.5,8.5,5.75],"rotation":0,"texture":"#0","tintindex":0},"west":{"uv":[8.5,5.5,8.75,5.75],"rotation":0,"texture":"#0","tintindex":0},"up":{"uv":[8.5,5.5,8.25,5.25],"rotation":0,"texture":"#0","tintindex":0},"down":{"uv":[8.75,5.25,8.5,5.5],"rotation":0,"texture":"#0","tintindex":0}}},{"from":[8.377143,8.88,7.428571],"to":[9.52,10.022858,8.571428],"rotation":{"angle":0.0,"axis":"y","origin":[8.948571,9.451428,8.0]},"faces":{"east":{"uv":[8.75,0.25,9.0,0.5],"rotation":0,"texture":"#0","tintindex":0},"south":{"uv":[9.5,0.25,9.75,0.5],"rotation":0,"texture":"#0","tintindex":0},"north":{"uv":[9.0,0.25,9.25,0.5],"rotation":0,"texture":"#0","tintindex":0},"west":{"uv":[9.25,0.25,9.5,0.5],"rotation":0,"texture":"#0","tintindex":0},"up":{"uv":[9.25,0.25,9.0,0.0],"rotation":0,"texture":"#0","tintindex":0},"down":{"uv":[9.5,0.0,9.25,0.25],"rotation":0,"texture":"#0","tintindex":0}}},{"from":[6.1485715,8.08,7.428571],"to":[7.2914286,9.222857,8.571428],"rotation":{"angle":0.0,"axis":"y","origin":[6.72,8.651428,8.0]},"faces":{"east":{"uv":[8.5,7.875,8.75,8.125],"rotation":0,"texture":"#0","tintindex":0},"south":{"uv":[9.25,7.875,9.5,8.125],"rotation":0,"texture":"#0","tintindex":0},"north":{"uv":[8.75,7.875,9.0,8.125],"rotation":0,"texture":"#0","tintindex":0},"west":{"uv":[9.0,7.875,9.25,8.125],"rotation":0,"texture":"#0","tintindex":0},"up":{"uv":[9.0,7.875,8.75,7.625],"rotation":0,"texture":"#0","tintindex":0},"down":{"uv":[9.25,7.625,9.0,7.875],"rotation":0,"texture":"#0","tintindex":0}}}],"display":{"head":{"translation":[0.0,-6.4,0.0],"scale":[4.0,4.0,4.0]}}}