{"textures":{"0":"modelengine:entity/ghost"},"elements":[{"from":[5.716213,8.293891,6.816718],"to":[6.8590703,9.4367485,7.959575],"rotation":{"angle":0.0,"axis":"y","origin":[6.2876415,8.86532,7.3881464]},"faces":{"east":{"uv":[8.75,1.25,9.0,1.5],"rotation":0,"texture":"#0","tintindex":0},"south":{"uv":[9.5,1.25,9.75,1.5],"rotation":0,"texture":"#0","tintindex":0},"north":{"uv":[9.0,1.25,9.25,1.5],"rotation":0,"texture":"#0","tintindex":0},"west":{"uv":[9.25,1.25,9.5,1.5],"rotation":0,"texture":"#0","tintindex":0},"up":{"uv":[9.25,1.25,9.0,1.0],"rotation":0,"texture":"#0","tintindex":0},"down":{"uv":[9.5,1.0,9.25,1.25],"rotation":0,"texture":"#0","tintindex":0}}},{"from":[8.401928,6.235525,10.042794],"to":[8.401928,10.806953,10.614223],"rotation":{"angle":45.0,"axis":"x","origin":[8.401928,8.521239,10.328508]},"faces":{"east":{"uv":[0.0,1.625,0.125,2.625],"rotation":0,"texture":"#0","tintindex":0},"south":{"uv":[0.25,1.625,0.25,2.625],"rotation":0,"texture":"#0","tintindex":0},"north":{"uv":[0.125,1.625,0.125,2.625],"rotation":0,"texture":"#0","tintindex":0},"west":{"uv":[0.125,1.625,0.25,2.625],"rotation":0,"texture":"#0","tintindex":0},"up":{"uv":[0.125,1.625,0.125,1.5],"rotation":0,"texture":"#0","tintindex":0},"down":{"uv":[0.125,1.5,0.125,1.625],"rotation":0,"texture":"#0","tintindex":0}}},{"from":[8.344785,6.3585033,6.523243],"to":[8.916213,6.929932,7.6661],"rotation":{"angle":-22.5,"axis":"x","origin":[8.630499,6.6442175,7.0946712]},"faces":{"east":{"uv":[7.0,3.375,7.25,3.5],"rotation":0,"texture":"#0","tintindex":0},"south":{"uv":[7.625,3.375,7.75,3.5],"rotation":0,"texture":"#0","tintindex":0},"north":{"uv":[7.25,3.375,7.375,3.5],"rotation":0,"texture":"#0","tintindex":0},"west":{"uv":[7.375,3.375,7.625,3.5],"rotation":0,"texture":"#0","tintindex":0},"up":{"uv":[7.375,3.375,7.25,3.125],"rotation":0,"texture":"#0","tintindex":0},"down":{"uv":[7.5,3.125,7.375,3.375],"rotation":0,"texture":"#0","tintindex":0}}},{"from":[6.1162133,7.3298745,8.267383],"to":[8.401928,11.901303,10.553098],"rotation":{"angle":45.0,"axis":"x","origin":[7.2590704,9.615589,9.41024]},"faces":{"east":{"uv":[6.0,6.875,6.5,7.875],"rotation":0,"texture":"#0","tintindex":0},"south":{"uv":[7.5,6.875,8.0,7.875],"rotation":0,"texture":"#0","tintindex":0},"north":{"uv":[6.5,6.875,7.0,7.875],"rotation":0,"texture":"#0","tintindex":0},"west":{"uv":[7.0,6.875,7.5,7.875],"rotation":0,"texture":"#0","tintindex":0},"up":{"uv":[7.0,6.875,6.5,6.375],"rotation":0,"texture":"#0","tintindex":0},"down":{"uv":[7.5,6.375,7.0,6.875],"rotation":0,"texture":"#0","tintindex":0}}},{"from":[8.109467,6.654708,7.5704527],"to":[8.680896,7.7975655,8.141881],"rotation":{"angle":45.0,"axis":"x","origin":[8.395182,7.2261367,7.856167]},"faces":{"east":{"uv":[0.0,7.125,0.125,7.375],"rotation":0,"texture":"#0","tintindex":0},"south":{"uv":[0.375,7.125,0.5,7.375],"rotation":0,"texture":"#0","tintindex":0},"north":{"uv":[0.125,7.125,0.25,7.375],"rotation":0,"texture":"#0","tintindex":0},"west":{"uv":[0.25,7.125,0.375,7.375],"rotation":0,"texture":"#0","tintindex":0},"up":{"uv":[0.25,7.125,0.125,7.0],"rotation":0,"texture":"#0","tintindex":0},"down":{"uv":[0.375,7.0,0.25,7.125],"rotation":0,"texture":"#0","tintindex":0}}},{"from":[8.109467,7.2832794,7.0561666],"to":[8.680896,8.426137,7.6275954],"rotation":{"angle":45.0,"axis":"x","origin":[8.395182,7.854708,7.341881]},"faces":{"east":{"uv":[4.0,7.125,4.125,7.375],"rotation":0,"texture":"#0","tintindex":0},"south":{"uv":[4.375,7.125,4.5,7.375],"rotation":0,"texture":"#0","tintindex":0},"north":{"uv":[4.125,7.125,4.25,7.375],"rotation":0,"texture":"#0","tintindex":0},"west":{"uv":[4.25,7.125,4.375,7.375],"rotation":0,"texture":"#0","tintindex":0},"up":{"uv":[4.25,7.125,4.125,7.0],"rotation":0,"texture":"#0","tintindex":0},"down":{"uv":[4.375,7.0,4.25,7.125],"rotation":0,"texture":"#0","tintindex":0}}},{"from":[8.344785,6.987075,6.008957],"to":[8.916213,7.5585036,7.1518145],"rotation":{"angle":-22.5,"axis":"x","origin":[8.630499,7.272789,6.5803857]},"faces":{"east":{"uv":[8.5,4.125,8.75,4.25],"rotation":0,"texture":"#0","tintindex":0},"south":{"uv":[9.125,4.125,9.25,4.25],"rotation":0,"texture":"#0","tintindex":0},"north":{"uv":[8.75,4.125,8.875,4.25],"rotation":0,"texture":"#0","tintindex":0},"west":{"uv":[8.875,4.125,9.125,4.25],"rotation":0,"texture":"#0","tintindex":0},"up":{"uv":[8.875,4.125,8.75,3.875],"rotation":0,"texture":"#0","tintindex":0},"down":{"uv":[9.0,3.875,8.875,4.125],"rotation":0,"texture":"#0","tintindex":0}}}],"display":{"head":{"translation":[0.0,-6.4,0.0],"scale":[4.0,4.0,4.0]}}}