{"textures":{"0":"modelengine:entity/ghost"},"elements":[{"from":[8.885622,8.224793,5.538043],"to":[9.45705,8.796223,7.0809007],"rotation":{"angle":-22.5,"axis":"x","origin":[9.171336,8.510508,6.309472]},"faces":{"east":{"uv":[6.25,3.375,6.5,3.5],"rotation":0,"texture":"#0","tintindex":0},"south":{"uv":[6.875,3.375,7.0,3.5],"rotation":0,"texture":"#0","tintindex":0},"north":{"uv":[6.5,3.375,6.625,3.5],"rotation":0,"texture":"#0","tintindex":0},"west":{"uv":[6.625,3.375,6.875,3.5],"rotation":0,"texture":"#0","tintindex":0},"up":{"uv":[6.625,3.375,6.5,3.125],"rotation":0,"texture":"#0","tintindex":0},"down":{"uv":[6.75,3.125,6.625,3.375],"rotation":0,"texture":"#0","tintindex":0}}},{"from":[6.879511,7.6125154,6.498229],"to":[7.4509397,8.183944,7.641086],"rotation":{"angle":-45.0,"axis":"z","origin":[7.1652255,7.89823,7.0696573]},"faces":{"east":{"uv":[5.25,5.125,5.5,5.25],"rotation":0,"texture":"#0","tintindex":0},"south":{"uv":[5.875,5.125,6.0,5.25],"rotation":0,"texture":"#0","tintindex":0},"north":{"uv":[5.5,5.125,5.625,5.25],"rotation":0,"texture":"#0","tintindex":0},"west":{"uv":[5.625,5.125,5.875,5.25],"rotation":0,"texture":"#0","tintindex":0},"up":{"uv":[5.625,5.125,5.5,4.875],"rotation":0,"texture":"#0","tintindex":0},"down":{"uv":[5.75,4.875,5.625,5.125],"rotation":0,"texture":"#0","tintindex":0}}},{"from":[8.885622,8.581937,6.8443985],"to":[9.45705,9.153365,7.987256],"rotation":{"angle":0.0,"axis":"y","origin":[9.171336,8.867651,7.4158273]},"faces":{"east":{"uv":[1.5,7.25,1.75,7.375],"rotation":0,"texture":"#0","tintindex":0},"south":{"uv":[2.125,7.25,2.25,7.375],"rotation":0,"texture":"#0","tintindex":0},"north":{"uv":[1.75,7.25,1.875,7.375],"rotation":0,"texture":"#0","tintindex":0},"west":{"uv":[1.875,7.25,2.125,7.375],"rotation":0,"texture":"#0","tintindex":0},"up":{"uv":[1.875,7.25,1.75,7.0],"rotation":0,"texture":"#0","tintindex":0},"down":{"uv":[2.0,7.0,1.875,7.25],"rotation":0,"texture":"#0","tintindex":0}}},{"from":[7.171336,7.046491,9.095064],"to":[9.45705,11.61792,11.380778],"rotation":{"angle":45.0,"axis":"x","origin":[8.314194,9.332206,10.237921]},"faces":{"east":{"uv":[6.0,5.375,6.5,6.375],"rotation":0,"texture":"#0","tintindex":0},"south":{"uv":[7.5,5.375,8.0,6.375],"rotation":0,"texture":"#0","tintindex":0},"north":{"uv":[6.5,5.375,7.0,6.375],"rotation":0,"texture":"#0","tintindex":0},"west":{"uv":[7.0,5.375,7.5,6.375],"rotation":0,"texture":"#0","tintindex":0},"up":{"uv":[7.0,5.375,6.5,4.875],"rotation":0,"texture":"#0","tintindex":0},"down":{"uv":[7.5,4.875,7.0,5.375],"rotation":0,"texture":"#0","tintindex":0}}},{"from":[7.1671395,6.3148513,8.36671],"to":[7.7385683,7.4577084,8.938138],"rotation":{"angle":45.0,"axis":"x","origin":[7.452854,6.88628,8.652424]},"faces":{"east":{"uv":[6.0,5.0,6.125,5.25],"rotation":0,"texture":"#0","tintindex":0},"south":{"uv":[6.375,5.0,6.5,5.25],"rotation":0,"texture":"#0","tintindex":0},"north":{"uv":[6.125,5.0,6.25,5.25],"rotation":0,"texture":"#0","tintindex":0},"west":{"uv":[6.25,5.0,6.375,5.25],"rotation":0,"texture":"#0","tintindex":0},"up":{"uv":[6.25,5.0,6.125,4.875],"rotation":0,"texture":"#0","tintindex":0},"down":{"uv":[6.375,4.875,6.25,5.0],"rotation":0,"texture":"#0","tintindex":0}}},{"from":[8.885622,8.243205,5.0393972],"to":[9.45705,8.243205,5.6108255],"rotation":{"angle":-22.5,"axis":"x","origin":[9.171336,8.243205,5.3251114]},"faces":{"east":{"uv":[0.0,0.125,0.125,0.125],"rotation":0,"texture":"#0","tintindex":0},"south":{"uv":[0.375,0.125,0.5,0.125],"rotation":0,"texture":"#0","tintindex":0},"north":{"uv":[0.125,0.125,0.25,0.125],"rotation":0,"texture":"#0","tintindex":0},"west":{"uv":[0.25,0.125,0.375,0.125],"rotation":0,"texture":"#0","tintindex":0},"up":{"uv":[0.25,0.125,0.125,0.0],"rotation":0,"texture":"#0","tintindex":0},"down":{"uv":[0.375,0.0,0.25,0.125],"rotation":0,"texture":"#0","tintindex":0}}},{"from":[7.06054,6.7857933,6.9344826],"to":[7.631969,7.357222,8.07734],"rotation":{"angle":-22.5,"axis":"x","origin":[7.3462543,7.071508,7.5059114]},"faces":{"east":{"uv":[5.5,3.375,5.75,3.5],"rotation":0,"texture":"#0","tintindex":0},"south":{"uv":[6.125,3.375,6.25,3.5],"rotation":0,"texture":"#0","tintindex":0},"north":{"uv":[5.75,3.375,5.875,3.5],"rotation":0,"texture":"#0","tintindex":0},"west":{"uv":[5.875,3.375,6.125,3.5],"rotation":0,"texture":"#0","tintindex":0},"up":{"uv":[5.875,3.375,5.75,3.125],"rotation":0,"texture":"#0","tintindex":0},"down":{"uv":[6.0,3.125,5.875,3.375],"rotation":0,"texture":"#0","tintindex":0}}},{"from":[7.3197975,6.0864425,7.4533153],"to":[7.8912263,6.657871,8.596172],"rotation":{"angle":-22.5,"axis":"x","origin":[7.6055117,6.3721566,8.024744]},"faces":{"east":{"uv":[3.625,0.25,3.875,0.375],"rotation":0,"texture":"#0","tintindex":0},"south":{"uv":[4.25,0.25,4.375,0.375],"rotation":0,"texture":"#0","tintindex":0},"north":{"uv":[3.875,0.25,4.0,0.375],"rotation":0,"texture":"#0","tintindex":0},"west":{"uv":[4.0,0.25,4.25,0.375],"rotation":0,"texture":"#0","tintindex":0},"up":{"uv":[4.0,0.25,3.875,0.0],"rotation":0,"texture":"#0","tintindex":0},"down":{"uv":[4.125,0.0,4.0,0.25],"rotation":0,"texture":"#0","tintindex":0}}},{"from":[7.171336,5.886481,10.896999],"to":[7.171336,10.45791,11.525571],"rotation":{"angle":45.0,"axis":"x","origin":[7.171336,8.172195,11.211285]},"faces":{"east":{"uv":[0.0,4.875,0.125,5.875],"rotation":0,"texture":"#0","tintindex":0},"south":{"uv":[0.25,4.875,0.25,5.875],"rotation":0,"texture":"#0","tintindex":0},"north":{"uv":[0.125,4.875,0.125,5.875],"rotation":0,"texture":"#0","tintindex":0},"west":{"uv":[0.125,4.875,0.25,5.875],"rotation":0,"texture":"#0","tintindex":0},"up":{"uv":[0.125,4.875,0.125,4.75],"rotation":0,"texture":"#0","tintindex":0},"down":{"uv":[0.125,4.75,0.125,4.875],"rotation":0,"texture":"#0","tintindex":0}}},{"from":[6.991965,7.865793,7.530896],"to":[7.5633936,9.008651,8.1023245],"rotation":{"angle":45.0,"axis":"x","origin":[7.277679,8.4372225,7.8166103]},"faces":{"east":{"uv":[6.5,0.125,6.625,0.375],"rotation":0,"texture":"#0","tintindex":0},"south":{"uv":[6.875,0.125,7.0,0.375],"rotation":0,"texture":"#0","tintindex":0},"north":{"uv":[6.625,0.125,6.75,0.375],"rotation":0,"texture":"#0","tintindex":0},"west":{"uv":[6.75,0.125,6.875,0.375],"rotation":0,"texture":"#0","tintindex":0},"up":{"uv":[6.75,0.125,6.625,0.0],"rotation":0,"texture":"#0","tintindex":0},"down":{"uv":[6.875,0.0,6.75,0.125],"rotation":0,"texture":"#0","tintindex":0}}},{"from":[6.981601,7.055474,7.929495],"to":[7.5530295,8.198331,8.500923],"rotation":{"angle":45.0,"axis":"x","origin":[7.2673154,7.6269026,8.215209]},"faces":{"east":{"uv":[6.0,6.5,6.125,6.75],"rotation":0,"texture":"#0","tintindex":0},"south":{"uv":[6.375,6.5,6.5,6.75],"rotation":0,"texture":"#0","tintindex":0},"north":{"uv":[6.125,6.5,6.25,6.75],"rotation":0,"texture":"#0","tintindex":0},"west":{"uv":[6.25,6.5,6.375,6.75],"rotation":0,"texture":"#0","tintindex":0},"up":{"uv":[6.25,6.5,6.125,6.375],"rotation":0,"texture":"#0","tintindex":0},"down":{"uv":[6.375,6.375,6.25,6.5],"rotation":0,"texture":"#0","tintindex":0}}},{"from":[8.314194,8.010508,7.6443987],"to":[9.45705,9.153365,8.787256],"rotation":{"angle":0.0,"axis":"y","origin":[8.885622,8.581937,8.215827]},"faces":{"east":{"uv":[8.75,0.75,9.0,1.0],"rotation":0,"texture":"#0","tintindex":0},"south":{"uv":[9.5,0.75,9.75,1.0],"rotation":0,"texture":"#0","tintindex":0},"north":{"uv":[9.0,0.75,9.25,1.0],"rotation":0,"texture":"#0","tintindex":0},"west":{"uv":[9.25,0.75,9.5,1.0],"rotation":0,"texture":"#0","tintindex":0},"up":{"uv":[9.25,0.75,9.0,0.5],"rotation":0,"texture":"#0","tintindex":0},"down":{"uv":[9.5,0.5,9.25,0.75],"rotation":0,"texture":"#0","tintindex":0}}}],"display":{"head":{"translation":[0.0,-6.4,0.0],"scale":[4.0,4.0,4.0]}}}