{"textures":{"0":"modelengine:entity/ghost"},"elements":[{"from":[6.6490507,3.0581121,8.887831],"to":[8.363337,8.543827,8.887831],"rotation":{"angle":-45.0,"axis":"x","origin":[7.5061936,5.8009696,8.887831]},"faces":{"east":{"uv":[0.0,8.375,0.0,9.5],"rotation":0,"texture":"#0","tintindex":0},"south":{"uv":[0.375,8.375,0.75,9.5],"rotation":0,"texture":"#0","tintindex":0},"north":{"uv":[0.0,8.375,0.375,9.5],"rotation":0,"texture":"#0","tintindex":0},"west":{"uv":[0.375,8.375,0.375,9.5],"rotation":0,"texture":"#0","tintindex":0},"up":{"uv":[0.375,8.375,0.0,8.375],"rotation":0,"texture":"#0","tintindex":0},"down":{"uv":[0.75,8.375,0.375,8.375],"rotation":0,"texture":"#0","tintindex":0}}},{"from":[7.6366634,6.586961,5.609954],"to":[9.350949,12.072676,5.609954],"rotation":{"angle":0.0,"axis":"x","origin":[8.493806,9.329818,5.609954]},"faces":{"east":{"uv":[0.75,8.375,0.75,9.5],"rotation":0,"texture":"#0","tintindex":0},"south":{"uv":[1.125,8.375,1.5,9.5],"rotation":0,"texture":"#0","tintindex":0},"north":{"uv":[0.75,8.375,1.125,9.5],"rotation":0,"texture":"#0","tintindex":0},"west":{"uv":[1.125,8.375,1.125,9.5],"rotation":0,"texture":"#0","tintindex":0},"up":{"uv":[1.125,8.375,0.75,8.375],"rotation":0,"texture":"#0","tintindex":0},"down":{"uv":[1.5,8.375,1.125,8.375],"rotation":0,"texture":"#0","tintindex":0}}}],"display":{"head":{"translation":[0.0,-6.4,0.0],"scale":[4.0,4.0,4.0]}}}