{"textures":{"0":"modelengine:entity/ghost"},"elements":[{"from":[6.778961,7.186649,6.6615314],"to":[8.493247,11.529507,6.6615314],"rotation":{"angle":0.0,"axis":"x","origin":[7.636104,9.358078,6.6615314]},"faces":{"east":{"uv":[6.75,8.375,6.75,9.25],"rotation":0,"texture":"#0","tintindex":0},"south":{"uv":[7.125,8.375,7.5,9.25],"rotation":0,"texture":"#0","tintindex":0},"north":{"uv":[6.75,8.375,7.125,9.25],"rotation":0,"texture":"#0","tintindex":0},"west":{"uv":[7.125,8.375,7.125,9.25],"rotation":0,"texture":"#0","tintindex":0},"up":{"uv":[7.125,8.375,6.75,8.375],"rotation":0,"texture":"#0","tintindex":0},"down":{"uv":[7.5,8.375,7.125,8.375],"rotation":0,"texture":"#0","tintindex":0}}},{"from":[7.506753,4.470494,9.338469],"to":[9.221039,8.813351,9.338469],"rotation":{"angle":-45.0,"axis":"x","origin":[8.363895,6.6419225,9.338469]},"faces":{"east":{"uv":[6.0,8.375,6.0,9.25],"rotation":0,"texture":"#0","tintindex":0},"south":{"uv":[6.375,8.375,6.75,9.25],"rotation":0,"texture":"#0","tintindex":0},"north":{"uv":[6.0,8.375,6.375,9.25],"rotation":0,"texture":"#0","tintindex":0},"west":{"uv":[6.375,8.375,6.375,9.25],"rotation":0,"texture":"#0","tintindex":0},"up":{"uv":[6.375,8.375,6.0,8.375],"rotation":0,"texture":"#0","tintindex":0},"down":{"uv":[6.75,8.375,6.375,8.375],"rotation":0,"texture":"#0","tintindex":0}}}],"display":{"head":{"translation":[0.0,-6.4,0.0],"scale":[4.0,4.0,4.0]}}}