{"textures":{"0":"modelengine:entity/dopel"},"elements":[{"from":[5.8285713,8.0,6.857143],"to":[10.171429,8.0,9.142858],"rotation":{"angle":0.0,"axis":"y","origin":[8.0,8.0,8.0]},"faces":{"east":{"uv":[8.875,0.5,9.375,0.5],"rotation":0,"texture":"#0","tintindex":0},"south":{"uv":[10.75,0.5,11.625,0.5],"rotation":0,"texture":"#0","tintindex":0},"north":{"uv":[9.375,0.5,10.25,0.5],"rotation":0,"texture":"#0","tintindex":0},"west":{"uv":[10.25,0.5,10.75,0.5],"rotation":0,"texture":"#0","tintindex":0},"up":{"uv":[10.25,0.5,9.375,0.0],"rotation":0,"texture":"#0","tintindex":0},"down":{"uv":[11.125,0.0,10.25,0.5],"rotation":0,"texture":"#0","tintindex":0}}}],"display":{"head":{"translation":[0.0,-6.4,0.0],"scale":[4.0,4.0,4.0]}}}