{"textures":{"0":"modelengine:entity/dopel"},"elements":[{"from":[8.0,6.1142855,7.1714287],"to":[8.0,9.885715,8.828571],"rotation":{"angle":0.0,"axis":"y","origin":[8.0,8.0,8.0]},"faces":{"east":{"uv":[4.75,5.875,5.0,6.625],"rotation":0,"texture":"#0","tintindex":0},"south":{"uv":[5.25,5.875,5.25,6.625],"rotation":0,"texture":"#0","tintindex":0},"north":{"uv":[5.0,5.875,5.0,6.625],"rotation":0,"texture":"#0","tintindex":0},"west":{"uv":[5.0,5.875,5.25,6.625],"rotation":0,"texture":"#0","tintindex":0},"up":{"uv":[5.0,5.875,5.0,5.625],"rotation":0,"texture":"#0","tintindex":0},"down":{"uv":[5.0,5.625,5.0,5.875],"rotation":0,"texture":"#0","tintindex":0}}}],"display":{"head":{"translation":[0.0,-6.4,0.0],"scale":[4.0,4.0,4.0]}}}