{"textures":{"0":"modelengine:entity/dopel"},"elements":[{"from":[6.285714,6.1142855,8.0],"to":[9.714286,9.885715,8.0],"rotation":{"angle":0.0,"axis":"y","origin":[8.0,8.0,8.0]},"faces":{"east":{"uv":[2.0,10.875,2.0,11.625],"rotation":0,"texture":"#0","tintindex":0},"south":{"uv":[2.75,10.875,3.5,11.625],"rotation":0,"texture":"#0","tintindex":0},"north":{"uv":[2.0,10.875,2.75,11.625],"rotation":0,"texture":"#0","tintindex":0},"west":{"uv":[2.75,10.875,2.75,11.625],"rotation":0,"texture":"#0","tintindex":0},"up":{"uv":[2.75,10.875,2.0,10.875],"rotation":0,"texture":"#0","tintindex":0},"down":{"uv":[3.5,10.875,2.75,10.875],"rotation":0,"texture":"#0","tintindex":0}}}],"display":{"head":{"translation":[0.0,-6.4,0.0],"scale":[4.0,4.0,4.0]}}}