{"textures":{"0":"modelengine:entity/dopel"},"elements":[{"from":[7.347821,6.7293305,5.142857],"to":[8.147821,9.357902,10.857143],"rotation":{"angle":0.0,"axis":"y","origin":[7.08359,-11.363981,8.450315]},"faces":{"east":{"uv":[0.0,9.125,1.25,9.625],"rotation":0,"texture":"#0","tintindex":0},"south":{"uv":[2.625,9.125,2.75,9.625],"rotation":0,"texture":"#0","tintindex":0},"north":{"uv":[1.25,9.125,1.375,9.625],"rotation":0,"texture":"#0","tintindex":0},"west":{"uv":[1.375,9.125,2.625,9.625],"rotation":0,"texture":"#0","tintindex":0},"up":{"uv":[1.375,9.125,1.25,7.875],"rotation":0,"texture":"#0","tintindex":0},"down":{"uv":[1.5,7.875,1.375,9.125],"rotation":0,"texture":"#0","tintindex":0}}}],"display":{"head":{"translation":[0.0,-6.4,0.0],"scale":[4.0,4.0,4.0]}}}