{"textures":{"0":"modelengine:entity/dopel"},"elements":[{"from":[7.714286,7.714286,7.2285714],"to":[8.285714,8.285714,8.771429],"rotation":{"angle":0.0,"axis":"y","origin":[8.0,8.0,8.0]},"faces":{"east":{"uv":[6.25,9.125,6.5,9.25],"rotation":0,"texture":"#0","tintindex":0},"south":{"uv":[6.875,9.125,7.0,9.25],"rotation":0,"texture":"#0","tintindex":0},"north":{"uv":[6.5,9.125,6.625,9.25],"rotation":0,"texture":"#0","tintindex":0},"west":{"uv":[6.625,9.125,6.875,9.25],"rotation":0,"texture":"#0","tintindex":0},"up":{"uv":[6.625,9.125,6.5,8.875],"rotation":0,"texture":"#0","tintindex":0},"down":{"uv":[6.75,8.875,6.625,9.125],"rotation":0,"texture":"#0","tintindex":0}}},{"from":[7.714286,8.304126,6.729925],"to":[8.285714,8.304126,7.301354],"rotation":{"angle":0.0,"axis":"y","origin":[8.0,7.7326975,7.0156393]},"faces":{"east":{"uv":[1.375,1.625,1.5,1.625],"rotation":0,"texture":"#0","tintindex":0},"south":{"uv":[1.75,1.625,1.875,1.625],"rotation":0,"texture":"#0","tintindex":0},"north":{"uv":[1.5,1.625,1.625,1.625],"rotation":0,"texture":"#0","tintindex":0},"west":{"uv":[1.625,1.625,1.75,1.625],"rotation":0,"texture":"#0","tintindex":0},"up":{"uv":[1.625,1.625,1.5,1.5],"rotation":0,"texture":"#0","tintindex":0},"down":{"uv":[1.75,1.5,1.625,1.625],"rotation":0,"texture":"#0","tintindex":0}}}],"display":{"head":{"translation":[0.0,-6.4,0.0],"scale":[4.0,4.0,4.0]}}}