{"textures":{"0":"modelengine:entity/dopel"},"elements":[{"from":[7.714286,7.714286,7.428571],"to":[8.285714,8.285714,8.571428],"rotation":{"angle":0.0,"axis":"y","origin":[8.0,8.0,8.0]},"faces":{"east":{"uv":[4.75,9.125,5.0,9.25],"rotation":0,"texture":"#0","tintindex":0},"south":{"uv":[5.375,9.125,5.5,9.25],"rotation":0,"texture":"#0","tintindex":0},"north":{"uv":[5.0,9.125,5.125,9.25],"rotation":0,"texture":"#0","tintindex":0},"west":{"uv":[5.125,9.125,5.375,9.25],"rotation":0,"texture":"#0","tintindex":0},"up":{"uv":[5.125,9.125,5.0,8.875],"rotation":0,"texture":"#0","tintindex":0},"down":{"uv":[5.25,8.875,5.125,9.125],"rotation":0,"texture":"#0","tintindex":0}}}],"display":{"head":{"translation":[0.0,-6.4,0.0],"scale":[4.0,4.0,4.0]}}}