{"textures":{"0":"modelengine:entity/dopel"},"elements":[{"from":[7.6950912,7.1010504,8.599605],"to":[8.26652,8.243908,9.171034],"rotation":{"angle":0.0,"axis":"y","origin":[8.0,8.0,8.0]},"faces":{"east":{"uv":[1.5,8.0,1.625,8.25],"rotation":0,"texture":"#0","tintindex":0},"south":{"uv":[1.875,8.0,2.0,8.25],"rotation":0,"texture":"#0","tintindex":0},"north":{"uv":[1.625,8.0,1.75,8.25],"rotation":0,"texture":"#0","tintindex":0},"west":{"uv":[1.75,8.0,1.875,8.25],"rotation":0,"texture":"#0","tintindex":0},"up":{"uv":[1.75,8.0,1.625,7.875],"rotation":0,"texture":"#0","tintindex":0},"down":{"uv":[1.875,7.875,1.75,8.0],"rotation":0,"texture":"#0","tintindex":0}}}],"display":{"head":{"translation":[0.0,-6.4,0.0],"scale":[4.0,4.0,4.0]}}}