{"textures":{"0":"modelengine:entity/dopel"},"elements":[{"from":[7.257143,5.8285713,8.0],"to":[8.971429,10.171429,8.0],"rotation":{"angle":0.0,"axis":"y","origin":[8.0,8.0,8.0]},"faces":{"east":{"uv":[7.875,0.0,7.875,0.875],"rotation":0,"texture":"#0","tintindex":0},"south":{"uv":[8.25,0.0,8.625,0.875],"rotation":0,"texture":"#0","tintindex":0},"north":{"uv":[7.875,0.0,8.25,0.875],"rotation":0,"texture":"#0","tintindex":0},"west":{"uv":[8.25,0.0,8.25,0.875],"rotation":0,"texture":"#0","tintindex":0},"up":{"uv":[8.25,0.0,7.875,0.0],"rotation":0,"texture":"#0","tintindex":0},"down":{"uv":[8.625,0.0,8.25,0.0],"rotation":0,"texture":"#0","tintindex":0}}}],"display":{"head":{"translation":[0.0,-6.4,0.0],"scale":[4.0,4.0,4.0]}}}