{"textures":{"0":"modelengine:entity/dopel"},"elements":[{"from":[7.6571426,7.142857,7.542857],"to":[8.228572,8.285714,8.114285],"rotation":{"angle":0.0,"axis":"y","origin":[8.0,8.0,8.0]},"faces":{"east":{"uv":[0.0,9.75,0.125,10.0],"rotation":0,"texture":"#0","tintindex":0},"south":{"uv":[0.375,9.75,0.5,10.0],"rotation":0,"texture":"#0","tintindex":0},"north":{"uv":[0.125,9.75,0.25,10.0],"rotation":0,"texture":"#0","tintindex":0},"west":{"uv":[0.25,9.75,0.375,10.0],"rotation":0,"texture":"#0","tintindex":0},"up":{"uv":[0.25,9.75,0.125,9.625],"rotation":0,"texture":"#0","tintindex":0},"down":{"uv":[0.375,9.625,0.25,9.75],"rotation":0,"texture":"#0","tintindex":0}}}],"display":{"head":{"translation":[0.0,-6.4,0.0],"scale":[4.0,4.0,4.0]}}}