{"textures":{"0":"modelengine:entity/dopel"},"elements":[{"from":[7.236104,7.3580775,7.2329597],"to":[8.95039,11.700935,7.2329597],"rotation":{"angle":0.0,"axis":"y","origin":[7.636104,9.358078,6.6615314]},"faces":{"east":{"uv":[4.75,8.0,4.75,8.875],"rotation":0,"texture":"#0","tintindex":0},"south":{"uv":[5.125,8.0,5.5,8.875],"rotation":0,"texture":"#0","tintindex":0},"north":{"uv":[4.75,8.0,5.125,8.875],"rotation":0,"texture":"#0","tintindex":0},"west":{"uv":[5.125,8.0,5.125,8.875],"rotation":0,"texture":"#0","tintindex":0},"up":{"uv":[5.125,8.0,4.75,8.0],"rotation":0,"texture":"#0","tintindex":0},"down":{"uv":[5.5,8.0,5.125,8.0],"rotation":0,"texture":"#0","tintindex":0}}}],"display":{"head":{"translation":[0.0,-6.4,0.0],"scale":[4.0,4.0,4.0]}}}