{"textures":{"0":"modelengine:entity/ghost"},"elements":[{"from":[5.8999996,7.623321,6.5746093],"to":[11.157143,8.766178,9.374609],"rotation":{"angle":0.0,"axis":"x","origin":[8.528571,8.19475,7.9746094]},"faces":{"east":{"uv":[5.25,4.0,5.75,4.25],"rotation":0,"texture":"#0","tintindex":0},"south":{"uv":[7.375,4.0,8.5,4.25],"rotation":0,"texture":"#0","tintindex":0},"north":{"uv":[5.75,4.0,6.875,4.25],"rotation":0,"texture":"#0","tintindex":0},"west":{"uv":[6.875,4.0,7.375,4.25],"rotation":0,"texture":"#0","tintindex":0},"up":{"uv":[6.875,4.0,5.75,3.5],"rotation":0,"texture":"#0","tintindex":0},"down":{"uv":[8.0,3.5,6.875,4.0],"rotation":0,"texture":"#0","tintindex":0}}},{"from":[6.3,5.1353407,7.404863],"to":[6.3,8.678198,9.6905775],"rotation":{"angle":0.0,"axis":"x","origin":[6.3,6.9067693,8.54772]},"faces":{"east":{"uv":[1.25,5.25,1.75,6.0],"rotation":0,"texture":"#0","tintindex":0},"south":{"uv":[2.25,5.25,2.25,6.0],"rotation":0,"texture":"#0","tintindex":0},"north":{"uv":[1.75,5.25,1.75,6.0],"rotation":0,"texture":"#0","tintindex":0},"west":{"uv":[1.75,5.25,2.25,6.0],"rotation":0,"texture":"#0","tintindex":0},"up":{"uv":[1.75,5.25,1.75,4.75],"rotation":0,"texture":"#0","tintindex":0},"down":{"uv":[1.75,4.75,1.75,5.25],"rotation":0,"texture":"#0","tintindex":0}}},{"from":[6.3,8.186895,6.524413],"to":[10.8714285,11.615466,8.810127],"rotation":{"angle":0.0,"axis":"x","origin":[8.585714,9.90118,7.66727]},"faces":{"east":{"uv":[4.5,1.75,5.0,2.5],"rotation":0,"texture":"#0","tintindex":0},"south":{"uv":[6.5,1.75,7.5,2.5],"rotation":0,"texture":"#0","tintindex":0},"north":{"uv":[5.0,1.75,6.0,2.5],"rotation":0,"texture":"#0","tintindex":0},"west":{"uv":[6.0,1.75,6.5,2.5],"rotation":0,"texture":"#0","tintindex":0},"up":{"uv":[6.0,1.75,5.0,1.25],"rotation":0,"texture":"#0","tintindex":0},"down":{"uv":[7.0,1.25,6.0,1.75],"rotation":0,"texture":"#0","tintindex":0}}},{"from":[6.3,5.225872,6.667543],"to":[10.8714285,8.768729,8.953258],"rotation":{"angle":0.0,"axis":"x","origin":[8.585714,6.9973006,7.8104]},"faces":{"east":{"uv":[4.0,0.5,4.5,1.25],"rotation":0,"texture":"#0","tintindex":0},"south":{"uv":[6.0,0.5,7.0,1.25],"rotation":0,"texture":"#0","tintindex":0},"north":{"uv":[4.5,0.5,5.5,1.25],"rotation":0,"texture":"#0","tintindex":0},"west":{"uv":[5.5,0.5,6.0,1.25],"rotation":0,"texture":"#0","tintindex":0},"up":{"uv":[5.5,0.5,4.5,0.0],"rotation":0,"texture":"#0","tintindex":0},"down":{"uv":[6.5,0.0,5.5,0.5],"rotation":0,"texture":"#0","tintindex":0}}}],"display":{"head":{"translation":[0.0,-6.4,0.0],"scale":[4.0,4.0,4.0]}}}