{"textures":{"0":"modelengine:entity/ghost"},"elements":[{"from":[7.4926066,6.724802,5.142857],"to":[8.292606,9.353374,10.857143],"rotation":{"angle":0.0,"axis":"y","origin":[9.279637,-11.366638,8.393172]},"faces":{"east":{"uv":[0.0,1.25,1.25,1.75],"rotation":0,"texture":"#0","tintindex":0},"south":{"uv":[2.625,1.25,2.75,1.75],"rotation":0,"texture":"#0","tintindex":0},"north":{"uv":[1.25,1.25,1.375,1.75],"rotation":0,"texture":"#0","tintindex":0},"west":{"uv":[1.375,1.25,2.625,1.75],"rotation":0,"texture":"#0","tintindex":0},"up":{"uv":[1.375,1.25,1.25,0.0],"rotation":0,"texture":"#0","tintindex":0},"down":{"uv":[1.5,0.0,1.375,1.25],"rotation":0,"texture":"#0","tintindex":0}}}],"display":{"head":{"translation":[0.0,-6.4,0.0],"scale":[4.0,4.0,4.0]}}}