{"textures":{"0":"modelengine:entity/ghost"},"elements":[{"from":[7.4890876,7.4729996,8.255585],"to":[8.060516,8.615857,8.827013],"rotation":{"angle":45.0,"axis":"x","origin":[7.8319445,8.330142,8.712728]},"faces":{"east":{"uv":[5.5,7.125,5.625,7.375],"rotation":0,"texture":"#0","tintindex":0},"south":{"uv":[5.875,7.125,6.0,7.375],"rotation":0,"texture":"#0","tintindex":0},"north":{"uv":[5.625,7.125,5.75,7.375],"rotation":0,"texture":"#0","tintindex":0},"west":{"uv":[5.75,7.125,5.875,7.375],"rotation":0,"texture":"#0","tintindex":0},"up":{"uv":[5.75,7.125,5.625,7.0],"rotation":0,"texture":"#0","tintindex":0},"down":{"uv":[5.875,7.0,5.75,7.125],"rotation":0,"texture":"#0","tintindex":0}}},{"from":[7.8319445,7.5301423,6.884156],"to":[8.403373,8.101571,8.027013],"rotation":{"angle":-22.5,"axis":"x","origin":[8.060516,7.987285,7.684156]},"faces":{"east":{"uv":[8.75,2.25,9.0,2.375],"rotation":0,"texture":"#0","tintindex":0},"south":{"uv":[9.375,2.25,9.5,2.375],"rotation":0,"texture":"#0","tintindex":0},"north":{"uv":[9.0,2.25,9.125,2.375],"rotation":0,"texture":"#0","tintindex":0},"west":{"uv":[9.125,2.25,9.375,2.375],"rotation":0,"texture":"#0","tintindex":0},"up":{"uv":[9.125,2.25,9.0,2.0],"rotation":0,"texture":"#0","tintindex":0},"down":{"uv":[9.25,2.0,9.125,2.25],"rotation":0,"texture":"#0","tintindex":0}}}],"display":{"head":{"translation":[0.0,-6.4,0.0],"scale":[4.0,4.0,4.0]}}}