{"textures":{"0":"modelengine:entity/ghost"},"elements":[{"from":[6.857143,5.428571,6.857143],"to":[9.142858,10.571428,9.142858],"rotation":{"angle":0.0,"axis":"y","origin":[8.0,8.0,8.0]},"faces":{"east":{"uv":[4.0,5.875,4.5,7.0],"rotation":0,"texture":"#0","tintindex":0},"south":{"uv":[5.5,5.875,6.0,7.0],"rotation":0,"texture":"#0","tintindex":0},"north":{"uv":[4.5,5.875,5.0,7.0],"rotation":0,"texture":"#0","tintindex":0},"west":{"uv":[5.0,5.875,5.5,7.0],"rotation":0,"texture":"#0","tintindex":0},"up":{"uv":[5.0,5.875,4.5,5.375],"rotation":0,"texture":"#0","tintindex":0},"down":{"uv":[5.5,5.375,5.0,5.875],"rotation":0,"texture":"#0","tintindex":0}}}],"display":{"head":{"translation":[0.0,-6.4,0.0],"scale":[4.0,4.0,4.0]}}}