{"textures":{"0":"modelengine:entity/stomp_shockwave"},"elements":[{"from":[18.07143,-16.0,24.07143],"to":[22.357143,-14.714285,25.57143],"rotation":{"angle":22.5,"axis":"z","origin":[8.0,-15.142857,8.0]},"faces":{"east":{"uv":[8.375,10.125,8.625,10.375],"rotation":0,"texture":"#0","tintindex":0},"south":{"uv":[10.0,0.25,10.625,0.5],"rotation":0,"texture":"#0","tintindex":0},"north":{"uv":[10.0,0.0,10.625,0.25],"rotation":0,"texture":"#0","tintindex":0},"west":{"uv":[8.625,10.125,8.875,10.375],"rotation":0,"texture":"#0","tintindex":0},"up":{"uv":[2.125,10.25,1.5,10.0],"rotation":0,"texture":"#0","tintindex":0},"down":{"uv":[10.625,2.5,10.0,2.75],"rotation":0,"texture":"#0","tintindex":0}}},{"from":[18.5,-11.285713,23.0],"to":[22.357143,-10.42857,26.214287],"rotation":{"angle":0.0,"axis":"y","origin":[8.0,-15.142857,8.0]},"faces":{"east":{"uv":[10.125,7.25,10.625,7.375],"rotation":0,"texture":"#0","tintindex":0},"south":{"uv":[10.0,8.125,10.625,8.25],"rotation":0,"texture":"#0","tintindex":0},"north":{"uv":[10.0,8.0,10.625,8.125],"rotation":0,"texture":"#0","tintindex":0},"west":{"uv":[8.875,10.125,9.375,10.25],"rotation":0,"texture":"#0","tintindex":0},"up":{"uv":[9.0,5.5,8.375,5.0],"rotation":0,"texture":"#0","tintindex":0},"down":{"uv":[9.0,5.5,8.375,6.0],"rotation":0,"texture":"#0","tintindex":0}}}],"display":{"head":{"translation":[0.0,-30.400007,0.0],"scale":[4.0,4.0,4.0]}}}