{"textures":{"0":"modelengine:entity/ghost"},"elements":[{"from":[11.669245,3.5694108,9.007143],"to":[11.669245,6.7694106,10.15],"rotation":{"angle":45.0,"axis":"z","origin":[11.669245,5.1694107,9.578571]},"faces":{"east":{"uv":[5.0,8.75,5.25,9.375],"rotation":0,"texture":"#0","tintindex":0},"south":{"uv":[5.5,8.75,5.5,9.375],"rotation":0,"texture":"#0","tintindex":0},"north":{"uv":[5.25,8.75,5.25,9.375],"rotation":0,"texture":"#0","tintindex":0},"west":{"uv":[5.25,8.75,5.5,9.375],"rotation":0,"texture":"#0","tintindex":0},"up":{"uv":[5.25,8.75,5.25,8.5],"rotation":0,"texture":"#0","tintindex":0},"down":{"uv":[5.25,8.5,5.25,8.75],"rotation":0,"texture":"#0","tintindex":0}}},{"from":[5.470853,4.3361044,10.15],"to":[9.470853,8.107533,10.15],"rotation":{"angle":45.0,"axis":"z","origin":[7.470853,6.221819,10.15]},"faces":{"east":{"uv":[8.0,6.875,8.0,7.625],"rotation":0,"texture":"#0","tintindex":0},"south":{"uv":[8.875,6.875,9.75,7.625],"rotation":0,"texture":"#0","tintindex":0},"north":{"uv":[8.0,6.875,8.875,7.625],"rotation":0,"texture":"#0","tintindex":0},"west":{"uv":[8.875,6.875,8.875,7.625],"rotation":0,"texture":"#0","tintindex":0},"up":{"uv":[8.875,6.875,8.0,6.875],"rotation":0,"texture":"#0","tintindex":0},"down":{"uv":[9.75,6.875,8.875,6.875],"rotation":0,"texture":"#0","tintindex":0}}},{"from":[3.0880837,4.890462,10.15],"to":[7.088084,12.090463,10.15],"rotation":{"angle":0.0,"axis":"z","origin":[5.088084,8.490462,10.15]},"faces":{"east":{"uv":[7.0,0.0,7.0,1.5],"rotation":0,"texture":"#0","tintindex":0},"south":{"uv":[7.875,0.0,8.75,1.5],"rotation":0,"texture":"#0","tintindex":0},"north":{"uv":[7.0,0.0,7.875,1.5],"rotation":0,"texture":"#0","tintindex":0},"west":{"uv":[7.875,0.0,7.875,1.5],"rotation":0,"texture":"#0","tintindex":0},"up":{"uv":[7.875,0.0,7.0,0.0],"rotation":0,"texture":"#0","tintindex":0},"down":{"uv":[8.75,0.0,7.875,0.0],"rotation":0,"texture":"#0","tintindex":0}}},{"from":[1.441318,9.192971,10.15],"to":[6.5841756,11.821543,10.15],"rotation":{"angle":45.0,"axis":"z","origin":[4.012747,10.5072565,10.15]},"faces":{"east":{"uv":[7.5,1.5,7.5,2.0],"rotation":0,"texture":"#0","tintindex":0},"south":{"uv":[8.625,1.5,9.75,2.0],"rotation":0,"texture":"#0","tintindex":0},"north":{"uv":[7.5,1.5,8.625,2.0],"rotation":0,"texture":"#0","tintindex":0},"west":{"uv":[8.625,1.5,8.625,2.0],"rotation":0,"texture":"#0","tintindex":0},"up":{"uv":[8.625,1.5,7.5,1.5],"rotation":0,"texture":"#0","tintindex":0},"down":{"uv":[9.75,1.5,8.625,1.5],"rotation":0,"texture":"#0","tintindex":0}}},{"from":[11.669245,3.5694108,5.0642858],"to":[11.669245,6.7694106,6.778571],"rotation":{"angle":45.0,"axis":"z","origin":[11.669245,5.1694107,5.9214287]},"faces":{"east":{"uv":[2.25,6.125,2.625,6.75],"rotation":0,"texture":"#0","tintindex":0},"south":{"uv":[3.0,6.125,3.0,6.75],"rotation":0,"texture":"#0","tintindex":0},"north":{"uv":[2.625,6.125,2.625,6.75],"rotation":0,"texture":"#0","tintindex":0},"west":{"uv":[2.625,6.125,3.0,6.75],"rotation":0,"texture":"#0","tintindex":0},"up":{"uv":[2.625,6.125,2.625,5.75],"rotation":0,"texture":"#0","tintindex":0},"down":{"uv":[2.625,5.75,2.625,6.125],"rotation":0,"texture":"#0","tintindex":0}}},{"from":[8.55793,5.9873943,4.435714],"to":[8.55793,9.758823,10.15],"rotation":{"angle":45.0,"axis":"z","origin":[8.55793,7.873109,7.292857]},"faces":{"east":{"uv":[2.5,4.0,3.75,4.75],"rotation":0,"texture":"#0","tintindex":0},"south":{"uv":[5.0,4.0,5.0,4.75],"rotation":0,"texture":"#0","tintindex":0},"north":{"uv":[3.75,4.0,3.75,4.75],"rotation":0,"texture":"#0","tintindex":0},"west":{"uv":[3.75,4.0,5.0,4.75],"rotation":0,"texture":"#0","tintindex":0},"up":{"uv":[3.75,4.0,3.75,2.75],"rotation":0,"texture":"#0","tintindex":0},"down":{"uv":[3.75,2.75,3.75,4.0],"rotation":0,"texture":"#0","tintindex":0}}},{"from":[5.912598,8.176602,4.435714],"to":[6.6554556,12.4623165,6.7214284],"rotation":{"angle":0.0,"axis":"z","origin":[6.284027,10.31946,5.5785713]},"faces":{"east":{"uv":[7.75,8.375,8.25,9.25],"rotation":0,"texture":"#0","tintindex":0},"south":{"uv":[8.875,8.375,9.0,9.25],"rotation":0,"texture":"#0","tintindex":0},"north":{"uv":[8.25,8.375,8.375,9.25],"rotation":0,"texture":"#0","tintindex":0},"west":{"uv":[8.375,8.375,8.875,9.25],"rotation":0,"texture":"#0","tintindex":0},"up":{"uv":[8.375,8.375,8.25,7.875],"rotation":0,"texture":"#0","tintindex":0},"down":{"uv":[8.5,7.875,8.375,8.375],"rotation":0,"texture":"#0","tintindex":0}}},{"from":[11.669245,3.5694108,7.5214286],"to":[11.669245,6.7694106,8.664286],"rotation":{"angle":45.0,"axis":"z","origin":[11.669245,5.1694107,8.092857]},"faces":{"east":{"uv":[5.5,8.75,5.75,9.375],"rotation":0,"texture":"#0","tintindex":0},"south":{"uv":[6.0,8.75,6.0,9.375],"rotation":0,"texture":"#0","tintindex":0},"north":{"uv":[5.75,8.75,5.75,9.375],"rotation":0,"texture":"#0","tintindex":0},"west":{"uv":[5.75,8.75,6.0,9.375],"rotation":0,"texture":"#0","tintindex":0},"up":{"uv":[5.75,8.75,5.75,8.5],"rotation":0,"texture":"#0","tintindex":0},"down":{"uv":[5.75,8.5,5.75,8.75],"rotation":0,"texture":"#0","tintindex":0}}},{"from":[6.576246,8.778259,4.435714],"to":[6.576246,12.549688,11.007143],"rotation":{"angle":0.0,"axis":"z","origin":[6.576246,10.663973,7.7214284]},"faces":{"east":{"uv":[1.75,2.0,3.125,2.75],"rotation":0,"texture":"#0","tintindex":0},"south":{"uv":[4.5,2.0,4.5,2.75],"rotation":0,"texture":"#0","tintindex":0},"north":{"uv":[3.125,2.0,3.125,2.75],"rotation":0,"texture":"#0","tintindex":0},"west":{"uv":[3.125,2.0,4.5,2.75],"rotation":0,"texture":"#0","tintindex":0},"up":{"uv":[3.125,2.0,3.125,0.625],"rotation":0,"texture":"#0","tintindex":0},"down":{"uv":[3.125,0.625,3.125,2.0],"rotation":0,"texture":"#0","tintindex":0}}},{"from":[7.8426867,5.637337,4.492857],"to":[8.756972,9.408766,9.064285],"rotation":{"angle":45.0,"axis":"z","origin":[8.2998295,7.5230517,6.778571]},"faces":{"east":{"uv":[0.0,6.25,1.0,7.0],"rotation":0,"texture":"#0","tintindex":0},"south":{"uv":[2.125,6.25,2.25,7.0],"rotation":0,"texture":"#0","tintindex":0},"north":{"uv":[1.0,6.25,1.125,7.0],"rotation":0,"texture":"#0","tintindex":0},"west":{"uv":[1.125,6.25,2.125,7.0],"rotation":0,"texture":"#0","tintindex":0},"up":{"uv":[1.125,6.25,1.0,5.25],"rotation":0,"texture":"#0","tintindex":0},"down":{"uv":[1.25,5.25,1.125,6.25],"rotation":0,"texture":"#0","tintindex":0}}},{"from":[9.664633,5.8673043,4.435714],"to":[10.293204,6.78159,10.15],"rotation":{"angle":0.0,"axis":"z","origin":[9.978919,6.324447,7.292857]},"faces":{"east":{"uv":[1.25,6.0,2.5,6.125],"rotation":0,"texture":"#0","tintindex":0},"south":{"uv":[3.875,6.0,4.0,6.125],"rotation":0,"texture":"#0","tintindex":0},"north":{"uv":[2.5,6.0,2.625,6.125],"rotation":0,"texture":"#0","tintindex":0},"west":{"uv":[2.625,6.0,3.875,6.125],"rotation":0,"texture":"#0","tintindex":0},"up":{"uv":[2.625,6.0,2.5,4.75],"rotation":0,"texture":"#0","tintindex":0},"down":{"uv":[2.75,4.75,2.625,6.0],"rotation":0,"texture":"#0","tintindex":0}}}],"display":{"head":{"translation":[0.0,-6.4,0.0],"scale":[4.0,4.0,4.0]}}}