{"textures":{"0":"modelengine:entity/archangel"},"elements":[{"from":[6.776961,4.6007195,6.855102],"to":[9.062675,8.029291,9.140817],"rotation":{"angle":0.0,"axis":"y","origin":[8.285714,5.285714,7.428571]},"faces":{"east":{"uv":[7.629,8.629,8.121,9.371],"rotation":0,"texture":"#0","tintindex":0},"south":{"uv":[8.254,8.629,8.746,9.371],"rotation":0,"texture":"#0","tintindex":0},"north":{"uv":[7.004,8.629,7.496,9.371],"rotation":0,"texture":"#0","tintindex":0},"west":{"uv":[5.754,8.754,6.246,9.496],"rotation":0,"texture":"#0","tintindex":0},"up":{"uv":[9.996,8.871,9.504,8.379],"rotation":0,"texture":"#0","tintindex":0},"down":{"uv":[9.371,9.504,8.879,9.996],"rotation":0,"texture":"#0","tintindex":0}}},{"from":[6.491246,5.129291,6.5693874],"to":[9.34839,7.986434,8.855103],"rotation":{"angle":0.0,"axis":"y","origin":[8.285714,5.285714,7.428571]},"faces":{"east":{"uv":[0.004,9.379,0.496,9.996],"rotation":0,"texture":"#0","tintindex":0},"south":{"uv":[8.379,1.504,8.996,2.121],"rotation":0,"texture":"#0","tintindex":0},"north":{"uv":[8.379,0.754,8.996,1.371],"rotation":0,"texture":"#0","tintindex":0},"west":{"uv":[0.629,9.379,1.121,9.996],"rotation":0,"texture":"#0","tintindex":0},"up":{"uv":[1.871,9.871,1.254,9.379],"rotation":0,"texture":"#0","tintindex":0},"down":{"uv":[2.621,9.379,2.004,9.871],"rotation":0,"texture":"#0","tintindex":0}}},{"from":[9.34839,5.129291,7.712245],"to":[11.634104,7.986434,7.712245],"rotation":{"angle":0.0,"axis":"y","origin":[8.285714,5.285714,7.428571]},"faces":{"east":{"uv":[5.879,6.504,5.879,7.121],"rotation":0,"texture":"#0","tintindex":0},"south":{"uv":[3.246,9.379,2.754,9.996],"rotation":0,"texture":"#0","tintindex":0},"north":{"uv":[2.754,9.379,3.246,9.996],"rotation":0,"texture":"#0","tintindex":0},"west":{"uv":[9.879,11.129,9.879,11.746],"rotation":0,"texture":"#0","tintindex":0},"up":{"uv":[10.121,5.754,9.629,5.742],"rotation":0,"texture":"#0","tintindex":0},"down":{"uv":[10.621,9.504,10.129,9.492],"rotation":0,"texture":"#0","tintindex":0}}},{"from":[7.4810925,4.119137,6.5693874],"to":[8.338235,5.1334224,7.140816],"rotation":{"angle":0.0,"axis":"y","origin":[8.285714,5.285714,7.428571]},"faces":{"east":{"uv":[9.129,3.129,9.246,3.371],"rotation":0,"texture":"#0","tintindex":0},"south":{"uv":[10.754,7.004,10.9375,7.246],"rotation":0,"texture":"#0","tintindex":0},"north":{"uv":[10.754,6.629,10.9375,6.871],"rotation":0,"texture":"#0","tintindex":0},"west":{"uv":[9.629,7.379,9.746,7.621],"rotation":0,"texture":"#0","tintindex":0},"up":{"uv":[11.3125,5.621,11.129,5.504],"rotation":0,"texture":"#0","tintindex":0},"down":{"uv":[11.3125,6.879,11.129,6.996],"rotation":0,"texture":"#0","tintindex":0}}},{"from":[7.49796,4.423684,6.5836735],"to":[8.926532,5.566541,7.140816],"rotation":{"angle":45.0,"axis":"z","origin":[8.285714,5.285714,7.428571]},"faces":{"east":{"uv":[11.004,8.254,11.121,8.496],"rotation":0,"texture":"#0","tintindex":0},"south":{"uv":[1.254,10.629,1.5625,10.871],"rotation":0,"texture":"#0","tintindex":0},"north":{"uv":[10.504,7.629,10.8125,7.871],"rotation":0,"texture":"#0","tintindex":0},"west":{"uv":[11.004,10.004,11.121,10.246],"rotation":0,"texture":"#0","tintindex":0},"up":{"uv":[6.9375,11.121,6.629,11.004],"rotation":0,"texture":"#0","tintindex":0},"down":{"uv":[7.4375,11.004,7.129,11.121],"rotation":0,"texture":"#0","tintindex":0}}},{"from":[7.1274414,3.9062285,6.5836735],"to":[8.556013,5.0490856,7.140816],"rotation":{"angle":-45.0,"axis":"z","origin":[8.285714,5.285714,7.428571]},"faces":{"east":{"uv":[10.254,11.004,10.371,11.246],"rotation":0,"texture":"#0","tintindex":0},"south":{"uv":[2.254,10.629,2.5625,10.871],"rotation":0,"texture":"#0","tintindex":0},"north":{"uv":[1.754,10.629,2.0625,10.871],"rotation":0,"texture":"#0","tintindex":0},"west":{"uv":[10.504,11.004,10.621,11.246],"rotation":0,"texture":"#0","tintindex":0},"up":{"uv":[7.9375,11.121,7.629,11.004],"rotation":0,"texture":"#0","tintindex":0},"down":{"uv":[11.3125,7.629,11.004,7.746],"rotation":0,"texture":"#0","tintindex":0}}}],"display":{"head":{"translation":[0.0,-6.4,0.0],"scale":[4.0,4.0,4.0]}}}