{"textures":{"0":"modelengine:entity/archangel"},"elements":[{"from":[5.852566,7.9339285,6.1765037],"to":[8.281137,11.3625,7.3193607],"rotation":{"angle":22.5,"axis":"y","origin":[6.995423,9.648214,6.662218]},"faces":{"east":{"uv":[6.629,9.754,6.871,10.496],"rotation":0,"texture":"#0","tintindex":0},"south":{"uv":[8.254,5.004,8.8125,5.746],"rotation":0,"texture":"#0","tintindex":0},"north":{"uv":[4.379,8.004,4.9375,8.746],"rotation":0,"texture":"#0","tintindex":0},"west":{"uv":[7.004,10.129,7.246,10.871],"rotation":0,"texture":"#0","tintindex":0},"up":{"uv":[10.6875,9.371,10.129,9.129],"rotation":0,"texture":"#0","tintindex":0},"down":{"uv":[10.8125,2.254,10.254,2.496],"rotation":0,"texture":"#0","tintindex":0}}},{"from":[7.718863,7.9339285,6.1765037],"to":[10.147434,11.3625,7.3193607],"rotation":{"angle":-22.5,"axis":"y","origin":[9.004578,9.648214,6.662218]},"faces":{"east":{"uv":[7.246,10.129,7.004,10.871],"rotation":0,"texture":"#0","tintindex":0},"south":{"uv":[8.8125,5.004,8.254,5.746],"rotation":0,"texture":"#0","tintindex":0},"north":{"uv":[4.9375,8.004,4.379,8.746],"rotation":0,"texture":"#0","tintindex":0},"west":{"uv":[6.871,9.754,6.629,10.496],"rotation":0,"texture":"#0","tintindex":0},"up":{"uv":[10.129,9.371,10.6875,9.129],"rotation":0,"texture":"#0","tintindex":0},"down":{"uv":[10.254,2.254,10.8125,2.496],"rotation":0,"texture":"#0","tintindex":0}}},{"from":[5.714286,7.919643,6.571641],"to":[10.285714,11.3625,9.428783],"rotation":{"angle":0.0,"axis":"y","origin":[5.714286,-6.0660725,8.000213]},"faces":{"east":{"uv":[7.379,4.254,7.996,4.996],"rotation":0,"texture":"#0","tintindex":0},"south":{"uv":[4.004,6.504,4.996,7.246],"rotation":0,"texture":"#0","tintindex":0},"north":{"uv":[6.004,6.379,6.996,7.121],"rotation":0,"texture":"#0","tintindex":0},"west":{"uv":[7.004,7.754,7.621,8.496],"rotation":0,"texture":"#0","tintindex":0},"up":{"uv":[8.246,1.371,7.254,0.754],"rotation":0,"texture":"#0","tintindex":0},"down":{"uv":[8.246,1.504,7.254,2.121],"rotation":0,"texture":"#0","tintindex":0}}},{"from":[5.428571,8.505357,8.000213],"to":[10.571428,11.333929,9.7144985],"rotation":{"angle":0.0,"axis":"y","origin":[6.0,-6.0660725,8.000213]},"faces":{"east":{"uv":[9.879,1.504,10.246,2.121],"rotation":0,"texture":"#0","tintindex":0},"south":{"uv":[7.254,0.004,8.371,0.621],"rotation":0,"texture":"#0","tintindex":0},"north":{"uv":[7.129,7.004,8.246,7.621],"rotation":0,"texture":"#0","tintindex":0},"west":{"uv":[3.754,9.879,4.121,10.496],"rotation":0,"texture":"#0","tintindex":0},"up":{"uv":[9.371,6.246,8.254,5.879],"rotation":0,"texture":"#0","tintindex":0},"down":{"uv":[9.371,6.379,8.254,6.746],"rotation":0,"texture":"#0","tintindex":0}}}],"display":{"head":{"translation":[0.0,-6.4,0.0],"scale":[4.0,4.0,4.0]}}}