{"textures":{"1":"modelengine:entity/archangel_sword"},"elements":[{"from":[7.5714283,7.5714283,6.077876],"to":[8.428572,8.428572,10.077876],"rotation":{"angle":0.0,"axis":"y","origin":[8.0,8.0,0.9475527]},"faces":{"east":{"uv":[2.508,6.758,2.875,8.492],"rotation":90,"texture":"#1","tintindex":0},"south":{"uv":[8.875,6.758,8.508,7.125],"rotation":90,"texture":"#1","tintindex":0},"north":{"uv":[7.125,8.875,6.758,8.508],"rotation":90,"texture":"#1","tintindex":0},"west":{"uv":[6.008,5.508,6.375,7.242],"rotation":270,"texture":"#1","tintindex":0},"up":{"uv":[3.008,6.758,3.375,8.492],"rotation":0,"texture":"#1","tintindex":0},"down":{"uv":[6.508,5.508,6.875,7.242],"rotation":180,"texture":"#1","tintindex":0}}},{"from":[7.5714283,5.428571,4.5064473],"to":[8.428572,10.571428,5.3635902],"rotation":{"angle":0.0,"axis":"y","origin":[8.0,8.0,0.9475527]},"faces":{"east":{"uv":[6.008,4.008,8.242,4.375],"rotation":90,"texture":"#1","tintindex":0},"south":{"uv":[8.242,5.008,6.008,5.375],"rotation":90,"texture":"#1","tintindex":0},"north":{"uv":[8.242,4.875,6.008,4.508],"rotation":90,"texture":"#1","tintindex":0},"west":{"uv":[8.242,4.008,6.008,4.375],"rotation":270,"texture":"#1","tintindex":0},"up":{"uv":[8.508,7.258,8.875,7.625],"rotation":0,"texture":"#1","tintindex":0},"down":{"uv":[7.258,8.508,7.625,8.875],"rotation":180,"texture":"#1","tintindex":0}}},{"from":[8.0,3.7142854,2.7921615],"to":[8.0,7.714286,6.5064473],"rotation":{"angle":0.0,"axis":"y","origin":[8.0,8.0,0.9475527]},"faces":{"east":{"uv":[6.008,1.758,7.742,3.375],"rotation":90,"texture":"#1","tintindex":0},"south":{"uv":[10.758,2.508,11.758,4.25],"rotation":0,"texture":"#1","tintindex":0},"north":{"uv":[10.758,2.508,11.758,4.25],"rotation":0,"texture":"#1","tintindex":0},"west":{"uv":[7.742,1.758,6.008,3.375],"rotation":270,"texture":"#1","tintindex":0},"up":{"uv":[10.758,2.508,11.758,4.25],"rotation":0,"texture":"#1","tintindex":0},"down":{"uv":[10.758,2.508,11.758,4.25],"rotation":0,"texture":"#1","tintindex":0}}},{"from":[8.0,8.285714,2.7921615],"to":[8.0,12.285715,6.5064473],"rotation":{"angle":0.0,"axis":"y","origin":[8.0,8.0,0.9475527]},"faces":{"east":{"uv":[7.742,1.758,6.008,3.375],"rotation":90,"texture":"#1","tintindex":0},"south":{"uv":[10.758,2.508,11.758,4.25],"rotation":0,"texture":"#1","tintindex":0},"north":{"uv":[10.758,2.508,11.758,4.25],"rotation":0,"texture":"#1","tintindex":0},"west":{"uv":[6.008,1.758,7.742,3.375],"rotation":270,"texture":"#1","tintindex":0},"up":{"uv":[10.758,2.508,11.758,4.25],"rotation":0,"texture":"#1","tintindex":0},"down":{"uv":[10.758,2.508,11.758,4.25],"rotation":0,"texture":"#1","tintindex":0}}},{"from":[7.5714283,7.142857,2.9350185],"to":[8.428572,8.857143,4.5064473],"rotation":{"angle":0.0,"axis":"y","origin":[8.0,8.0,0.9475527]},"faces":{"east":{"uv":[4.758,6.758,5.492,7.492],"rotation":90,"texture":"#1","tintindex":0},"south":{"uv":[8.742,0.508,8.008,0.875],"rotation":90,"texture":"#1","tintindex":0},"north":{"uv":[8.742,0.375,8.008,0.008],"rotation":90,"texture":"#1","tintindex":0},"west":{"uv":[4.008,6.758,4.742,7.492],"rotation":270,"texture":"#1","tintindex":0},"up":{"uv":[7.508,7.758,7.875,8.492],"rotation":0,"texture":"#1","tintindex":0},"down":{"uv":[7.758,2.508,8.125,3.242],"rotation":180,"texture":"#1","tintindex":0}}},{"from":[7.857143,6.5714283,-7.3506956],"to":[8.142858,9.428572,4.5064473],"rotation":{"angle":0.0,"axis":"y","origin":[8.0,8.0,0.9475527]},"faces":{"east":{"uv":[1.258,5.008,2.492,10.242],"rotation":90,"texture":"#1","tintindex":0},"south":{"uv":[9.742,6.508,8.508,6.625],"rotation":90,"texture":"#1","tintindex":0},"north":{"uv":[6.742,8.625,5.508,8.508],"rotation":90,"texture":"#1","tintindex":0},"west":{"uv":[2.492,5.008,1.258,10.242],"rotation":270,"texture":"#1","tintindex":0},"up":{"uv":[3.758,6.758,3.875,11.992],"rotation":0,"texture":"#1","tintindex":0},"down":{"uv":[3.508,6.758,3.625,11.992],"rotation":180,"texture":"#1","tintindex":0}}},{"from":[7.857143,7.142857,-8.350697],"to":[8.142858,8.857143,-7.3506956],"rotation":{"angle":0.0,"axis":"y","origin":[8.0,8.0,0.9475527]},"faces":{"east":{"uv":[7.508,6.008,8.242,6.492],"rotation":90,"texture":"#1","tintindex":0},"south":{"uv":[5.242,8.758,4.508,8.875],"rotation":90,"texture":"#1","tintindex":0},"north":{"uv":[9.242,8.375,8.508,8.258],"rotation":90,"texture":"#1","tintindex":0},"west":{"uv":[8.242,6.008,7.508,6.492],"rotation":270,"texture":"#1","tintindex":0},"up":{"uv":[6.258,8.758,6.375,9.242],"rotation":0,"texture":"#1","tintindex":0},"down":{"uv":[8.758,6.008,8.875,6.492],"rotation":180,"texture":"#1","tintindex":0}}},{"from":[7.857143,7.5714283,-9.350697],"to":[8.142858,8.428572,-8.350697],"rotation":{"angle":0.0,"axis":"y","origin":[8.0,8.0,0.9475527]},"faces":{"east":{"uv":[8.008,7.508,8.375,7.992],"rotation":90,"texture":"#1","tintindex":0},"south":{"uv":[9.375,4.758,9.008,4.875],"rotation":90,"texture":"#1","tintindex":0},"north":{"uv":[4.875,9.125,4.508,9.008],"rotation":90,"texture":"#1","tintindex":0},"west":{"uv":[8.008,7.008,8.375,7.492],"rotation":270,"texture":"#1","tintindex":0},"up":{"uv":[8.758,8.508,8.875,8.992],"rotation":0,"texture":"#1","tintindex":0},"down":{"uv":[6.508,8.758,6.625,9.242],"rotation":180,"texture":"#1","tintindex":0}}},{"from":[7.857143,0.07010603,-6.982342],"to":[8.142858,0.6415348,-6.4109135],"rotation":{"angle":45.0,"axis":"x","origin":[8.0,8.0,0.9475527]},"faces":{"east":{"uv":[9.008,1.258,9.242,1.492],"rotation":90,"texture":"#1","tintindex":0},"south":{"uv":[9.242,5.508,9.008,5.625],"rotation":90,"texture":"#1","tintindex":0},"north":{"uv":[5.742,9.125,5.508,9.008],"rotation":90,"texture":"#1","tintindex":0},"west":{"uv":[9.008,1.258,9.242,1.492],"rotation":270,"texture":"#1","tintindex":0},"up":{"uv":[9.008,5.008,9.125,5.242],"rotation":0,"texture":"#1","tintindex":0},"down":{"uv":[5.008,9.008,5.125,9.242],"rotation":180,"texture":"#1","tintindex":0}}},{"from":[7.8428574,3.5045686,-8.886627],"to":[8.157143,4.0759974,-6.1723413],"rotation":{"angle":22.5,"axis":"x","origin":[8.0,8.0,0.9475527]},"faces":{"east":{"uv":[7.758,0.008,7.992,1.242],"rotation":90,"texture":"#1","tintindex":0},"south":{"uv":[9.242,5.758,9.008,5.875],"rotation":90,"texture":"#1","tintindex":0},"north":{"uv":[5.992,9.125,5.758,9.008],"rotation":90,"texture":"#1","tintindex":0},"west":{"uv":[7.992,0.008,7.758,1.242],"rotation":270,"texture":"#1","tintindex":0},"up":{"uv":[2.758,8.508,2.875,9.742],"rotation":0,"texture":"#1","tintindex":0},"down":{"uv":[2.508,8.508,2.625,9.742],"rotation":180,"texture":"#1","tintindex":0}}},{"from":[7.8428574,11.924003,-8.886627],"to":[8.157143,12.495432,-6.1723413],"rotation":{"angle":-22.5,"axis":"x","origin":[8.0,8.0,0.9475527]},"faces":{"east":{"uv":[7.758,6.508,7.992,7.742],"rotation":90,"texture":"#1","tintindex":0},"south":{"uv":[9.242,6.258,9.008,6.375],"rotation":90,"texture":"#1","tintindex":0},"north":{"uv":[9.242,6.125,9.008,6.008],"rotation":90,"texture":"#1","tintindex":0},"west":{"uv":[7.992,6.508,7.758,7.742],"rotation":270,"texture":"#1","tintindex":0},"up":{"uv":[3.258,8.508,3.375,9.742],"rotation":0,"texture":"#1","tintindex":0},"down":{"uv":[3.008,8.508,3.125,9.742],"rotation":180,"texture":"#1","tintindex":0}}},{"from":[7.5714283,7.5714283,1.9350185],"to":[8.428572,8.428572,2.9350185],"rotation":{"angle":0.0,"axis":"y","origin":[8.0,8.0,0.9475527]},"faces":{"east":{"uv":[8.258,3.008,8.625,3.492],"rotation":90,"texture":"#1","tintindex":0},"south":{"uv":[8.875,7.758,8.508,8.125],"rotation":90,"texture":"#1","tintindex":0},"north":{"uv":[8.125,8.875,7.758,8.508],"rotation":90,"texture":"#1","tintindex":0},"west":{"uv":[8.008,8.008,8.375,8.492],"rotation":270,"texture":"#1","tintindex":0},"up":{"uv":[8.258,3.508,8.625,3.992],"rotation":0,"texture":"#1","tintindex":0},"down":{"uv":[8.258,2.508,8.625,2.992],"rotation":180,"texture":"#1","tintindex":0}}},{"from":[7.5857143,8.314929,1.2658415],"to":[8.414286,8.886358,1.9372702],"rotation":{"angle":45.0,"axis":"x","origin":[8.0,8.0,0.9475527]},"faces":{"east":{"uv":[9.008,1.758,9.242,1.992],"rotation":90,"texture":"#1","tintindex":0},"south":{"uv":[5.492,8.758,5.258,9.125],"rotation":90,"texture":"#1","tintindex":0},"north":{"uv":[8.992,5.125,8.758,4.758],"rotation":90,"texture":"#1","tintindex":0},"west":{"uv":[9.008,1.508,9.242,1.742],"rotation":270,"texture":"#1","tintindex":0},"up":{"uv":[8.758,4.508,9.125,4.742],"rotation":0,"texture":"#1","tintindex":0},"down":{"uv":[7.758,3.258,8.125,3.492],"rotation":180,"texture":"#1","tintindex":0}}},{"from":[7.5714283,7.113642,1.2658415],"to":[8.428572,7.6850705,1.9372702],"rotation":{"angle":-45.0,"axis":"x","origin":[8.0,8.0,0.9475527]},"faces":{"east":{"uv":[9.008,2.258,9.242,2.492],"rotation":90,"texture":"#1","tintindex":0},"south":{"uv":[6.242,8.758,6.008,9.125],"rotation":90,"texture":"#1","tintindex":0},"north":{"uv":[8.992,5.875,8.758,5.508],"rotation":90,"texture":"#1","tintindex":0},"west":{"uv":[9.242,2.258,9.008,2.492],"rotation":270,"texture":"#1","tintindex":0},"up":{"uv":[5.508,8.758,5.875,8.992],"rotation":0,"texture":"#1","tintindex":0},"down":{"uv":[8.758,5.258,9.125,5.492],"rotation":180,"texture":"#1","tintindex":0}}},{"from":[7.5571427,7.9122086,1.9824538],"to":[8.442857,8.769352,4.8395967],"rotation":{"angle":22.5,"axis":"x","origin":[8.0,8.0,0.9475527]},"faces":{"east":{"uv":[7.008,6.758,7.375,7.992],"rotation":90,"texture":"#1","tintindex":0},"south":{"uv":[9.125,0.008,8.758,0.375],"rotation":90,"texture":"#1","tintindex":0},"north":{"uv":[8.625,8.875,8.258,8.508],"rotation":90,"texture":"#1","tintindex":0},"west":{"uv":[7.375,6.758,7.008,7.992],"rotation":270,"texture":"#1","tintindex":0},"up":{"uv":[6.008,7.258,6.375,8.492],"rotation":0,"texture":"#1","tintindex":0},"down":{"uv":[7.008,5.508,7.375,6.742],"rotation":180,"texture":"#1","tintindex":0}}},{"from":[7.542857,7.2306485,1.9824538],"to":[8.457143,8.087791,4.8395967],"rotation":{"angle":-22.5,"axis":"x","origin":[8.0,8.0,0.9475527]},"faces":{"east":{"uv":[4.508,7.508,4.875,8.742],"rotation":90,"texture":"#1","tintindex":0},"south":{"uv":[9.125,2.508,8.758,2.875],"rotation":90,"texture":"#1","tintindex":0},"north":{"uv":[9.125,0.875,8.758,0.508],"rotation":90,"texture":"#1","tintindex":0},"west":{"uv":[4.875,7.508,4.508,8.742],"rotation":270,"texture":"#1","tintindex":0},"up":{"uv":[5.008,7.508,5.375,8.742],"rotation":0,"texture":"#1","tintindex":0},"down":{"uv":[4.008,7.508,4.375,8.742],"rotation":180,"texture":"#1","tintindex":0}}},{"from":[7.5857143,5.5755167,4.708505],"to":[8.414286,6.4326596,5.851362],"rotation":{"angle":-22.5,"axis":"x","origin":[8.0,8.0,0.9475527]},"faces":{"east":{"uv":[8.258,5.008,8.625,5.492],"rotation":90,"texture":"#1","tintindex":0},"south":{"uv":[9.125,3.508,8.758,3.875],"rotation":90,"texture":"#1","tintindex":0},"north":{"uv":[9.125,3.375,8.758,3.008],"rotation":90,"texture":"#1","tintindex":0},"west":{"uv":[8.625,5.008,8.258,5.492],"rotation":270,"texture":"#1","tintindex":0},"up":{"uv":[8.258,5.508,8.625,5.992],"rotation":0,"texture":"#1","tintindex":0},"down":{"uv":[8.258,4.508,8.625,4.992],"rotation":180,"texture":"#1","tintindex":0}}},{"from":[7.6,9.56734,4.708505],"to":[8.4,10.424483,5.851362],"rotation":{"angle":22.5,"axis":"x","origin":[8.0,8.0,0.9475527]},"faces":{"east":{"uv":[8.508,1.508,8.875,1.992],"rotation":90,"texture":"#1","tintindex":0},"south":{"uv":[9.125,4.008,8.758,4.375],"rotation":90,"texture":"#1","tintindex":0},"north":{"uv":[4.375,9.125,4.008,8.758],"rotation":90,"texture":"#1","tintindex":0},"west":{"uv":[8.875,1.508,8.508,1.992],"rotation":270,"texture":"#1","tintindex":0},"up":{"uv":[8.508,2.008,8.875,2.492],"rotation":0,"texture":"#1","tintindex":0},"down":{"uv":[8.508,1.008,8.875,1.492],"rotation":180,"texture":"#1","tintindex":0}}},{"from":[7.428571,0.71125317,7.093442],"to":[8.571428,1.8541102,8.2362995],"rotation":{"angle":-45.0,"axis":"x","origin":[8.0,8.0,0.9475527]},"faces":{"east":{"uv":[8.008,2.008,8.492,2.492],"rotation":90,"texture":"#1","tintindex":0},"south":{"uv":[7.492,8.008,7.008,8.492],"rotation":90,"texture":"#1","tintindex":0},"north":{"uv":[8.492,6.992,8.008,6.508],"rotation":90,"texture":"#1","tintindex":0},"west":{"uv":[8.008,1.008,8.492,1.492],"rotation":270,"texture":"#1","tintindex":0},"up":{"uv":[5.508,8.008,5.992,8.492],"rotation":0,"texture":"#1","tintindex":0},"down":{"uv":[8.008,1.508,8.492,1.992],"rotation":180,"texture":"#1","tintindex":0}}}],"display":{"head":{"translation":[0.0,-6.4,0.0],"scale":[4.0,4.0,4.0]}}}