{
"parent": "item/generated",
"display": {
    "thirdperson_righthand": {
      "rotation": [ -25, 95, -90 ],
      "translation": [ 0, -0.3, 0.9 ],
      "scale": [ 1, 1, 0.42 ]
    },
    "thirdperson_lefthand": {
      "rotation": [ -25, 95, -40 ],
      "translation": [ 0, -0.3, 0.9 ],
      "scale": [ 1, 1, 0.42 ]
    },
     "firstperson_righthand": {
      "rotation": [ 0, -95, 25 ],
      "translation": [ 1.13, 3.0, 1.0 ],
      "scale": [ 0.85, 0.85, 0.68 ]
    },
     "firstperson_lefthand": {
      "rotation": [ 0, 95, -25 ],
      "translation": [ 1.13, 3.0, 1.0 ],
      "scale": [ 0.85, 0.85, 0.68 ]
    }
  }
}