{"textures":{"1":"modelengine:entity/horse"},"elements":[{"from":[8.0,5.634286,7.1314287],"to":[8.0,10.571428,17.325714],"rotation":{"angle":0.0,"axis":"y","origin":[8.0,8.822857,8.365714]},"faces":{"east":{"uv":[0.5625,7.0625,1.6875,7.625],"rotation":0,"texture":"#1","tintindex":0},"south":{"uv":[0.0,0.0,0.0,0.5625],"rotation":0,"texture":"#1","tintindex":0},"north":{"uv":[0.0,0.0,0.0,0.5625],"rotation":0,"texture":"#1","tintindex":0},"west":{"uv":[1.6875,7.3125,2.8125,7.875],"rotation":0,"texture":"#1","tintindex":0},"up":{"uv":[0.0,1.125,0.0,0.0],"rotation":0,"texture":"#1","tintindex":0},"down":{"uv":[0.0,0.0,0.0,1.125],"rotation":0,"texture":"#1","tintindex":0}}},{"from":[5.5885715,8.017143,7.1314287],"to":[10.525715,8.017143,17.325714],"rotation":{"angle":0.0,"axis":"y","origin":[-22.948572,-22.125717,8.365714]},"faces":{"east":{"uv":[0.0,0.0,0.0,1.125],"rotation":270,"texture":"#1","tintindex":0},"south":{"uv":[0.0,0.0,0.0,0.5625],"rotation":270,"texture":"#1","tintindex":0},"north":{"uv":[0.0,0.0,0.0,0.5625],"rotation":90,"texture":"#1","tintindex":0},"west":{"uv":[0.0,1.125,0.0,0.0],"rotation":270,"texture":"#1","tintindex":0},"up":{"uv":[0.5625,7.0625,1.6875,7.625],"rotation":270,"texture":"#1","tintindex":0},"down":{"uv":[1.6875,7.3125,2.8125,7.875],"rotation":270,"texture":"#1","tintindex":0}}}],"display":{"head":{"translation":[0.0,-6.4,0.0],"scale":[4.0,4.0,4.0]}}}