{"textures":{"1":"modelengine:entity/horse"},"elements":[{"from":[8.0,5.41442,7.9918046],"to":[8.0,10.351563,17.043234],"rotation":{"angle":0.0,"axis":"y","origin":[8.0,12.29851,7.6953564]},"faces":{"east":{"uv":[0.5625,7.625,1.5625,8.1875],"rotation":0,"texture":"#1","tintindex":0},"south":{"uv":[0.0,0.0,0.0,0.5625],"rotation":0,"texture":"#1","tintindex":0},"north":{"uv":[0.0,0.0,0.0,0.5625],"rotation":0,"texture":"#1","tintindex":0},"west":{"uv":[7.625,0.5625,8.625,1.125],"rotation":0,"texture":"#1","tintindex":0},"up":{"uv":[0.0,1.0,0.0,0.0],"rotation":0,"texture":"#1","tintindex":0},"down":{"uv":[0.0,0.0,0.0,1.0],"rotation":0,"texture":"#1","tintindex":0}}},{"from":[5.5314283,8.08,7.9918046],"to":[10.468572,8.08,17.043234],"rotation":{"angle":0.0,"axis":"y","origin":[-28.41552,-21.920002,7.6953564]},"faces":{"east":{"uv":[0.0,0.0,0.0,1.0],"rotation":270,"texture":"#1","tintindex":0},"south":{"uv":[0.0,0.0,0.0,0.5625],"rotation":270,"texture":"#1","tintindex":0},"north":{"uv":[0.0,0.0,0.0,0.5625],"rotation":90,"texture":"#1","tintindex":0},"west":{"uv":[0.0,1.0,0.0,0.0],"rotation":270,"texture":"#1","tintindex":0},"up":{"uv":[0.5625,7.625,1.5625,8.1875],"rotation":270,"texture":"#1","tintindex":0},"down":{"uv":[7.625,0.5625,8.625,1.125],"rotation":270,"texture":"#1","tintindex":0}}}],"display":{"head":{"translation":[0.0,-6.4,0.0],"scale":[4.0,4.0,4.0]}}}