{"textures":{"0":"modelengine:entity/texture"},"elements":[{"from":[4.5714283,6.857143,8.0],"to":[11.428572,9.142858,8.0],"rotation":{"angle":0.0,"axis":"y","origin":[6.857143,6.857143,9.142858]},"faces":{"east":{"uv":[11.25,2.875,11.25,3.125],"rotation":0,"texture":"#0","tintindex":0},"south":{"uv":[12.0,2.875,12.75,3.125],"rotation":0,"texture":"#0","tintindex":0},"north":{"uv":[11.25,2.875,12.0,3.125],"rotation":0,"texture":"#0","tintindex":0},"west":{"uv":[12.0,2.875,12.0,3.125],"rotation":0,"texture":"#0","tintindex":0},"up":{"uv":[12.0,2.875,11.25,2.875],"rotation":0,"texture":"#0","tintindex":0},"down":{"uv":[12.75,2.875,12.0,2.875],"rotation":0,"texture":"#0","tintindex":0}}}],"display":{"head":{"translation":[0.0,-6.4,0.0],"scale":[4.0,4.0,4.0]}}}