{"textures":{"0":"modelengine:entity/texture"},"elements":[{"from":[0.0,-4.5714293,7.428571],"to":[16.0,20.57143,8.571428],"rotation":{"angle":0.0,"axis":"y","origin":[14.23375,0.26881218,5.485714]},"faces":{"east":{"uv":[0.0,6.5,0.125,9.25],"rotation":0,"texture":"#0","tintindex":0},"south":{"uv":[2.0,6.5,3.75,9.25],"rotation":0,"texture":"#0","tintindex":0},"north":{"uv":[0.125,6.5,1.875,9.25],"rotation":0,"texture":"#0","tintindex":0},"west":{"uv":[1.875,6.5,2.0,9.25],"rotation":0,"texture":"#0","tintindex":0},"up":{"uv":[1.875,6.5,0.125,6.375],"rotation":0,"texture":"#0","tintindex":0},"down":{"uv":[3.625,6.375,1.875,6.5],"rotation":0,"texture":"#0","tintindex":0}}}],"display":{"head":{"translation":[0.0,-6.4,0.0],"scale":[4.0,4.0,4.0]}}}