{"textures":{"0":"modelengine:entity/texture"},"elements":[{"from":[4.5714283,6.857143,8.0],"to":[11.428572,9.142858,8.0],"rotation":{"angle":0.0,"axis":"y","origin":[6.857143,6.857143,9.142858]},"faces":{"east":{"uv":[8.25,10.75,8.25,11.0],"rotation":0,"texture":"#0","tintindex":0},"south":{"uv":[9.0,10.75,9.75,11.0],"rotation":0,"texture":"#0","tintindex":0},"north":{"uv":[8.25,10.75,9.0,11.0],"rotation":0,"texture":"#0","tintindex":0},"west":{"uv":[9.0,10.75,9.0,11.0],"rotation":0,"texture":"#0","tintindex":0},"up":{"uv":[9.0,10.75,8.25,10.75],"rotation":0,"texture":"#0","tintindex":0},"down":{"uv":[9.75,10.75,9.0,10.75],"rotation":0,"texture":"#0","tintindex":0}}}],"display":{"head":{"translation":[0.0,-6.4,0.0],"scale":[4.0,4.0,4.0]}}}