{"textures":{"0":"modelengine:entity/dopel"},"elements":[{"from":[5.8285713,8.0,5.714286],"to":[10.171429,8.0,8.571428],"rotation":{"angle":0.0,"axis":"y","origin":[8.0,8.0,8.0]},"faces":{"east":{"uv":[2.375,6.5,3.0,6.5],"rotation":0,"texture":"#0","tintindex":0},"south":{"uv":[4.5,6.5,5.375,6.5],"rotation":0,"texture":"#0","tintindex":0},"north":{"uv":[3.0,6.5,3.875,6.5],"rotation":0,"texture":"#0","tintindex":0},"west":{"uv":[3.875,6.5,4.5,6.5],"rotation":0,"texture":"#0","tintindex":0},"up":{"uv":[3.875,6.5,3.0,5.875],"rotation":0,"texture":"#0","tintindex":0},"down":{"uv":[4.75,5.875,3.875,6.5],"rotation":0,"texture":"#0","tintindex":0}}}],"display":{"head":{"translation":[0.0,-6.4,0.0],"scale":[4.0,4.0,4.0]}}}