{"textures":{"0":"modelengine:entity/dopel"},"elements":[{"from":[8.0,6.2285714,8.4],"to":[8.0,9.771429,9.142858],"rotation":{"angle":0.0,"axis":"y","origin":[8.0,8.0,8.0]},"faces":{"east":{"uv":[6.25,10.875,6.375,11.625],"rotation":0,"texture":"#0","tintindex":0},"south":{"uv":[6.5,10.875,6.5,11.625],"rotation":0,"texture":"#0","tintindex":0},"north":{"uv":[6.375,10.875,6.375,11.625],"rotation":0,"texture":"#0","tintindex":0},"west":{"uv":[6.375,10.875,6.5,11.625],"rotation":0,"texture":"#0","tintindex":0},"up":{"uv":[6.375,10.875,6.375,10.75],"rotation":0,"texture":"#0","tintindex":0},"down":{"uv":[6.375,10.75,6.375,10.875],"rotation":0,"texture":"#0","tintindex":0}}}],"display":{"head":{"translation":[0.0,-6.4,0.0],"scale":[4.0,4.0,4.0]}}}