{"textures":{"0":"modelengine:entity/dopel"},"elements":[{"from":[5.714286,6.2285714,6.857143],"to":[10.285714,9.771429,9.142858],"rotation":{"angle":0.0,"axis":"y","origin":[8.0,8.0,8.0]},"faces":{"east":{"uv":[1.5,8.375,2.0,9.125],"rotation":0,"texture":"#0","tintindex":0},"south":{"uv":[3.5,8.375,4.5,9.125],"rotation":0,"texture":"#0","tintindex":0},"north":{"uv":[2.0,8.375,3.0,9.125],"rotation":0,"texture":"#0","tintindex":0},"west":{"uv":[3.0,8.375,3.5,9.125],"rotation":0,"texture":"#0","tintindex":0},"up":{"uv":[3.0,8.375,2.0,7.875],"rotation":0,"texture":"#0","tintindex":0},"down":{"uv":[4.0,7.875,3.0,8.375],"rotation":0,"texture":"#0","tintindex":0}}}],"display":{"head":{"translation":[0.0,-6.4,0.0],"scale":[4.0,4.0,4.0]}}}