{"textures":{"0":"modelengine:entity/dopel"},"elements":[{"from":[5.428571,6.6857142,8.0],"to":[10.571428,9.314285,8.0],"rotation":{"angle":0.0,"axis":"y","origin":[8.0,8.0,8.0]},"faces":{"east":{"uv":[9.375,0.5,9.375,1.0],"rotation":0,"texture":"#0","tintindex":0},"south":{"uv":[10.5,0.5,11.625,1.0],"rotation":0,"texture":"#0","tintindex":0},"north":{"uv":[9.375,0.5,10.5,1.0],"rotation":0,"texture":"#0","tintindex":0},"west":{"uv":[10.5,0.5,10.5,1.0],"rotation":0,"texture":"#0","tintindex":0},"up":{"uv":[10.5,0.5,9.375,0.5],"rotation":0,"texture":"#0","tintindex":0},"down":{"uv":[11.625,0.5,10.5,0.5],"rotation":0,"texture":"#0","tintindex":0}}}],"display":{"head":{"translation":[0.0,-6.4,0.0],"scale":[4.0,4.0,4.0]}}}