{"textures":{"0":"modelengine:entity/dopel"},"elements":[{"from":[8.0,7.714286,6.5714283],"to":[8.0,8.285714,9.428572],"rotation":{"angle":0.0,"axis":"y","origin":[8.0,8.0,8.0]},"faces":{"east":{"uv":[0.0,1.5,0.625,1.625],"rotation":0,"texture":"#0","tintindex":0},"south":{"uv":[1.25,1.5,1.25,1.625],"rotation":0,"texture":"#0","tintindex":0},"north":{"uv":[0.625,1.5,0.625,1.625],"rotation":0,"texture":"#0","tintindex":0},"west":{"uv":[0.625,1.5,1.25,1.625],"rotation":0,"texture":"#0","tintindex":0},"up":{"uv":[0.625,1.5,0.625,0.875],"rotation":0,"texture":"#0","tintindex":0},"down":{"uv":[0.625,0.875,0.625,1.5],"rotation":0,"texture":"#0","tintindex":0}}}],"display":{"head":{"translation":[0.0,-6.4,0.0],"scale":[4.0,4.0,4.0]}}}