{"textures":{"0":"modelengine:entity/dopel"},"elements":[{"from":[5.415873,8.009143,5.592079],"to":[7.701587,10.294857,7.8777933],"rotation":{"angle":0.0,"axis":"y","origin":[6.55873,9.151999,6.734936]},"faces":{"east":{"uv":[9.0,10.5,9.5,11.0],"rotation":0,"texture":"#0","tintindex":0},"south":{"uv":[10.5,10.5,11.0,11.0],"rotation":0,"texture":"#0","tintindex":0},"north":{"uv":[9.5,10.5,10.0,11.0],"rotation":0,"texture":"#0","tintindex":0},"west":{"uv":[10.0,10.5,10.5,11.0],"rotation":0,"texture":"#0","tintindex":0},"up":{"uv":[10.0,10.5,9.5,10.0],"rotation":0,"texture":"#0","tintindex":0},"down":{"uv":[10.5,10.0,10.0,10.5],"rotation":0,"texture":"#0","tintindex":0}}},{"from":[7.75873,8.009143,5.592079],"to":[10.044445,10.294857,7.8777933],"rotation":{"angle":0.0,"axis":"y","origin":[8.9015875,9.151999,6.734936]},"faces":{"east":{"uv":[10.0,7.625,10.5,8.125],"rotation":0,"texture":"#0","tintindex":0},"south":{"uv":[11.5,7.625,12.0,8.125],"rotation":0,"texture":"#0","tintindex":0},"north":{"uv":[10.5,7.625,11.0,8.125],"rotation":0,"texture":"#0","tintindex":0},"west":{"uv":[11.0,7.625,11.5,8.125],"rotation":0,"texture":"#0","tintindex":0},"up":{"uv":[11.0,7.625,10.5,7.125],"rotation":0,"texture":"#0","tintindex":0},"down":{"uv":[11.5,7.125,11.0,7.625],"rotation":0,"texture":"#0","tintindex":0}}}],"display":{"head":{"translation":[0.0,-6.4,0.0],"scale":[4.0,4.0,4.0]}}}