{"textures":{"0":"modelengine:entity/chaos"},"elements":[{"from":[7.428571,7.428571,7.428571],"to":[8.571428,9.6,8.571428],"rotation":{"angle":0.0,"axis":"y","origin":[7.885714,6.342857,5.714286]},"faces":{"east":{"uv":[8.25,8.5,8.5,8.875],"rotation":0,"texture":"#0","tintindex":0},"south":{"uv":[9.0,8.5,9.25,8.875],"rotation":0,"texture":"#0","tintindex":0},"north":{"uv":[8.5,8.5,8.75,8.875],"rotation":0,"texture":"#0","tintindex":0},"west":{"uv":[8.75,8.5,9.0,8.875],"rotation":0,"texture":"#0","tintindex":0},"up":{"uv":[8.75,8.5,8.5,8.25],"rotation":0,"texture":"#0","tintindex":0},"down":{"uv":[9.0,8.25,8.75,8.5],"rotation":0,"texture":"#0","tintindex":0}}},{"from":[4.9142857,7.428571,7.428571],"to":[6.0571427,9.6,8.571428],"rotation":{"angle":0.0,"axis":"y","origin":[7.885714,6.342857,5.714286]},"faces":{"east":{"uv":[4.75,8.5,5.0,8.875],"rotation":0,"texture":"#0","tintindex":0},"south":{"uv":[5.5,8.5,5.75,8.875],"rotation":0,"texture":"#0","tintindex":0},"north":{"uv":[5.0,8.5,5.25,8.875],"rotation":0,"texture":"#0","tintindex":0},"west":{"uv":[5.25,8.5,5.5,8.875],"rotation":0,"texture":"#0","tintindex":0},"up":{"uv":[5.25,8.5,5.0,8.25],"rotation":0,"texture":"#0","tintindex":0},"down":{"uv":[5.5,8.25,5.25,8.5],"rotation":0,"texture":"#0","tintindex":0}}}],"display":{"head":{"translation":[0.0,-6.4,0.0],"scale":[4.0,4.0,4.0]}}}