{"textures":{"0":"modelengine:entity/chaos"},"elements":[{"from":[6.857143,5.428571,6.857143],"to":[9.142858,10.571428,9.142858],"rotation":{"angle":0.0,"axis":"y","origin":[8.0,8.0,8.0]},"faces":{"east":{"uv":[6.25,1.0,6.75,2.125],"rotation":0,"texture":"#0","tintindex":0},"south":{"uv":[7.75,1.0,8.25,2.125],"rotation":0,"texture":"#0","tintindex":0},"north":{"uv":[6.75,1.0,7.25,2.125],"rotation":0,"texture":"#0","tintindex":0},"west":{"uv":[7.25,1.0,7.75,2.125],"rotation":0,"texture":"#0","tintindex":0},"up":{"uv":[7.25,1.0,6.75,0.5],"rotation":0,"texture":"#0","tintindex":0},"down":{"uv":[7.75,0.5,7.25,1.0],"rotation":0,"texture":"#0","tintindex":0}}}],"display":{"head":{"translation":[0.0,-6.4,0.0],"scale":[4.0,4.0,4.0]}}}