{"textures":{"0":"modelengine:entity/chaos"},"elements":[{"from":[5.028571,7.4857144,6.742857],"to":[6.1142855,8.514286,10.4],"rotation":{"angle":0.0,"axis":"y","origin":[4.685714,9.257143,5.3714285]},"faces":{"east":{"uv":[4.25,3.5,5.0,3.625],"rotation":0,"texture":"#0","tintindex":0},"south":{"uv":[5.875,3.5,6.0,3.625],"rotation":0,"texture":"#0","tintindex":0},"north":{"uv":[5.0,3.5,5.125,3.625],"rotation":0,"texture":"#0","tintindex":0},"west":{"uv":[5.125,3.5,5.875,3.625],"rotation":0,"texture":"#0","tintindex":0},"up":{"uv":[5.125,3.5,5.0,2.75],"rotation":0,"texture":"#0","tintindex":0},"down":{"uv":[5.25,2.75,5.125,3.5],"rotation":0,"texture":"#0","tintindex":0}}}],"display":{"head":{"translation":[0.0,-6.4,0.0],"scale":[4.0,4.0,4.0]}}}