{"textures":{"0":"modelengine:entity/chaos"},"elements":[{"from":[7.428571,6.857143,7.428571],"to":[8.571428,8.571428,8.571428],"rotation":{"angle":0.0,"axis":"y","origin":[9.085714,1.6571422,6.1714287]},"faces":{"east":{"uv":[3.75,8.5,4.0,8.875],"rotation":0,"texture":"#0","tintindex":0},"south":{"uv":[4.5,8.5,4.75,8.875],"rotation":0,"texture":"#0","tintindex":0},"north":{"uv":[4.0,8.5,4.25,8.875],"rotation":0,"texture":"#0","tintindex":0},"west":{"uv":[4.25,8.5,4.5,8.875],"rotation":0,"texture":"#0","tintindex":0},"up":{"uv":[4.25,8.5,4.0,8.25],"rotation":0,"texture":"#0","tintindex":0},"down":{"uv":[4.5,8.25,4.25,8.5],"rotation":0,"texture":"#0","tintindex":0}}},{"from":[7.714286,8.0,7.7714286],"to":[8.285714,10.285714,8.342857],"rotation":{"angle":0.0,"axis":"y","origin":[11.142858,8.0,8.0]},"faces":{"east":{"uv":[3.25,1.375,3.375,1.875],"rotation":0,"texture":"#0","tintindex":0},"south":{"uv":[3.625,1.375,3.75,1.875],"rotation":0,"texture":"#0","tintindex":0},"north":{"uv":[3.375,1.375,3.5,1.875],"rotation":0,"texture":"#0","tintindex":0},"west":{"uv":[3.5,1.375,3.625,1.875],"rotation":0,"texture":"#0","tintindex":0},"up":{"uv":[3.5,1.375,3.375,1.25],"rotation":0,"texture":"#0","tintindex":0},"down":{"uv":[3.625,1.25,3.5,1.375],"rotation":0,"texture":"#0","tintindex":0}}}],"display":{"head":{"translation":[0.0,-6.4,0.0],"scale":[4.0,4.0,4.0]}}}