{"textures":{"0":"modelengine:entity/chaos"},"elements":[{"from":[6.857143,5.428571,6.857143],"to":[9.142858,10.571428,9.142858],"rotation":{"angle":0.0,"axis":"y","origin":[8.8,9.2,7.428571]},"faces":{"east":{"uv":[6.5,7.375,7.0,8.5],"rotation":0,"texture":"#0","tintindex":0},"south":{"uv":[8.0,7.375,8.5,8.5],"rotation":0,"texture":"#0","tintindex":0},"north":{"uv":[7.0,7.375,7.5,8.5],"rotation":0,"texture":"#0","tintindex":0},"west":{"uv":[7.5,7.375,8.0,8.5],"rotation":0,"texture":"#0","tintindex":0},"up":{"uv":[7.5,7.375,7.0,6.875],"rotation":0,"texture":"#0","tintindex":0},"down":{"uv":[8.0,6.875,7.5,7.375],"rotation":0,"texture":"#0","tintindex":0}}}],"display":{"head":{"translation":[0.0,-6.4,0.0],"scale":[4.0,4.0,4.0]}}}