{"textures":{"0":"modelengine:entity/chaos"},"elements":[{"from":[6.9714284,6.8,7.428571],"to":[9.257143,9.657143,8.571428],"rotation":{"angle":0.0,"axis":"y","origin":[8.0,8.0,8.0]},"faces":{"east":{"uv":[4.125,7.625,4.375,8.25],"rotation":0,"texture":"#0","tintindex":0},"south":{"uv":[5.125,7.625,5.625,8.25],"rotation":0,"texture":"#0","tintindex":0},"north":{"uv":[4.375,7.625,4.875,8.25],"rotation":0,"texture":"#0","tintindex":0},"west":{"uv":[4.875,7.625,5.125,8.25],"rotation":0,"texture":"#0","tintindex":0},"up":{"uv":[4.875,7.625,4.375,7.375],"rotation":0,"texture":"#0","tintindex":0},"down":{"uv":[5.375,7.375,4.875,7.625],"rotation":0,"texture":"#0","tintindex":0}}}],"display":{"head":{"translation":[0.0,-6.4,0.0],"scale":[4.0,4.0,4.0]}}}