{"textures":{"0":"modelengine:entity/chaos"},"elements":[{"from":[7.428571,6.857143,7.428571],"to":[8.571428,8.571428,8.571428],"rotation":{"angle":0.0,"axis":"y","origin":[9.085714,1.6571422,6.1714287]},"faces":{"east":{"uv":[8.25,1.25,8.5,1.625],"rotation":0,"texture":"#0","tintindex":0},"south":{"uv":[9.0,1.25,9.25,1.625],"rotation":0,"texture":"#0","tintindex":0},"north":{"uv":[8.5,1.25,8.75,1.625],"rotation":0,"texture":"#0","tintindex":0},"west":{"uv":[8.75,1.25,9.0,1.625],"rotation":0,"texture":"#0","tintindex":0},"up":{"uv":[8.75,1.25,8.5,1.0],"rotation":0,"texture":"#0","tintindex":0},"down":{"uv":[9.0,1.0,8.75,1.25],"rotation":0,"texture":"#0","tintindex":0}}},{"from":[7.7714286,8.0,7.7714286],"to":[8.342857,10.285714,8.342857],"rotation":{"angle":0.0,"axis":"y","origin":[8.0,8.0,8.0]},"faces":{"east":{"uv":[0.0,4.25,0.125,4.75],"rotation":0,"texture":"#0","tintindex":0},"south":{"uv":[0.375,4.25,0.5,4.75],"rotation":0,"texture":"#0","tintindex":0},"north":{"uv":[0.125,4.25,0.25,4.75],"rotation":0,"texture":"#0","tintindex":0},"west":{"uv":[0.25,4.25,0.375,4.75],"rotation":0,"texture":"#0","tintindex":0},"up":{"uv":[0.25,4.25,0.125,4.125],"rotation":0,"texture":"#0","tintindex":0},"down":{"uv":[0.375,4.125,0.25,4.25],"rotation":0,"texture":"#0","tintindex":0}}}],"display":{"head":{"translation":[0.0,-6.4,0.0],"scale":[4.0,4.0,4.0]}}}