{"textures":{"0":"modelengine:entity/chaos"},"elements":[{"from":[8.0,5.885714,9.714286],"to":[9.714286,7.6,10.285714],"rotation":{"angle":0.0,"axis":"y","origin":[8.0,8.0,8.0]},"faces":{"east":{"uv":[8.5,1.75,8.625,2.125],"rotation":0,"texture":"#0","tintindex":0},"south":{"uv":[9.125,1.75,9.5,2.125],"rotation":0,"texture":"#0","tintindex":0},"north":{"uv":[8.625,1.75,9.0,2.125],"rotation":0,"texture":"#0","tintindex":0},"west":{"uv":[9.0,1.75,9.125,2.125],"rotation":0,"texture":"#0","tintindex":0},"up":{"uv":[9.0,1.75,8.625,1.625],"rotation":0,"texture":"#0","tintindex":0},"down":{"uv":[9.375,1.625,9.0,1.75],"rotation":0,"texture":"#0","tintindex":0}}}],"display":{"head":{"translation":[0.0,-6.4,0.0],"scale":[4.0,4.0,4.0]}}}