{"textures":{"0":"modelengine:entity/reaper"},"elements":[{"from":[6.813143,9.416351,19.970005],"to":[9.952572,9.416351,25.330004],"rotation":{"angle":-22.5,"axis":"x","origin":[6.787619,9.416351,23.670956]},"faces":{"east":{"uv":[0.0,0.0,0.5625,0.0],"rotation":0,"texture":"#0","tintindex":0},"south":{"uv":[0.0,0.0,0.3125,0.0],"rotation":0,"texture":"#0","tintindex":0},"north":{"uv":[0.0,0.0,0.3125,0.0],"rotation":0,"texture":"#0","tintindex":0},"west":{"uv":[0.0,0.0,0.5625,0.0],"rotation":0,"texture":"#0","tintindex":0},"up":{"uv":[6.0625,6.3125,5.75,5.75],"rotation":0,"texture":"#0","tintindex":0},"down":{"uv":[4.6875,5.8125,4.375,6.375],"rotation":0,"texture":"#0","tintindex":0}}},{"from":[7.3874283,9.416351,25.330004],"to":[8.995429,9.416351,27.627148],"rotation":{"angle":-22.5,"axis":"x","origin":[6.787619,9.416351,23.670956]},"faces":{"east":{"uv":[0.0,0.0,0.25,0.0],"rotation":0,"texture":"#0","tintindex":0},"south":{"uv":[0.0,0.0,0.1875,0.0],"rotation":0,"texture":"#0","tintindex":0},"north":{"uv":[0.0,0.0,0.1875,0.0],"rotation":0,"texture":"#0","tintindex":0},"west":{"uv":[0.0,0.0,0.25,0.0],"rotation":0,"texture":"#0","tintindex":0},"up":{"uv":[7.4375,3.0625,7.25,2.8125],"rotation":0,"texture":"#0","tintindex":0},"down":{"uv":[7.4375,3.0625,7.25,3.3125],"rotation":0,"texture":"#0","tintindex":0}}},{"from":[6.0474286,9.416351,19.970005],"to":[6.8897142,9.416351,23.798576],"rotation":{"angle":-22.5,"axis":"x","origin":[6.787619,9.416351,23.670956]},"faces":{"east":{"uv":[0.0,0.0,0.4375,0.0],"rotation":0,"texture":"#0","tintindex":0},"south":{"uv":[0.0,0.0,0.0625,0.0],"rotation":0,"texture":"#0","tintindex":0},"north":{"uv":[0.0,0.0,0.0625,0.0],"rotation":0,"texture":"#0","tintindex":0},"west":{"uv":[0.0,0.0,0.4375,0.0],"rotation":0,"texture":"#0","tintindex":0},"up":{"uv":[2.875,8.0,2.8125,7.5625],"rotation":0,"texture":"#0","tintindex":0},"down":{"uv":[2.9375,7.5625,2.875,8.0],"rotation":0,"texture":"#0","tintindex":0}}},{"from":[5.2817144,8.0,8.0],"to":[10.718286,8.0,20.25143],"rotation":{"angle":0.0,"axis":"y","origin":[8.0,8.0,8.0]},"faces":{"east":{"uv":[0.0,0.0,1.3125,0.0],"rotation":0,"texture":"#0","tintindex":0},"south":{"uv":[0.0,0.0,0.625,0.0],"rotation":0,"texture":"#0","tintindex":0},"north":{"uv":[0.0,0.0,0.625,0.0],"rotation":0,"texture":"#0","tintindex":0},"west":{"uv":[0.0,0.0,1.3125,0.0],"rotation":0,"texture":"#0","tintindex":0},"up":{"uv":[4.3125,4.8125,3.6875,3.5],"rotation":0,"texture":"#0","tintindex":0},"down":{"uv":[4.9375,0.0,4.3125,1.3125],"rotation":0,"texture":"#0","tintindex":0}}}],"display":{"head":{"translation":[0.0,-6.4,0.0],"scale":[4.0,4.0,4.0]}}}