{"textures":{"0":"modelengine:entity/reaper"},"elements":[{"from":[12.296028,7.187837,4.6962814],"to":[14.59317,7.187837,23.073425],"rotation":{"angle":-45.0,"axis":"z","origin":[13.444599,7.187837,13.884853]},"faces":{"east":{"uv":[0.0,0.0,2.0,0.0],"rotation":0,"texture":"#0","tintindex":0},"south":{"uv":[0.0,0.0,0.25,0.0],"rotation":0,"texture":"#0","tintindex":0},"north":{"uv":[0.0,0.0,0.25,0.0],"rotation":0,"texture":"#0","tintindex":0},"west":{"uv":[0.0,0.0,2.0,0.0],"rotation":0,"texture":"#0","tintindex":0},"up":{"uv":[3.1875,6.5,2.9375,4.5],"rotation":0,"texture":"#0","tintindex":0},"down":{"uv":[3.4375,4.5,3.1875,6.5],"rotation":0,"texture":"#0","tintindex":0}}},{"from":[3.367293,9.318676,25.108572],"to":[12.632437,9.318676,27.405714],"rotation":{"angle":-22.5,"axis":"x","origin":[7.9998646,9.318676,28.554287]},"faces":{"east":{"uv":[0.0,0.0,0.25,0.0],"rotation":0,"texture":"#0","tintindex":0},"south":{"uv":[0.0,0.0,1.0,0.0],"rotation":0,"texture":"#0","tintindex":0},"north":{"uv":[0.0,0.0,1.0,0.0],"rotation":0,"texture":"#0","tintindex":0},"west":{"uv":[0.0,0.0,0.25,0.0],"rotation":0,"texture":"#0","tintindex":0},"up":{"uv":[6.3125,4.1875,5.3125,3.9375],"rotation":0,"texture":"#0","tintindex":0},"down":{"uv":[6.4375,5.5,5.4375,5.75],"rotation":0,"texture":"#0","tintindex":0}}},{"from":[4.8987217,9.318676,27.405714],"to":[11.101007,9.318676,29.702856],"rotation":{"angle":-22.5,"axis":"x","origin":[7.9998646,9.318676,28.554287]},"faces":{"east":{"uv":[0.0,0.0,0.25,0.0],"rotation":0,"texture":"#0","tintindex":0},"south":{"uv":[0.0,0.0,0.6875,0.0],"rotation":0,"texture":"#0","tintindex":0},"north":{"uv":[0.0,0.0,0.6875,0.0],"rotation":0,"texture":"#0","tintindex":0},"west":{"uv":[0.0,0.0,0.25,0.0],"rotation":0,"texture":"#0","tintindex":0},"up":{"uv":[6.5625,0.25,5.875,0.0],"rotation":0,"texture":"#0","tintindex":0},"down":{"uv":[6.5625,0.25,5.875,0.5],"rotation":0,"texture":"#0","tintindex":0}}},{"from":[6.43015,9.318676,29.702856],"to":[9.569579,9.318676,32.0],"rotation":{"angle":-22.5,"axis":"x","origin":[7.9998646,9.318676,28.554287]},"faces":{"east":{"uv":[0.0,0.0,0.25,0.0],"rotation":0,"texture":"#0","tintindex":0},"south":{"uv":[0.0,0.0,0.3125,0.0],"rotation":0,"texture":"#0","tintindex":0},"north":{"uv":[0.0,0.0,0.3125,0.0],"rotation":0,"texture":"#0","tintindex":0},"west":{"uv":[0.0,0.0,0.25,0.0],"rotation":0,"texture":"#0","tintindex":0},"up":{"uv":[7.125,0.25,6.8125,0.0],"rotation":0,"texture":"#0","tintindex":0},"down":{"uv":[7.125,5.5625,6.8125,5.8125],"rotation":0,"texture":"#0","tintindex":0}}},{"from":[1.4071002,7.187296,4.6962814],"to":[3.7042432,7.187296,23.073425],"rotation":{"angle":45.0,"axis":"z","origin":[2.5556722,7.187296,13.884853]},"faces":{"east":{"uv":[0.0,0.0,2.0,0.0],"rotation":0,"texture":"#0","tintindex":0},"south":{"uv":[0.0,0.0,0.25,0.0],"rotation":0,"texture":"#0","tintindex":0},"north":{"uv":[0.0,0.0,0.25,0.0],"rotation":0,"texture":"#0","tintindex":0},"west":{"uv":[0.0,0.0,2.0,0.0],"rotation":0,"texture":"#0","tintindex":0},"up":{"uv":[4.5625,5.6875,4.3125,3.6875],"rotation":0,"texture":"#0","tintindex":0},"down":{"uv":[2.9375,4.5,2.6875,6.5],"rotation":0,"texture":"#0","tintindex":0}}},{"from":[3.367293,8.0,4.6962814],"to":[12.632437,8.0,25.370567],"rotation":{"angle":0.0,"axis":"y","origin":[8.382722,8.0,4.6962814]},"faces":{"east":{"uv":[0.0,0.0,2.25,0.0],"rotation":0,"texture":"#0","tintindex":0},"south":{"uv":[0.0,0.0,1.0,0.0],"rotation":0,"texture":"#0","tintindex":0},"north":{"uv":[0.0,0.0,1.0,0.0],"rotation":0,"texture":"#0","tintindex":0},"west":{"uv":[0.0,0.0,2.25,0.0],"rotation":0,"texture":"#0","tintindex":0},"up":{"uv":[3.6875,2.25,2.6875,0.0],"rotation":0,"texture":"#0","tintindex":0},"down":{"uv":[3.6875,2.25,2.6875,4.5],"rotation":0,"texture":"#0","tintindex":0}}}],"display":{"head":{"translation":[0.0,-6.4,13.214874],"scale":[4.0,4.0,4.0]}}}