{"textures":{"0":"modelengine:entity/reaper"},"elements":[{"from":[-4.1942863,-3.5257149,8.0],"to":[20.194286,19.525715,8.0],"rotation":{"angle":0.0,"axis":"y","origin":[8.0,8.0,8.0]},"faces":{"east":{"uv":[0.0,0.0,0.0,2.5],"rotation":0,"texture":"#0","tintindex":0},"south":{"uv":[0.0,0.0,2.6875,2.5],"rotation":0,"texture":"#0","tintindex":0},"north":{"uv":[2.6875,0.0,0.0,2.5],"rotation":0,"texture":"#0","tintindex":0},"west":{"uv":[0.0,0.0,0.0,2.5],"rotation":0,"texture":"#0","tintindex":0},"up":{"uv":[2.6875,0.0,0.0,0.0],"rotation":0,"texture":"#0","tintindex":0},"down":{"uv":[2.6875,0.0,0.0,0.0],"rotation":0,"texture":"#0","tintindex":0}}}],"display":{"head":{"translation":[0.0,-6.4,0.0],"scale":[4.0,4.0,4.0]}}}