{"textures":{"0":"modelengine:entity/texture"},"elements":[{"from":[6.857143,5.714286,6.857143],"to":[9.142858,10.285714,9.142858],"rotation":{"angle":0.0,"axis":"y","origin":[8.0,8.0,8.0]},"faces":{"east":{"uv":[11.5,11.875,11.75,12.375],"rotation":0,"texture":"#0","tintindex":0},"south":{"uv":[12.25,11.875,12.5,12.375],"rotation":0,"texture":"#0","tintindex":0},"north":{"uv":[11.75,11.875,12.0,12.375],"rotation":0,"texture":"#0","tintindex":0},"west":{"uv":[12.0,11.875,12.25,12.375],"rotation":0,"texture":"#0","tintindex":0},"up":{"uv":[12.0,11.875,11.75,11.625],"rotation":0,"texture":"#0","tintindex":0},"down":{"uv":[12.25,11.625,12.0,11.875],"rotation":0,"texture":"#0","tintindex":0}}}],"display":{"head":{"translation":[0.0,-6.4,0.0],"scale":[4.0,4.0,4.0]}}}