{"textures":{"0":"modelengine:entity/texture"},"elements":[{"from":[4.5714283,4.5714283,7.428571],"to":[11.428572,11.428572,8.571428],"rotation":{"angle":0.0,"axis":"y","origin":[-0.94130325,11.5739,5.485714]},"faces":{"east":{"uv":[10.875,1.5,11.0,2.25],"rotation":0,"texture":"#0","tintindex":0},"south":{"uv":[11.875,1.5,12.625,2.25],"rotation":0,"texture":"#0","tintindex":0},"north":{"uv":[11.0,1.5,11.75,2.25],"rotation":0,"texture":"#0","tintindex":0},"west":{"uv":[11.75,1.5,11.875,2.25],"rotation":0,"texture":"#0","tintindex":0},"up":{"uv":[11.75,1.5,11.0,1.375],"rotation":0,"texture":"#0","tintindex":0},"down":{"uv":[12.5,1.375,11.75,1.5],"rotation":0,"texture":"#0","tintindex":0}}}],"display":{"head":{"translation":[0.0,-6.4,0.0],"scale":[4.0,4.0,4.0]}}}