{"textures":{"0":"modelengine:entity/texture"},"elements":[{"from":[4.5714283,6.857143,8.0],"to":[11.428572,9.142858,8.0],"rotation":{"angle":0.0,"axis":"y","origin":[5.714286,6.857143,9.142858]},"faces":{"east":{"uv":[3.75,6.375,3.75,6.625],"rotation":0,"texture":"#0","tintindex":0},"south":{"uv":[4.5,6.375,5.25,6.625],"rotation":0,"texture":"#0","tintindex":0},"north":{"uv":[3.75,6.375,4.5,6.625],"rotation":0,"texture":"#0","tintindex":0},"west":{"uv":[4.5,6.375,4.5,6.625],"rotation":0,"texture":"#0","tintindex":0},"up":{"uv":[4.5,6.375,3.75,6.375],"rotation":0,"texture":"#0","tintindex":0},"down":{"uv":[5.25,6.375,4.5,6.375],"rotation":0,"texture":"#0","tintindex":0}}}],"display":{"head":{"translation":[0.0,-6.4,0.0],"scale":[4.0,4.0,4.0]}}}