{"textures":{"0":"modelengine:entity/texture"},"elements":[{"from":[4.5714283,4.5714283,7.428571],"to":[11.428572,11.428572,8.571428],"rotation":{"angle":0.0,"axis":"y","origin":[-2.655589,11.9739,5.485714]},"faces":{"east":{"uv":[11.125,5.0,11.25,5.75],"rotation":0,"texture":"#0","tintindex":0},"south":{"uv":[12.125,5.0,12.875,5.75],"rotation":0,"texture":"#0","tintindex":0},"north":{"uv":[11.25,5.0,12.0,5.75],"rotation":0,"texture":"#0","tintindex":0},"west":{"uv":[12.0,5.0,12.125,5.75],"rotation":0,"texture":"#0","tintindex":0},"up":{"uv":[12.0,5.0,11.25,4.875],"rotation":0,"texture":"#0","tintindex":0},"down":{"uv":[12.75,4.875,12.0,5.0],"rotation":0,"texture":"#0","tintindex":0}}}],"display":{"head":{"translation":[0.0,-6.4,0.0],"scale":[4.0,4.0,4.0]}}}