{"textures":{"0":"modelengine:entity/texture"},"elements":[{"from":[6.285714,5.142857,6.285714],"to":[9.714286,10.857143,9.714286],"rotation":{"angle":0.0,"axis":"y","origin":[8.571428,8.571428,8.571428]},"faces":{"east":{"uv":[1.5,11.25,1.875,11.875],"rotation":0,"texture":"#0","tintindex":0},"south":{"uv":[2.625,11.25,3.0,11.875],"rotation":0,"texture":"#0","tintindex":0},"north":{"uv":[1.875,11.25,2.25,11.875],"rotation":0,"texture":"#0","tintindex":0},"west":{"uv":[2.25,11.25,2.625,11.875],"rotation":0,"texture":"#0","tintindex":0},"up":{"uv":[2.25,11.25,1.875,10.875],"rotation":0,"texture":"#0","tintindex":0},"down":{"uv":[2.625,10.875,2.25,11.25],"rotation":0,"texture":"#0","tintindex":0}}}],"display":{"head":{"translation":[0.0,-6.4,0.0],"scale":[4.0,4.0,4.0]}}}