{"textures":{"0":"modelengine:entity/texture"},"elements":[{"from":[5.142857,5.714286,4.5714283],"to":[10.857143,10.285714,11.428572],"rotation":{"angle":0.0,"axis":"y","origin":[8.0,8.0,8.0]},"faces":{"east":{"uv":[8.5,8.0,9.25,8.5],"rotation":0,"texture":"#0","tintindex":0},"south":{"uv":[10.625,8.0,11.25,8.5],"rotation":0,"texture":"#0","tintindex":0},"north":{"uv":[9.25,8.0,9.875,8.5],"rotation":0,"texture":"#0","tintindex":0},"west":{"uv":[9.875,8.0,10.625,8.5],"rotation":0,"texture":"#0","tintindex":0},"up":{"uv":[9.875,8.0,9.25,7.25],"rotation":0,"texture":"#0","tintindex":0},"down":{"uv":[10.5,7.25,9.875,8.0],"rotation":0,"texture":"#0","tintindex":0}}}],"display":{"head":{"translation":[0.0,-6.4,0.0],"scale":[4.0,4.0,4.0]}}}