{"textures":{"0":"modelengine:entity/texture"},"elements":[{"from":[5.142857,4.0,6.285714],"to":[10.857143,12.0,9.714286],"rotation":{"angle":0.0,"axis":"y","origin":[7.428571,-23.959759,9.194821]},"faces":{"east":{"uv":[6.5,9.625,6.875,10.5],"rotation":0,"texture":"#0","tintindex":0},"south":{"uv":[7.875,9.625,8.5,10.5],"rotation":0,"texture":"#0","tintindex":0},"north":{"uv":[6.875,9.625,7.5,10.5],"rotation":0,"texture":"#0","tintindex":0},"west":{"uv":[7.5,9.625,7.875,10.5],"rotation":0,"texture":"#0","tintindex":0},"up":{"uv":[7.5,9.625,6.875,9.25],"rotation":0,"texture":"#0","tintindex":0},"down":{"uv":[8.125,9.25,7.5,9.625],"rotation":0,"texture":"#0","tintindex":0}}}],"display":{"head":{"translation":[0.0,-6.4,0.0],"scale":[4.0,4.0,4.0]}}}