{"textures":{"0":"modelengine:entity/reaper"},"elements":[{"from":[7.234286,6.3429837,7.287221],"to":[8.765715,7.8744125,8.052935],"rotation":{"angle":22.5,"axis":"x","origin":[8.0,7.3001266,8.052935]},"faces":{"east":{"uv":[7.75,7.8125,7.8125,8.0],"rotation":0,"texture":"#0","tintindex":0},"south":{"uv":[7.1875,7.3125,7.375,7.5],"rotation":0,"texture":"#0","tintindex":0},"north":{"uv":[7.3125,7.0625,7.5,7.25],"rotation":0,"texture":"#0","tintindex":0},"west":{"uv":[7.8125,7.8125,7.875,8.0],"rotation":0,"texture":"#0","tintindex":0},"up":{"uv":[8.0,7.75,7.8125,7.6875],"rotation":0,"texture":"#0","tintindex":0},"down":{"uv":[8.0625,0.0,7.875,0.0625],"rotation":0,"texture":"#0","tintindex":0}}},{"from":[7.4257145,7.108698,8.052935],"to":[8.5742855,7.8744125,8.818649],"rotation":{"angle":22.5,"axis":"x","origin":[8.0,7.3001266,8.052935]},"faces":{"east":{"uv":[2.9375,8.1875,3.0,8.25],"rotation":0,"texture":"#0","tintindex":0},"south":{"uv":[8.0,6.3125,8.125,6.375],"rotation":0,"texture":"#0","tintindex":0},"north":{"uv":[8.0,6.25,8.125,6.3125],"rotation":0,"texture":"#0","tintindex":0},"west":{"uv":[8.1875,2.9375,8.25,3.0],"rotation":0,"texture":"#0","tintindex":0},"up":{"uv":[6.5,8.0625,6.375,8.0],"rotation":0,"texture":"#0","tintindex":0},"down":{"uv":[6.625,8.0,6.5,8.0625],"rotation":0,"texture":"#0","tintindex":0}}},{"from":[7.4257145,5.943154,7.744939],"to":[8.5742855,6.708868,8.5106535],"rotation":{"angle":0.0,"axis":"y","origin":[8.0,-13.965418,6.9792247]},"faces":{"east":{"uv":[2.875,8.1875,2.9375,8.25],"rotation":0,"texture":"#0","tintindex":0},"south":{"uv":[8.0,6.125,8.125,6.1875],"rotation":0,"texture":"#0","tintindex":0},"north":{"uv":[6.125,8.0,6.25,8.0625],"rotation":0,"texture":"#0","tintindex":0},"west":{"uv":[8.1875,2.875,8.25,2.9375],"rotation":0,"texture":"#0","tintindex":0},"up":{"uv":[8.125,6.25,8.0,6.1875],"rotation":0,"texture":"#0","tintindex":0},"down":{"uv":[6.375,8.0,6.25,8.0625],"rotation":0,"texture":"#0","tintindex":0}}},{"from":[7.234286,5.1774397,6.9792247],"to":[8.765715,6.708868,7.744939],"rotation":{"angle":0.0,"axis":"y","origin":[8.0,-13.965418,6.9792247]},"faces":{"east":{"uv":[7.625,7.8125,7.6875,8.0],"rotation":0,"texture":"#0","tintindex":0},"south":{"uv":[7.3125,6.875,7.5,7.0625],"rotation":0,"texture":"#0","tintindex":0},"north":{"uv":[7.3125,6.6875,7.5,6.875],"rotation":0,"texture":"#0","tintindex":0},"west":{"uv":[7.6875,7.8125,7.75,8.0],"rotation":0,"texture":"#0","tintindex":0},"up":{"uv":[8.0,7.0,7.8125,6.9375],"rotation":0,"texture":"#0","tintindex":0},"down":{"uv":[8.0,7.25,7.8125,7.3125],"rotation":0,"texture":"#0","tintindex":0}}},{"from":[7.4257145,4.411725,7.744939],"to":[8.5742855,5.1774397,8.5106535],"rotation":{"angle":0.0,"axis":"y","origin":[8.0,-13.965418,6.9792247]},"faces":{"east":{"uv":[2.8125,8.1875,2.875,8.25],"rotation":0,"texture":"#0","tintindex":0},"south":{"uv":[8.0,4.375,8.125,4.4375],"rotation":0,"texture":"#0","tintindex":0},"north":{"uv":[8.0,4.1875,8.125,4.25],"rotation":0,"texture":"#0","tintindex":0},"west":{"uv":[8.1875,2.8125,8.25,2.875],"rotation":0,"texture":"#0","tintindex":0},"up":{"uv":[8.125,5.75,8.0,5.6875],"rotation":0,"texture":"#0","tintindex":0},"down":{"uv":[5.9375,8.0,5.8125,8.0625],"rotation":0,"texture":"#0","tintindex":0}}},{"from":[7.234286,3.6460109,6.9792247],"to":[8.765715,5.1774397,7.744939],"rotation":{"angle":0.0,"axis":"y","origin":[8.0,-13.965418,6.9792247]},"faces":{"east":{"uv":[7.0,7.8125,7.0625,8.0],"rotation":0,"texture":"#0","tintindex":0},"south":{"uv":[7.3125,6.5,7.5,6.6875],"rotation":0,"texture":"#0","tintindex":0},"north":{"uv":[7.3125,5.75,7.5,5.9375],"rotation":0,"texture":"#0","tintindex":0},"west":{"uv":[7.8125,7.5,7.875,7.6875],"rotation":0,"texture":"#0","tintindex":0},"up":{"uv":[7.0625,5.5625,6.875,5.5],"rotation":0,"texture":"#0","tintindex":0},"down":{"uv":[8.0,3.9375,7.8125,4.0],"rotation":0,"texture":"#0","tintindex":0}}},{"from":[7.4257145,2.8802967,7.744939],"to":[8.5742855,3.6460109,8.5106535],"rotation":{"angle":0.0,"axis":"y","origin":[8.0,-13.965418,6.9792247]},"faces":{"east":{"uv":[2.75,8.1875,2.8125,8.25],"rotation":0,"texture":"#0","tintindex":0},"south":{"uv":[8.0,3.1875,8.125,3.25],"rotation":0,"texture":"#0","tintindex":0},"north":{"uv":[7.625,2.5,7.75,2.5625],"rotation":0,"texture":"#0","tintindex":0},"west":{"uv":[8.1875,2.75,8.25,2.8125],"rotation":0,"texture":"#0","tintindex":0},"up":{"uv":[8.125,3.3125,8.0,3.25],"rotation":0,"texture":"#0","tintindex":0},"down":{"uv":[8.125,4.125,8.0,4.1875],"rotation":0,"texture":"#0","tintindex":0}}},{"from":[7.234286,2.1145825,6.9792247],"to":[8.765715,3.6460109,7.744939],"rotation":{"angle":0.0,"axis":"y","origin":[8.0,-13.965418,6.9792247]},"faces":{"east":{"uv":[7.8125,6.75,7.875,6.9375],"rotation":0,"texture":"#0","tintindex":0},"south":{"uv":[7.3125,5.5625,7.5,5.75],"rotation":0,"texture":"#0","tintindex":0},"north":{"uv":[6.25,1.25,6.4375,1.4375],"rotation":0,"texture":"#0","tintindex":0},"west":{"uv":[6.9375,7.8125,7.0,8.0],"rotation":0,"texture":"#0","tintindex":0},"up":{"uv":[6.6875,5.1875,6.5,5.125],"rotation":0,"texture":"#0","tintindex":0},"down":{"uv":[7.0625,3.1875,6.875,3.25],"rotation":0,"texture":"#0","tintindex":0}}},{"from":[7.6171427,1.7438955,8.199449],"to":[8.382857,2.5096102,8.965162],"rotation":{"angle":-22.5,"axis":"x","origin":[7.8085713,1.16961,8.199449]},"faces":{"east":{"uv":[8.1875,2.5625,8.25,2.625],"rotation":0,"texture":"#0","tintindex":0},"south":{"uv":[2.625,8.1875,2.6875,8.25],"rotation":0,"texture":"#0","tintindex":0},"north":{"uv":[2.5625,8.1875,2.625,8.25],"rotation":0,"texture":"#0","tintindex":0},"west":{"uv":[8.1875,2.625,8.25,2.6875],"rotation":0,"texture":"#0","tintindex":0},"up":{"uv":[2.75,8.25,2.6875,8.1875],"rotation":0,"texture":"#0","tintindex":0},"down":{"uv":[8.25,2.6875,8.1875,2.75],"rotation":0,"texture":"#0","tintindex":0}}},{"from":[7.4257145,0.97818136,7.433734],"to":[8.5742855,2.5096102,8.199449],"rotation":{"angle":-22.5,"axis":"x","origin":[7.8085713,1.16961,8.199449]},"faces":{"east":{"uv":[7.0625,3.375,7.125,3.5625],"rotation":0,"texture":"#0","tintindex":0},"south":{"uv":[6.3125,2.9375,6.4375,3.125],"rotation":0,"texture":"#0","tintindex":0},"north":{"uv":[6.0,1.4375,6.125,1.625],"rotation":0,"texture":"#0","tintindex":0},"west":{"uv":[4.3125,7.8125,4.375,8.0],"rotation":0,"texture":"#0","tintindex":0},"up":{"uv":[4.3125,5.6875,4.1875,5.625],"rotation":0,"texture":"#0","tintindex":0},"down":{"uv":[6.8125,5.5625,6.6875,5.625],"rotation":0,"texture":"#0","tintindex":0}}},{"from":[7.8085713,0.64365864,8.5128],"to":[8.191428,1.4093728,9.278515],"rotation":{"angle":-45.0,"axis":"x","origin":[8.191428,0.8350868,8.5128]},"faces":{"east":{"uv":[8.1875,1.1875,8.25,1.25],"rotation":0,"texture":"#0","tintindex":0},"south":{"uv":[8.1875,1.375,8.25,1.4375],"rotation":0,"texture":"#0","tintindex":0},"north":{"uv":[8.1875,0.8125,8.25,0.875],"rotation":0,"texture":"#0","tintindex":0},"west":{"uv":[8.1875,2.0,8.25,2.0625],"rotation":0,"texture":"#0","tintindex":0},"up":{"uv":[8.25,2.25,8.1875,2.1875],"rotation":0,"texture":"#0","tintindex":0},"down":{"uv":[2.5625,8.1875,2.5,8.25],"rotation":0,"texture":"#0","tintindex":0}}},{"from":[7.6171427,-0.12205601,7.7470856],"to":[8.382857,1.4093728,8.5128],"rotation":{"angle":-45.0,"axis":"x","origin":[8.191428,0.8350868,8.5128]},"faces":{"east":{"uv":[6.4375,1.6875,6.5,1.875],"rotation":0,"texture":"#0","tintindex":0},"south":{"uv":[6.4375,4.375,6.5,4.5625],"rotation":0,"texture":"#0","tintindex":0},"north":{"uv":[1.0625,5.6875,1.125,5.875],"rotation":0,"texture":"#0","tintindex":0},"west":{"uv":[7.0,0.9375,7.0625,1.125],"rotation":0,"texture":"#0","tintindex":0},"up":{"uv":[4.9375,6.5625,4.875,6.5],"rotation":0,"texture":"#0","tintindex":0},"down":{"uv":[7.25,2.5625,7.1875,2.625],"rotation":0,"texture":"#0","tintindex":0}}}],"display":{"head":{"translation":[0.0,-6.4,0.0],"scale":[4.0,4.0,4.0]}}}