{"textures":{"0":"modelengine:entity/knight"},"elements":[{"from":[4.1142855,11.885715,5.714286],"to":[11.885715,13.257143,9.828571],"rotation":{"angle":0.0,"axis":"y","origin":[7.7714286,-10.628571,8.0]},"faces":{"east":{"uv":[7.4375,6.5625,7.875,6.6875],"rotation":0,"texture":"#0","tintindex":0},"south":{"uv":[6.125,2.4375,7.0,2.5625],"rotation":0,"texture":"#0","tintindex":0},"north":{"uv":[5.9375,1.5625,6.8125,1.6875],"rotation":0,"texture":"#0","tintindex":0},"west":{"uv":[7.5,5.875,7.9375,6.0],"rotation":0,"texture":"#0","tintindex":0},"up":{"uv":[4.625,1.6875,3.75,1.25],"rotation":0,"texture":"#0","tintindex":0},"down":{"uv":[4.75,2.5625,3.875,3.0],"rotation":0,"texture":"#0","tintindex":0}}},{"from":[4.5714283,13.257143,6.9714284],"to":[5.942857,13.942858,8.685715],"rotation":{"angle":0.0,"axis":"y","origin":[7.7714286,-10.628571,8.0]},"faces":{"east":{"uv":[6.125,2.6875,6.3125,2.75],"rotation":0,"texture":"#0","tintindex":0},"south":{"uv":[4.875,4.6875,5.0,4.75],"rotation":0,"texture":"#0","tintindex":0},"north":{"uv":[4.625,2.5,4.75,2.5625],"rotation":0,"texture":"#0","tintindex":0},"west":{"uv":[6.1875,0.9375,6.375,1.0],"rotation":0,"texture":"#0","tintindex":0},"up":{"uv":[2.75,4.25,2.625,4.0625],"rotation":0,"texture":"#0","tintindex":0},"down":{"uv":[1.0625,6.4375,0.9375,6.625],"rotation":0,"texture":"#0","tintindex":0}}},{"from":[10.057143,13.257143,6.9714284],"to":[11.428572,13.942858,8.685715],"rotation":{"angle":0.0,"axis":"y","origin":[8.228572,-10.628571,8.0]},"faces":{"east":{"uv":[6.8125,1.375,7.0,1.4375],"rotation":0,"texture":"#0","tintindex":0},"south":{"uv":[6.375,5.375,6.5,5.4375],"rotation":0,"texture":"#0","tintindex":0},"north":{"uv":[5.0625,2.4375,5.1875,2.5],"rotation":0,"texture":"#0","tintindex":0},"west":{"uv":[6.875,3.1875,7.0625,3.25],"rotation":0,"texture":"#0","tintindex":0},"up":{"uv":[8.5,1.375,8.375,1.1875],"rotation":0,"texture":"#0","tintindex":0},"down":{"uv":[8.5,1.375,8.375,1.5625],"rotation":0,"texture":"#0","tintindex":0}}},{"from":[7.3142858,13.257143,8.8],"to":[8.685715,13.942858,10.057143],"rotation":{"angle":0.0,"axis":"y","origin":[8.228572,-10.628571,8.0]},"faces":{"east":{"uv":[6.75,4.1875,6.875,4.25],"rotation":0,"texture":"#0","tintindex":0},"south":{"uv":[7.25,6.0,7.375,6.0625],"rotation":0,"texture":"#0","tintindex":0},"north":{"uv":[6.4375,4.25,6.5625,4.3125],"rotation":0,"texture":"#0","tintindex":0},"west":{"uv":[2.75,7.3125,2.875,7.375],"rotation":0,"texture":"#0","tintindex":0},"up":{"uv":[4.9375,8.75,4.8125,8.625],"rotation":0,"texture":"#0","tintindex":0},"down":{"uv":[5.375,8.625,5.25,8.75],"rotation":0,"texture":"#0","tintindex":0}}},{"from":[6.6285715,10.742857,10.971429],"to":[9.3714285,13.485715,13.714286],"rotation":{"angle":0.0,"axis":"y","origin":[8.914286,13.028572,12.342857]},"faces":{"east":{"uv":[6.4375,0.25,6.75,0.5625],"rotation":0,"texture":"#0","tintindex":0},"south":{"uv":[6.4375,3.9375,6.75,4.25],"rotation":0,"texture":"#0","tintindex":0},"north":{"uv":[6.375,5.0625,6.6875,5.375],"rotation":0,"texture":"#0","tintindex":0},"west":{"uv":[5.25,6.4375,5.5625,6.75],"rotation":0,"texture":"#0","tintindex":0},"up":{"uv":[6.75,6.375,6.4375,6.0625],"rotation":0,"texture":"#0","tintindex":0},"down":{"uv":[6.75,6.375,6.4375,6.6875],"rotation":0,"texture":"#0","tintindex":0}}},{"from":[4.5714283,7.885714,6.5142856],"to":[11.428572,13.571428,11.2],"rotation":{"angle":22.5,"axis":"x","origin":[7.7714286,9.942858,8.0]},"faces":{"east":{"uv":[4.125,1.9375,4.625,2.5625],"rotation":0,"texture":"#0","tintindex":0},"south":{"uv":[2.0,3.4375,2.75,4.0625],"rotation":0,"texture":"#0","tintindex":0},"north":{"uv":[3.375,1.9375,4.125,2.5625],"rotation":0,"texture":"#0","tintindex":0},"west":{"uv":[2.625,4.25,3.125,4.875],"rotation":0,"texture":"#0","tintindex":0},"up":{"uv":[4.625,3.5,3.875,3.0],"rotation":0,"texture":"#0","tintindex":0},"down":{"uv":[4.625,3.5,3.875,4.0],"rotation":0,"texture":"#0","tintindex":0}}},{"from":[7.028571,10.857143,9.828571],"to":[8.971429,15.428572,11.657143],"rotation":{"angle":45.0,"axis":"x","origin":[8.285714,13.142858,10.742857]},"faces":{"east":{"uv":[1.5,6.5,1.6875,7.0],"rotation":0,"texture":"#0","tintindex":0},"south":{"uv":[0.9375,6.625,1.125,7.125],"rotation":0,"texture":"#0","tintindex":0},"north":{"uv":[0.0,6.5,0.1875,7.0],"rotation":0,"texture":"#0","tintindex":0},"west":{"uv":[1.125,6.625,1.3125,7.125],"rotation":0,"texture":"#0","tintindex":0},"up":{"uv":[7.5625,6.4375,7.375,6.25],"rotation":0,"texture":"#0","tintindex":0},"down":{"uv":[2.6875,8.0625,2.5,8.25],"rotation":0,"texture":"#0","tintindex":0}}},{"from":[7.257143,14.857143,10.6285715],"to":[8.742857,17.257145,12.114286],"rotation":{"angle":22.5,"axis":"x","origin":[8.285714,13.142858,10.742857]},"faces":{"east":{"uv":[7.625,3.6875,7.8125,3.9375],"rotation":0,"texture":"#0","tintindex":0},"south":{"uv":[7.625,4.6875,7.8125,4.9375],"rotation":0,"texture":"#0","tintindex":0},"north":{"uv":[6.5625,4.5625,6.75,4.8125],"rotation":0,"texture":"#0","tintindex":0},"west":{"uv":[7.625,6.0,7.8125,6.25],"rotation":0,"texture":"#0","tintindex":0},"up":{"uv":[8.25,2.6875,8.0625,2.5],"rotation":0,"texture":"#0","tintindex":0},"down":{"uv":[2.9375,8.0625,2.75,8.25],"rotation":0,"texture":"#0","tintindex":0}}},{"from":[7.4857144,16.114286,12.114286],"to":[8.514286,18.285715,13.142858],"rotation":{"angle":0.0,"axis":"y","origin":[8.285714,13.142858,10.742857]},"faces":{"east":{"uv":[5.1875,3.9375,5.3125,4.1875],"rotation":0,"texture":"#0","tintindex":0},"south":{"uv":[5.8125,4.3125,5.9375,4.5625],"rotation":0,"texture":"#0","tintindex":0},"north":{"uv":[5.0625,3.3125,5.1875,3.5625],"rotation":0,"texture":"#0","tintindex":0},"west":{"uv":[2.5,6.1875,2.625,6.4375],"rotation":0,"texture":"#0","tintindex":0},"up":{"uv":[6.0625,8.75,5.9375,8.625],"rotation":0,"texture":"#0","tintindex":0},"down":{"uv":[6.1875,8.625,6.0625,8.75],"rotation":0,"texture":"#0","tintindex":0}}},{"from":[7.714286,18.285715,12.228572],"to":[8.285714,19.428572,12.8],"rotation":{"angle":0.0,"axis":"y","origin":[8.285714,13.142858,10.742857]},"faces":{"east":{"uv":[5.5625,6.4375,5.625,6.5625],"rotation":0,"texture":"#0","tintindex":0},"south":{"uv":[6.875,4.4375,6.9375,4.5625],"rotation":0,"texture":"#0","tintindex":0},"north":{"uv":[5.75,0.6875,5.8125,0.8125],"rotation":0,"texture":"#0","tintindex":0},"west":{"uv":[6.9375,0.75,7.0,0.875],"rotation":0,"texture":"#0","tintindex":0},"up":{"uv":[1.75,4.375,1.6875,4.3125],"rotation":0,"texture":"#0","tintindex":0},"down":{"uv":[5.25,6.1875,5.1875,6.25],"rotation":0,"texture":"#0","tintindex":0}}},{"from":[12.914286,9.828571,5.8285713],"to":[15.314286,10.857143,7.2],"rotation":{"angle":22.5,"axis":"z","origin":[9.6,9.485714,8.0]},"faces":{"east":{"uv":[6.4375,8.625,6.5625,8.75],"rotation":0,"texture":"#0","tintindex":0},"south":{"uv":[5.8125,1.0,6.0625,1.125],"rotation":0,"texture":"#0","tintindex":0},"north":{"uv":[5.0,5.5,5.25,5.625],"rotation":0,"texture":"#0","tintindex":0},"west":{"uv":[6.5625,8.625,6.6875,8.75],"rotation":0,"texture":"#0","tintindex":0},"up":{"uv":[6.4375,0.375,6.1875,0.25],"rotation":0,"texture":"#0","tintindex":0},"down":{"uv":[8.3125,2.6875,8.0625,2.8125],"rotation":0,"texture":"#0","tintindex":0}}},{"from":[0.68571377,9.828571,5.8285713],"to":[3.0857139,10.857143,7.2],"rotation":{"angle":-22.5,"axis":"z","origin":[6.4,9.485714,8.0]},"faces":{"east":{"uv":[8.625,7.1875,8.75,7.3125],"rotation":0,"texture":"#0","tintindex":0},"south":{"uv":[8.125,6.8125,8.375,6.9375],"rotation":0,"texture":"#0","tintindex":0},"north":{"uv":[8.0625,7.125,8.3125,7.25],"rotation":0,"texture":"#0","tintindex":0},"west":{"uv":[7.4375,8.625,7.5625,8.75],"rotation":0,"texture":"#0","tintindex":0},"up":{"uv":[8.4375,4.9375,8.1875,4.8125],"rotation":0,"texture":"#0","tintindex":0},"down":{"uv":[7.75,8.1875,7.5,8.3125],"rotation":0,"texture":"#0","tintindex":0}}},{"from":[4.9142857,7.6571426,5.714286],"to":[8.342857,9.3714285,7.0857143],"rotation":{"angle":-22.5,"axis":"z","origin":[6.4,9.485714,8.457143]},"faces":{"east":{"uv":[1.4375,8.375,1.5625,8.5625],"rotation":0,"texture":"#0","tintindex":0},"south":{"uv":[7.125,7.0625,7.5,7.25],"rotation":0,"texture":"#0","tintindex":0},"north":{"uv":[7.0,3.375,7.375,3.5625],"rotation":0,"texture":"#0","tintindex":0},"west":{"uv":[1.5625,8.375,1.6875,8.5625],"rotation":0,"texture":"#0","tintindex":0},"up":{"uv":[8.0,6.8125,7.625,6.6875],"rotation":0,"texture":"#0","tintindex":0},"down":{"uv":[8.0,6.8125,7.625,6.9375],"rotation":0,"texture":"#0","tintindex":0}}},{"from":[7.6571426,7.6571426,5.714286],"to":[11.085714,9.3714285,7.0857143],"rotation":{"angle":22.5,"axis":"z","origin":[9.6,9.485714,8.457143]},"faces":{"east":{"uv":[8.375,1.5625,8.5,1.75],"rotation":0,"texture":"#0","tintindex":0},"south":{"uv":[0.5,7.25,0.875,7.4375],"rotation":0,"texture":"#0","tintindex":0},"north":{"uv":[0.125,7.25,0.5,7.4375],"rotation":0,"texture":"#0","tintindex":0},"west":{"uv":[8.375,1.75,8.5,1.9375],"rotation":0,"texture":"#0","tintindex":0},"up":{"uv":[0.5,7.8125,0.125,7.6875],"rotation":0,"texture":"#0","tintindex":0},"down":{"uv":[8.0625,0.5625,7.6875,0.6875],"rotation":0,"texture":"#0","tintindex":0}}},{"from":[2.700276,11.81401,4.342857],"to":[4.643133,13.071153,5.485714],"rotation":{"angle":-45.0,"axis":"z","origin":[4.685714,13.142858,5.2571425]},"faces":{"east":{"uv":[8.625,7.4375,8.75,7.5625],"rotation":0,"texture":"#0","tintindex":0},"south":{"uv":[1.9375,8.375,2.125,8.5],"rotation":0,"texture":"#0","tintindex":0},"north":{"uv":[6.125,4.8125,6.3125,4.9375],"rotation":0,"texture":"#0","tintindex":0},"west":{"uv":[7.5625,8.625,7.6875,8.75],"rotation":0,"texture":"#0","tintindex":0},"up":{"uv":[8.5625,2.0625,8.375,1.9375],"rotation":0,"texture":"#0","tintindex":0},"down":{"uv":[8.5625,2.0625,8.375,2.1875],"rotation":0,"texture":"#0","tintindex":0}}},{"from":[2.8145618,13.756866,4.685714],"to":[3.500276,15.699724,5.485714],"rotation":{"angle":-22.5,"axis":"x","origin":[4.685714,13.142858,5.2571425]},"faces":{"east":{"uv":[6.75,5.6875,6.8125,5.875],"rotation":0,"texture":"#0","tintindex":0},"south":{"uv":[7.5,2.5,7.5625,2.6875],"rotation":0,"texture":"#0","tintindex":0},"north":{"uv":[6.3125,5.0625,6.375,5.25],"rotation":0,"texture":"#0","tintindex":0},"west":{"uv":[7.5625,4.25,7.625,4.4375],"rotation":0,"texture":"#0","tintindex":0},"up":{"uv":[6.375,2.25,6.3125,2.1875],"rotation":0,"texture":"#0","tintindex":0},"down":{"uv":[6.8125,0.875,6.75,0.9375],"rotation":0,"texture":"#0","tintindex":0}}},{"from":[0.79999924,11.474286,9.234285],"to":[3.7942853,13.531429,11.291429],"rotation":{"angle":-22.5,"axis":"z","origin":[4.48,9.28,12.937143]},"faces":{"east":{"uv":[7.25,5.75,7.5,6.0],"rotation":0,"texture":"#0","tintindex":0},"south":{"uv":[6.375,3.5625,6.6875,3.8125],"rotation":0,"texture":"#0","tintindex":0},"north":{"uv":[5.8125,3.0625,6.125,3.3125],"rotation":0,"texture":"#0","tintindex":0},"west":{"uv":[7.3125,0.0,7.5625,0.25],"rotation":0,"texture":"#0","tintindex":0},"up":{"uv":[7.3125,0.25,7.0,0.0],"rotation":0,"texture":"#0","tintindex":0},"down":{"uv":[7.3125,0.75,7.0,1.0],"rotation":0,"texture":"#0","tintindex":0}}},{"from":[0.95461655,12.759668,9.645715],"to":[3.2860456,14.26824,11.017143],"rotation":{"angle":-45.0,"axis":"z","origin":[3.337143,14.354286,9.645715]},"faces":{"east":{"uv":[2.25,8.375,2.375,8.5625],"rotation":0,"texture":"#0","tintindex":0},"south":{"uv":[7.6875,0.6875,7.9375,0.875],"rotation":0,"texture":"#0","tintindex":0},"north":{"uv":[6.5,5.6875,6.75,5.875],"rotation":0,"texture":"#0","tintindex":0},"west":{"uv":[2.375,8.375,2.5,8.5625],"rotation":0,"texture":"#0","tintindex":0},"up":{"uv":[8.5,0.375,8.25,0.25],"rotation":0,"texture":"#0","tintindex":0},"down":{"uv":[8.5,0.9375,8.25,1.0625],"rotation":0,"texture":"#0","tintindex":0}}},{"from":[0.98599005,15.242581,7.542857],"to":[1.6717048,17.185438,8.342857],"rotation":{"angle":22.5,"axis":"x","origin":[4.0,9.6,9.257143]},"faces":{"east":{"uv":[7.0625,8.6875,7.125,8.875],"rotation":0,"texture":"#0","tintindex":0},"south":{"uv":[0.875,8.75,0.9375,8.9375],"rotation":0,"texture":"#0","tintindex":0},"north":{"uv":[7.9375,6.25,8.0,6.4375],"rotation":0,"texture":"#0","tintindex":0},"west":{"uv":[1.25,8.75,1.3125,8.9375],"rotation":0,"texture":"#0","tintindex":0},"up":{"uv":[4.5,6.875,4.4375,6.8125],"rotation":0,"texture":"#0","tintindex":0},"down":{"uv":[7.0,5.0,6.9375,5.0625],"rotation":0,"texture":"#0","tintindex":0}}},{"from":[12.205715,11.474286,9.234285],"to":[15.200001,13.531429,11.291429],"rotation":{"angle":22.5,"axis":"z","origin":[11.52,9.28,12.937143]},"faces":{"east":{"uv":[7.3125,2.6875,7.5625,2.9375],"rotation":0,"texture":"#0","tintindex":0},"south":{"uv":[7.0,1.25,7.3125,1.5],"rotation":0,"texture":"#0","tintindex":0},"north":{"uv":[7.0,1.0,7.3125,1.25],"rotation":0,"texture":"#0","tintindex":0},"west":{"uv":[5.5625,7.3125,5.8125,7.5625],"rotation":0,"texture":"#0","tintindex":0},"up":{"uv":[7.3125,2.1875,7.0,1.9375],"rotation":0,"texture":"#0","tintindex":0},"down":{"uv":[2.3125,7.0,2.0,7.25],"rotation":0,"texture":"#0","tintindex":0}}},{"from":[12.713955,12.759668,9.645715],"to":[15.045383,14.26824,11.017143],"rotation":{"angle":45.0,"axis":"z","origin":[12.662857,14.354286,9.645715]},"faces":{"east":{"uv":[2.6875,8.375,2.8125,8.5625],"rotation":0,"texture":"#0","tintindex":0},"south":{"uv":[7.6875,1.0625,7.9375,1.25],"rotation":0,"texture":"#0","tintindex":0},"north":{"uv":[7.6875,0.875,7.9375,1.0625],"rotation":0,"texture":"#0","tintindex":0},"west":{"uv":[2.8125,8.375,2.9375,8.5625],"rotation":0,"texture":"#0","tintindex":0},"up":{"uv":[8.5,1.1875,8.25,1.0625],"rotation":0,"texture":"#0","tintindex":0},"down":{"uv":[1.6875,8.25,1.4375,8.375],"rotation":0,"texture":"#0","tintindex":0}}},{"from":[14.328295,15.242581,7.542857],"to":[15.014009,17.185438,8.342857],"rotation":{"angle":22.5,"axis":"x","origin":[12.0,9.6,9.257143]},"faces":{"east":{"uv":[4.5625,8.75,4.625,8.9375],"rotation":0,"texture":"#0","tintindex":0},"south":{"uv":[5.4375,8.75,5.5,8.9375],"rotation":0,"texture":"#0","tintindex":0},"north":{"uv":[2.625,8.75,2.6875,8.9375],"rotation":0,"texture":"#0","tintindex":0},"west":{"uv":[5.9375,8.75,6.0,8.9375],"rotation":0,"texture":"#0","tintindex":0},"up":{"uv":[1.5,7.3125,1.4375,7.25],"rotation":0,"texture":"#0","tintindex":0},"down":{"uv":[2.625,7.25,2.5625,7.3125],"rotation":0,"texture":"#0","tintindex":0}}},{"from":[9.6,11.314286,4.9142857],"to":[13.714286,13.028572,6.6285715],"rotation":{"angle":22.5,"axis":"z","origin":[11.314286,9.485714,8.0]},"faces":{"east":{"uv":[2.9375,8.0625,3.125,8.25],"rotation":0,"texture":"#0","tintindex":0},"south":{"uv":[6.9375,0.375,7.375,0.5625],"rotation":0,"texture":"#0","tintindex":0},"north":{"uv":[5.4375,6.875,5.875,7.0625],"rotation":0,"texture":"#0","tintindex":0},"west":{"uv":[3.125,8.0625,3.3125,8.25],"rotation":0,"texture":"#0","tintindex":0},"up":{"uv":[7.375,0.75,6.9375,0.5625],"rotation":0,"texture":"#0","tintindex":0},"down":{"uv":[7.375,3.5625,6.9375,3.75],"rotation":0,"texture":"#0","tintindex":0}}},{"from":[2.2857141,11.314286,4.9142857],"to":[6.4,13.028572,6.6285715],"rotation":{"angle":-22.5,"axis":"z","origin":[4.685714,9.485714,8.0]},"faces":{"east":{"uv":[8.0625,3.125,8.25,3.3125],"rotation":0,"texture":"#0","tintindex":0},"south":{"uv":[6.9375,4.4375,7.375,4.625],"rotation":0,"texture":"#0","tintindex":0},"north":{"uv":[6.9375,3.75,7.375,3.9375],"rotation":0,"texture":"#0","tintindex":0},"west":{"uv":[3.3125,8.0625,3.5,8.25],"rotation":0,"texture":"#0","tintindex":0},"up":{"uv":[7.375,4.8125,6.9375,4.625],"rotation":0,"texture":"#0","tintindex":0},"down":{"uv":[7.375,4.8125,6.9375,5.0],"rotation":0,"texture":"#0","tintindex":0}}},{"from":[11.356867,11.81401,4.342857],"to":[13.299725,13.071153,5.485714],"rotation":{"angle":45.0,"axis":"z","origin":[11.314286,13.142858,5.2571425]},"faces":{"east":{"uv":[8.625,7.9375,8.75,8.0625],"rotation":0,"texture":"#0","tintindex":0},"south":{"uv":[8.375,3.3125,8.5625,3.4375],"rotation":0,"texture":"#0","tintindex":0},"north":{"uv":[2.9375,8.375,3.125,8.5],"rotation":0,"texture":"#0","tintindex":0},"west":{"uv":[8.0625,8.625,8.1875,8.75],"rotation":0,"texture":"#0","tintindex":0},"up":{"uv":[8.5625,3.5625,8.375,3.4375],"rotation":0,"texture":"#0","tintindex":0},"down":{"uv":[8.5625,3.5625,8.375,3.6875],"rotation":0,"texture":"#0","tintindex":0}}},{"from":[12.499723,13.756866,4.685714],"to":[13.185438,15.699724,5.485714],"rotation":{"angle":-22.5,"axis":"x","origin":[11.314286,13.142858,5.2571425]},"faces":{"east":{"uv":[6.0625,8.75,6.125,8.9375],"rotation":0,"texture":"#0","tintindex":0},"south":{"uv":[6.125,8.75,6.1875,8.9375],"rotation":0,"texture":"#0","tintindex":0},"north":{"uv":[6.0,8.75,6.0625,8.9375],"rotation":0,"texture":"#0","tintindex":0},"west":{"uv":[6.25,8.75,6.3125,8.9375],"rotation":0,"texture":"#0","tintindex":0},"up":{"uv":[7.375,3.0,7.3125,2.9375],"rotation":0,"texture":"#0","tintindex":0},"down":{"uv":[2.0,7.5625,1.9375,7.625],"rotation":0,"texture":"#0","tintindex":0}}},{"from":[8.8,8.571428,5.2571425],"to":[12.914286,11.314286,8.914286],"rotation":{"angle":22.5,"axis":"z","origin":[9.6,9.485714,8.0]},"faces":{"east":{"uv":[5.8125,0.0,6.1875,0.3125],"rotation":0,"texture":"#0","tintindex":0},"south":{"uv":[5.25,5.4375,5.6875,5.75],"rotation":0,"texture":"#0","tintindex":0},"north":{"uv":[5.375,0.8125,5.8125,1.125],"rotation":0,"texture":"#0","tintindex":0},"west":{"uv":[0.1875,5.8125,0.5625,6.125],"rotation":0,"texture":"#0","tintindex":0},"up":{"uv":[3.8125,2.9375,3.375,2.5625],"rotation":0,"texture":"#0","tintindex":0},"down":{"uv":[5.5,1.9375,5.0625,2.3125],"rotation":0,"texture":"#0","tintindex":0}}},{"from":[3.0857139,8.571428,5.2571425],"to":[7.2,11.314286,8.914286],"rotation":{"angle":-22.5,"axis":"z","origin":[6.4,9.485714,8.0]},"faces":{"east":{"uv":[0.5625,5.8125,0.9375,6.125],"rotation":0,"texture":"#0","tintindex":0},"south":{"uv":[1.0625,5.5,1.5,5.8125],"rotation":0,"texture":"#0","tintindex":0},"north":{"uv":[0.5,5.5,0.9375,5.8125],"rotation":0,"texture":"#0","tintindex":0},"west":{"uv":[5.8125,0.6875,6.1875,1.0],"rotation":0,"texture":"#0","tintindex":0},"up":{"uv":[5.5,3.3125,5.0625,2.9375],"rotation":0,"texture":"#0","tintindex":0},"down":{"uv":[0.9375,5.125,0.5,5.5],"rotation":0,"texture":"#0","tintindex":0}}},{"from":[7.5256276,9.714286,5.485714],"to":[8.897057,11.085714,6.6285715],"rotation":{"angle":45.0,"axis":"z","origin":[9.697056,9.485714,8.0]},"faces":{"east":{"uv":[8.1875,8.625,8.3125,8.75],"rotation":0,"texture":"#0","tintindex":0},"south":{"uv":[8.625,8.1875,8.75,8.3125],"rotation":0,"texture":"#0","tintindex":0},"north":{"uv":[8.625,8.0625,8.75,8.1875],"rotation":0,"texture":"#0","tintindex":0},"west":{"uv":[8.3125,8.625,8.4375,8.75],"rotation":0,"texture":"#0","tintindex":0},"up":{"uv":[8.5625,8.75,8.4375,8.625],"rotation":0,"texture":"#0","tintindex":0},"down":{"uv":[0.125,8.6875,0.0,8.8125],"rotation":0,"texture":"#0","tintindex":0}}},{"from":[2.2857141,13.6,8.114285],"to":[13.714286,19.085714,8.114285],"rotation":{"angle":0.0,"axis":"y","origin":[7.7714286,8.571428,8.0]},"faces":{"east":{"uv":[0.0,0.0,0.0,0.625],"rotation":0,"texture":"#0","tintindex":0},"south":{"uv":[3.75,0.4375,2.5,1.0625],"rotation":0,"texture":"#0","tintindex":0},"north":{"uv":[2.5,0.4375,3.75,1.0625],"rotation":0,"texture":"#0","tintindex":0},"west":{"uv":[0.0,0.0,0.0,0.625],"rotation":0,"texture":"#0","tintindex":0},"up":{"uv":[1.25,0.0,0.0,0.0],"rotation":0,"texture":"#0","tintindex":0},"down":{"uv":[1.25,0.0,0.0,0.0],"rotation":0,"texture":"#0","tintindex":0}}},{"from":[8.0,12.228572,4.342857],"to":[8.0,17.714287,12.571428],"rotation":{"angle":0.0,"axis":"y","origin":[8.0,8.571428,8.0]},"faces":{"east":{"uv":[0.0,2.9375,0.875,3.5625],"rotation":0,"texture":"#0","tintindex":0},"south":{"uv":[0.0,0.0,0.0,0.625],"rotation":0,"texture":"#0","tintindex":0},"north":{"uv":[0.0,0.0,0.0,0.625],"rotation":0,"texture":"#0","tintindex":0},"west":{"uv":[0.875,2.9375,1.75,3.5625],"rotation":0,"texture":"#0","tintindex":0},"up":{"uv":[0.0,0.875,0.0,0.0],"rotation":0,"texture":"#0","tintindex":0},"down":{"uv":[0.0,0.0,0.0,0.875],"rotation":0,"texture":"#0","tintindex":0}}}],"display":{"head":{"translation":[0.0,-6.4,0.0],"scale":[4.0,4.0,4.0]}}}