{"textures":{"0":"modelengine:entity/stomp_shockwave"},"elements":[{"from":[17.428572,-16.0,21.714287],"to":[21.714287,-15.142857,24.714287],"rotation":{"angle":0.0,"axis":"y","origin":[8.0,-19.42857,8.0]},"faces":{"east":{"uv":[10.125,1.75,10.625,1.875],"rotation":0,"texture":"#0","tintindex":0},"south":{"uv":[10.0,7.625,10.625,7.75],"rotation":0,"texture":"#0","tintindex":0},"north":{"uv":[10.0,7.5,10.625,7.625],"rotation":0,"texture":"#0","tintindex":0},"west":{"uv":[10.125,2.375,10.625,2.5],"rotation":0,"texture":"#0","tintindex":0},"up":{"uv":[9.0,4.5,8.375,4.0],"rotation":0,"texture":"#0","tintindex":0},"down":{"uv":[9.0,4.5,8.375,5.0],"rotation":0,"texture":"#0","tintindex":0}}},{"from":[21.07143,-15.571428,16.57143],"to":[25.357143,-14.714285,18.285715],"rotation":{"angle":-22.5,"axis":"y","origin":[8.0,-19.42857,8.0]},"faces":{"east":{"uv":[7.75,3.375,8.0,3.5],"rotation":0,"texture":"#0","tintindex":0},"south":{"uv":[10.0,7.875,10.625,8.0],"rotation":0,"texture":"#0","tintindex":0},"north":{"uv":[10.0,7.75,10.625,7.875],"rotation":0,"texture":"#0","tintindex":0},"west":{"uv":[3.0,7.875,3.25,8.0],"rotation":0,"texture":"#0","tintindex":0},"up":{"uv":[10.5,8.875,9.875,8.625],"rotation":0,"texture":"#0","tintindex":0},"down":{"uv":[10.25,9.875,9.625,10.125],"rotation":0,"texture":"#0","tintindex":0}}}],"display":{"head":{"translation":[0.0,-20.114294,0.0],"scale":[4.0,4.0,4.0]}}}