{"textures":{"0":"modelengine:entity/stomp_shockwave"},"elements":[{"from":[17.428572,-16.0,21.714287],"to":[21.714287,-15.142857,24.714287],"rotation":{"angle":0.0,"axis":"y","origin":[8.0,-19.428572,8.0]},"faces":{"east":{"uv":[0.375,10.25,0.875,10.375],"rotation":0,"texture":"#0","tintindex":0},"south":{"uv":[10.0,8.875,10.625,9.0],"rotation":0,"texture":"#0","tintindex":0},"north":{"uv":[8.875,10.0,9.5,10.125],"rotation":0,"texture":"#0","tintindex":0},"west":{"uv":[1.5,10.25,2.0,10.375],"rotation":0,"texture":"#0","tintindex":0},"up":{"uv":[7.625,8.875,7.0,8.375],"rotation":0,"texture":"#0","tintindex":0},"down":{"uv":[9.0,7.0,8.375,7.5],"rotation":0,"texture":"#0","tintindex":0}}},{"from":[18.5,-15.571428,22.142857],"to":[21.07143,-14.714285,24.07143],"rotation":{"angle":0.0,"axis":"y","origin":[8.0,-19.428572,8.0]},"faces":{"east":{"uv":[6.375,8.125,6.625,8.25],"rotation":0,"texture":"#0","tintindex":0},"south":{"uv":[6.625,8.75,7.0,8.875],"rotation":0,"texture":"#0","tintindex":0},"north":{"uv":[4.875,8.125,5.25,8.25],"rotation":0,"texture":"#0","tintindex":0},"west":{"uv":[7.0,8.25,7.25,8.375],"rotation":0,"texture":"#0","tintindex":0},"up":{"uv":[10.375,6.875,10.0,6.625],"rotation":0,"texture":"#0","tintindex":0},"down":{"uv":[7.25,10.0,6.875,10.25],"rotation":0,"texture":"#0","tintindex":0}}}],"display":{"head":{"translation":[0.0,-26.971434,0.0],"scale":[4.0,4.0,4.0]}}}