{"textures":{"0":"modelengine:entity/stomp_shockwave"},"elements":[{"from":[21.400002,-15.199999,14.0],"to":[29.800001,7.600001,14.0],"rotation":{"angle":0.0,"axis":"y","origin":[8.0,-18.4,8.0]},"faces":{"east":{"uv":[0.0,0.0,0.0,4.75],"rotation":0,"texture":"#0","tintindex":0},"south":{"uv":[1.75,0.0,0.0,4.75],"rotation":0,"texture":"#0","tintindex":0},"north":{"uv":[0.0,0.0,1.75,4.75],"rotation":0,"texture":"#0","tintindex":0},"west":{"uv":[0.0,0.0,0.0,4.75],"rotation":0,"texture":"#0","tintindex":0},"up":{"uv":[1.75,0.0,0.0,0.0],"rotation":0,"texture":"#0","tintindex":0},"down":{"uv":[1.75,0.0,0.0,0.0],"rotation":0,"texture":"#0","tintindex":0}}},{"from":[25.300001,-15.199999,10.1],"to":[25.300001,7.600001,18.5],"rotation":{"angle":0.0,"axis":"y","origin":[46.4,-18.4,46.4]},"faces":{"east":{"uv":[0.0,0.0,1.75,4.75],"rotation":0,"texture":"#0","tintindex":0},"south":{"uv":[0.0,0.0,0.0,4.75],"rotation":0,"texture":"#0","tintindex":0},"north":{"uv":[0.0,0.0,0.0,4.75],"rotation":0,"texture":"#0","tintindex":0},"west":{"uv":[1.75,0.0,0.0,4.75],"rotation":0,"texture":"#0","tintindex":0},"up":{"uv":[1.75,0.0,0.0,0.0],"rotation":90,"texture":"#0","tintindex":0},"down":{"uv":[1.75,0.0,0.0,0.0],"rotation":270,"texture":"#0","tintindex":0}}},{"from":[4.6,-15.849998,8.0],"to":[13.0,0.11000061,8.0],"rotation":{"angle":0.0,"axis":"y","origin":[8.0,-10.299999,8.0]},"faces":{"east":{"uv":[0.0,0.0,0.0,4.75],"rotation":0,"texture":"#0","tintindex":0},"south":{"uv":[1.75,0.0,0.0,4.75],"rotation":0,"texture":"#0","tintindex":0},"north":{"uv":[0.0,0.0,1.75,4.75],"rotation":0,"texture":"#0","tintindex":0},"west":{"uv":[0.0,0.0,0.0,4.75],"rotation":0,"texture":"#0","tintindex":0},"up":{"uv":[1.75,0.0,0.0,0.0],"rotation":0,"texture":"#0","tintindex":0},"down":{"uv":[1.75,0.0,0.0,0.0],"rotation":0,"texture":"#0","tintindex":0}}},{"from":[8.5,-15.849998,4.1],"to":[8.5,0.11000061,12.5],"rotation":{"angle":0.0,"axis":"y","origin":[46.4,-10.299999,46.4]},"faces":{"east":{"uv":[0.0,0.0,1.75,4.75],"rotation":0,"texture":"#0","tintindex":0},"south":{"uv":[0.0,0.0,0.0,4.75],"rotation":0,"texture":"#0","tintindex":0},"north":{"uv":[0.0,0.0,0.0,4.75],"rotation":0,"texture":"#0","tintindex":0},"west":{"uv":[1.75,0.0,0.0,4.75],"rotation":0,"texture":"#0","tintindex":0},"up":{"uv":[1.75,0.0,0.0,0.0],"rotation":90,"texture":"#0","tintindex":0},"down":{"uv":[1.75,0.0,0.0,0.0],"rotation":270,"texture":"#0","tintindex":0}}},{"from":[-11.0,-16.0,14.15],"to":[-2.6000004,6.800001,14.15],"rotation":{"angle":0.0,"axis":"y","origin":[8.0,-18.4,8.0]},"faces":{"east":{"uv":[0.0,0.0,0.0,4.75],"rotation":0,"texture":"#0","tintindex":0},"south":{"uv":[1.75,0.0,0.0,4.75],"rotation":0,"texture":"#0","tintindex":0},"north":{"uv":[0.0,0.0,1.75,4.75],"rotation":0,"texture":"#0","tintindex":0},"west":{"uv":[0.0,0.0,0.0,4.75],"rotation":0,"texture":"#0","tintindex":0},"up":{"uv":[1.75,0.0,0.0,0.0],"rotation":0,"texture":"#0","tintindex":0},"down":{"uv":[1.75,0.0,0.0,0.0],"rotation":0,"texture":"#0","tintindex":0}}},{"from":[-7.1000004,-16.0,10.25],"to":[-7.1000004,6.800001,18.650002],"rotation":{"angle":0.0,"axis":"y","origin":[46.4,-18.4,46.4]},"faces":{"east":{"uv":[0.0,0.0,1.75,4.75],"rotation":0,"texture":"#0","tintindex":0},"south":{"uv":[0.0,0.0,0.0,4.75],"rotation":0,"texture":"#0","tintindex":0},"north":{"uv":[0.0,0.0,0.0,4.75],"rotation":0,"texture":"#0","tintindex":0},"west":{"uv":[1.75,0.0,0.0,4.75],"rotation":0,"texture":"#0","tintindex":0},"up":{"uv":[1.75,0.0,0.0,0.0],"rotation":90,"texture":"#0","tintindex":0},"down":{"uv":[1.75,0.0,0.0,0.0],"rotation":270,"texture":"#0","tintindex":0}}}],"display":{"head":{"translation":[0.0,-25.600004,0.0],"scale":[4.0,4.0,4.0]}}}