{"textures":{"0":"modelengine:entity/stomp_shockwave"},"elements":[{"from":[5.6257143,-14.971428,3.371428],"to":[9.714286,-7.0,7.7685714],"rotation":{"angle":22.5,"axis":"z","origin":[8.0,-12.4,8.0]},"faces":{"east":{"uv":[4.875,2.25,5.5,3.375],"rotation":0,"texture":"#0","tintindex":0},"south":{"uv":[3.125,5.0,3.75,6.125],"rotation":0,"texture":"#0","tintindex":0},"north":{"uv":[4.875,1.125,5.5,2.25],"rotation":0,"texture":"#0","tintindex":0},"west":{"uv":[3.75,5.125,4.375,6.25],"rotation":0,"texture":"#0","tintindex":0},"up":{"uv":[5.875,8.25,5.25,7.625],"rotation":0,"texture":"#0","tintindex":0},"down":{"uv":[7.25,7.625,6.625,8.25],"rotation":0,"texture":"#0","tintindex":0}}},{"from":[5.8571424,-7.0,4.3357143],"to":[8.942857,-3.2200012,7.035714],"rotation":{"angle":22.5,"axis":"z","origin":[8.0,-12.4,8.0]},"faces":{"east":{"uv":[9.25,9.5,9.625,10.0],"rotation":0,"texture":"#0","tintindex":0},"south":{"uv":[9.0,4.25,9.5,4.75],"rotation":0,"texture":"#0","tintindex":0},"north":{"uv":[9.0,3.75,9.5,4.25],"rotation":0,"texture":"#0","tintindex":0},"west":{"uv":[9.625,0.0,10.0,0.5],"rotation":0,"texture":"#0","tintindex":0},"up":{"uv":[10.125,1.875,9.625,1.5],"rotation":0,"texture":"#0","tintindex":0},"down":{"uv":[10.125,7.0,9.625,7.375],"rotation":0,"texture":"#0","tintindex":0}}},{"from":[4.7,-13.171429,5.492857],"to":[7.4,-8.542856,8.578571],"rotation":{"angle":22.5,"axis":"z","origin":[8.0,-12.4,8.0]},"faces":{"east":{"uv":[8.25,1.25,8.75,1.875],"rotation":0,"texture":"#0","tintindex":0},"south":{"uv":[1.75,9.375,2.125,10.0],"rotation":0,"texture":"#0","tintindex":0},"north":{"uv":[9.25,7.875,9.625,8.5],"rotation":0,"texture":"#0","tintindex":0},"west":{"uv":[8.25,1.875,8.75,2.5],"rotation":0,"texture":"#0","tintindex":0},"up":{"uv":[10.0,7.875,9.625,7.375],"rotation":0,"texture":"#0","tintindex":0},"down":{"uv":[10.0,7.875,9.625,8.375],"rotation":0,"texture":"#0","tintindex":0}}},{"from":[8.257143,-16.0,2.7928567],"to":[11.342857,-9.657143,5.8785715],"rotation":{"angle":45.0,"axis":"z","origin":[8.0,-12.4,8.0]},"faces":{"east":{"uv":[7.125,0.875,7.625,1.75],"rotation":0,"texture":"#0","tintindex":0},"south":{"uv":[1.0,7.125,1.5,8.0],"rotation":0,"texture":"#0","tintindex":0},"north":{"uv":[0.5,7.125,1.0,8.0],"rotation":0,"texture":"#0","tintindex":0},"west":{"uv":[1.5,7.125,2.0,8.0],"rotation":0,"texture":"#0","tintindex":0},"up":{"uv":[9.5,5.25,9.0,4.75],"rotation":0,"texture":"#0","tintindex":0},"down":{"uv":[5.625,9.0,5.125,9.5],"rotation":0,"texture":"#0","tintindex":0}}},{"from":[1.3999996,-10.8571415,-2.3500004],"to":[4.485714,-4.514286,0.73571396],"rotation":{"angle":45.0,"axis":"z","origin":[8.0,-12.4,8.0]},"faces":{"east":{"uv":[3.25,7.125,3.75,8.0],"rotation":0,"texture":"#0","tintindex":0},"south":{"uv":[3.75,7.125,4.25,8.0],"rotation":0,"texture":"#0","tintindex":0},"north":{"uv":[7.125,1.75,7.625,2.625],"rotation":0,"texture":"#0","tintindex":0},"west":{"uv":[4.25,7.125,4.75,8.0],"rotation":0,"texture":"#0","tintindex":0},"up":{"uv":[9.5,5.75,9.0,5.25],"rotation":0,"texture":"#0","tintindex":0},"down":{"uv":[9.5,5.75,9.0,6.25],"rotation":0,"texture":"#0","tintindex":0}}},{"from":[1.6571422,-4.6428566,-1.75],"to":[3.628571,-1.7285709,0.22142792],"rotation":{"angle":45.0,"axis":"z","origin":[8.0,-12.4,8.0]},"faces":{"east":{"uv":[6.0,4.125,6.25,4.5],"rotation":0,"texture":"#0","tintindex":0},"south":{"uv":[2.5,6.625,2.75,7.0],"rotation":0,"texture":"#0","tintindex":0},"north":{"uv":[5.375,4.5,5.625,4.875],"rotation":0,"texture":"#0","tintindex":0},"west":{"uv":[3.0,7.25,3.25,7.625],"rotation":0,"texture":"#0","tintindex":0},"up":{"uv":[2.375,9.875,2.125,9.625],"rotation":0,"texture":"#0","tintindex":0},"down":{"uv":[10.25,9.0,10.0,9.25],"rotation":0,"texture":"#0","tintindex":0}}}],"display":{"head":{"translation":[0.0,-37.942863,0.0],"scale":[4.0,4.0,4.0]}}}