{"textures":{"0":"modelengine:entity/stomp_shockwave"},"elements":[{"from":[3.9114285,-16.0,3.371428],"to":[8.0,-8.028572,7.7685714],"rotation":{"angle":0.0,"axis":"y","origin":[8.0,-13.428572,8.0]},"faces":{"east":{"uv":[0.0,4.75,0.625,5.875],"rotation":0,"texture":"#0","tintindex":0},"south":{"uv":[0.625,4.75,1.25,5.875],"rotation":0,"texture":"#0","tintindex":0},"north":{"uv":[4.125,4.0,4.75,5.125],"rotation":0,"texture":"#0","tintindex":0},"west":{"uv":[1.25,4.75,1.875,5.875],"rotation":0,"texture":"#0","tintindex":0},"up":{"uv":[7.875,7.75,7.25,7.125],"rotation":0,"texture":"#0","tintindex":0},"down":{"uv":[8.0,3.5,7.375,4.125],"rotation":0,"texture":"#0","tintindex":0}}},{"from":[4.142857,-8.028572,4.3357143],"to":[7.2285714,-3.391428,7.035714],"rotation":{"angle":0.0,"axis":"y","origin":[8.0,-13.428572,8.0]},"faces":{"east":{"uv":[3.0,8.875,3.375,9.5],"rotation":0,"texture":"#0","tintindex":0},"south":{"uv":[3.375,8.0,3.875,8.625],"rotation":0,"texture":"#0","tintindex":0},"north":{"uv":[4.875,3.375,5.375,4.0],"rotation":0,"texture":"#0","tintindex":0},"west":{"uv":[1.375,9.25,1.75,9.875],"rotation":0,"texture":"#0","tintindex":0},"up":{"uv":[10.0,2.875,9.5,2.5],"rotation":0,"texture":"#0","tintindex":0},"down":{"uv":[3.25,9.5,2.75,9.875],"rotation":0,"texture":"#0","tintindex":0}}},{"from":[2.9857144,-14.200001,5.492857],"to":[5.685714,-11.285715,8.578571],"rotation":{"angle":0.0,"axis":"y","origin":[8.0,-13.428572,8.0]},"faces":{"east":{"uv":[9.5,2.875,10.0,3.25],"rotation":0,"texture":"#0","tintindex":0},"south":{"uv":[7.375,4.125,7.75,4.5],"rotation":0,"texture":"#0","tintindex":0},"north":{"uv":[5.25,7.25,5.625,7.625],"rotation":0,"texture":"#0","tintindex":0},"west":{"uv":[9.5,3.25,10.0,3.625],"rotation":0,"texture":"#0","tintindex":0},"up":{"uv":[7.25,5.0,6.875,4.5],"rotation":0,"texture":"#0","tintindex":0},"down":{"uv":[7.625,9.375,7.25,9.875],"rotation":0,"texture":"#0","tintindex":0}}},{"from":[5.685714,-15.914286,2.7928567],"to":[8.771429,-9.571428,5.8785715],"rotation":{"angle":0.0,"axis":"y","origin":[8.0,-13.428572,8.0]},"faces":{"east":{"uv":[6.625,1.875,7.125,2.75],"rotation":0,"texture":"#0","tintindex":0},"south":{"uv":[2.0,6.625,2.5,7.5],"rotation":0,"texture":"#0","tintindex":0},"north":{"uv":[6.625,1.0,7.125,1.875],"rotation":0,"texture":"#0","tintindex":0},"west":{"uv":[6.75,2.75,7.25,3.625],"rotation":0,"texture":"#0","tintindex":0},"up":{"uv":[0.875,9.25,0.375,8.75],"rotation":0,"texture":"#0","tintindex":0},"down":{"uv":[9.25,0.75,8.75,1.25],"rotation":0,"texture":"#0","tintindex":0}}},{"from":[15.114286,-14.200001,-0.63571453],"to":[18.2,-7.8571434,2.4499998],"rotation":{"angle":-22.5,"axis":"x","origin":[8.0,-13.428572,8.0]},"faces":{"east":{"uv":[5.625,6.75,6.125,7.625],"rotation":0,"texture":"#0","tintindex":0},"south":{"uv":[6.75,5.875,7.25,6.75],"rotation":0,"texture":"#0","tintindex":0},"north":{"uv":[6.75,5.0,7.25,5.875],"rotation":0,"texture":"#0","tintindex":0},"west":{"uv":[6.75,6.75,7.25,7.625],"rotation":0,"texture":"#0","tintindex":0},"up":{"uv":[1.375,9.25,0.875,8.75],"rotation":0,"texture":"#0","tintindex":0},"down":{"uv":[9.25,1.25,8.75,1.75],"rotation":0,"texture":"#0","tintindex":0}}},{"from":[15.971429,-10.342857,-1.9214287],"to":[18.2,-4.8571434,0.30714273],"rotation":{"angle":-22.5,"axis":"x","origin":[8.0,-13.428572,8.0]},"faces":{"east":{"uv":[8.375,7.5,8.75,8.25],"rotation":0,"texture":"#0","tintindex":0},"south":{"uv":[8.375,8.25,8.75,9.0],"rotation":0,"texture":"#0","tintindex":0},"north":{"uv":[5.375,8.25,5.75,9.0],"rotation":0,"texture":"#0","tintindex":0},"west":{"uv":[3.375,8.625,3.75,9.375],"rotation":0,"texture":"#0","tintindex":0},"up":{"uv":[0.375,10.375,0.0,10.0],"rotation":0,"texture":"#0","tintindex":0},"down":{"uv":[10.375,2.75,10.0,3.125],"rotation":0,"texture":"#0","tintindex":0}}}],"display":{"head":{"translation":[0.0,-33.828575,0.0],"scale":[4.0,4.0,4.0]}}}