{"textures":{"0":"modelengine:entity/rpg_skeleton"},"elements":[{"from":[7.142857,7.142857,6.0],"to":[8.857143,8.857143,6.5714283],"rotation":{"angle":0.0,"axis":"y","origin":[2.5714283,-5.4285717,7.142857]},"faces":{"east":{"uv":[0.25,12.25,0.5,13.0],"rotation":0,"texture":"#0","tintindex":0},"south":{"uv":[3.75,11.5,4.5,12.25],"rotation":0,"texture":"#0","tintindex":0},"north":{"uv":[2.5,11.5,3.25,12.25],"rotation":0,"texture":"#0","tintindex":0},"west":{"uv":[0.5,12.25,0.75,13.0],"rotation":0,"texture":"#0","tintindex":0},"up":{"uv":[12.5,1.5,11.75,1.25],"rotation":0,"texture":"#0","tintindex":0},"down":{"uv":[12.5,7.25,11.75,7.5],"rotation":0,"texture":"#0","tintindex":0}}},{"from":[7.714286,7.142857,6.5714283],"to":[10.571428,10.0,9.428572],"rotation":{"angle":0.0,"axis":"y","origin":[2.5714283,-5.4285717,10.0]},"faces":{"east":{"uv":[3.75,8.75,5.0,10.0],"rotation":0,"texture":"#0","tintindex":0},"south":{"uv":[8.75,8.0,10.0,9.25],"rotation":0,"texture":"#0","tintindex":0},"north":{"uv":[8.5,6.75,9.75,8.0],"rotation":0,"texture":"#0","tintindex":0},"west":{"uv":[0.0,9.0,1.25,10.25],"rotation":0,"texture":"#0","tintindex":0},"up":{"uv":[2.5,10.25,1.25,9.0],"rotation":0,"texture":"#0","tintindex":0},"down":{"uv":[3.75,9.0,2.5,10.25],"rotation":0,"texture":"#0","tintindex":0}}},{"from":[7.142857,7.142857,9.428572],"to":[8.857143,8.857143,10.0],"rotation":{"angle":0.0,"axis":"y","origin":[2.5714283,-5.4285717,10.571428]},"faces":{"east":{"uv":[12.25,1.5,12.5,2.25],"rotation":0,"texture":"#0","tintindex":0},"south":{"uv":[11.75,0.0,12.5,0.75],"rotation":0,"texture":"#0","tintindex":0},"north":{"uv":[11.5,11.0,12.25,11.75],"rotation":0,"texture":"#0","tintindex":0},"west":{"uv":[1.75,12.25,2.0,13.0],"rotation":0,"texture":"#0","tintindex":0},"up":{"uv":[12.75,6.25,12.0,6.0],"rotation":0,"texture":"#0","tintindex":0},"down":{"uv":[12.75,9.5,12.0,9.75],"rotation":0,"texture":"#0","tintindex":0}}},{"from":[9.142858,3.142857,6.857143],"to":[9.142858,8.285714,9.142858],"rotation":{"angle":0.0,"axis":"y","origin":[9.714286,4.8571424,7.428571]},"faces":{"east":{"uv":[2.25,5.75,3.25,8.0],"rotation":0,"texture":"#0","tintindex":0},"south":{"uv":[0.0,0.0,0.0,2.25],"rotation":0,"texture":"#0","tintindex":0},"north":{"uv":[0.0,0.0,0.0,2.25],"rotation":0,"texture":"#0","tintindex":0},"west":{"uv":[3.25,5.75,2.25,8.0],"rotation":0,"texture":"#0","tintindex":0},"up":{"uv":[0.0,1.0,0.0,0.0],"rotation":0,"texture":"#0","tintindex":0},"down":{"uv":[0.0,0.0,0.0,1.0],"rotation":0,"texture":"#0","tintindex":0}}}],"display":{"head":{"translation":[0.0,-6.4,0.0],"scale":[4.0,4.0,4.0]}}}