{"textures":{"1":"modelengine:entity/archangel_sword","2":"modelengine:entity/archangel_spear"},"elements":[{"from":[7.5721803,7.5715585,-1.5880556],"to":[8.429323,8.428701,17.269089],"rotation":{"angle":0.0,"axis":"y","origin":[8.0007515,8.00013,0.22146845]},"faces":{"east":{"uv":[3.508,0.008,3.875,8.242],"rotation":90,"texture":"#2","tintindex":0},"south":{"uv":[6.375,3.758,6.008,4.125],"rotation":90,"texture":"#2","tintindex":0},"north":{"uv":[6.375,3.625,6.008,3.258],"rotation":90,"texture":"#2","tintindex":0},"west":{"uv":[2.508,0.008,2.875,8.242],"rotation":270,"texture":"#2","tintindex":0},"up":{"uv":[4.008,0.008,4.375,8.242],"rotation":0,"texture":"#2","tintindex":0},"down":{"uv":[3.008,0.008,3.375,8.242],"rotation":180,"texture":"#2","tintindex":0}}},{"from":[7.286466,7.285844,-2.7309132],"to":[8.715037,8.714416,-2.159484],"rotation":{"angle":0.0,"axis":"y","origin":[8.0007515,8.00013,0.22146845]},"faces":{"east":{"uv":[6.008,1.758,6.625,1.992],"rotation":90,"texture":"#2","tintindex":0},"south":{"uv":[5.125,3.008,4.508,3.625],"rotation":90,"texture":"#2","tintindex":0},"north":{"uv":[5.125,2.875,4.508,2.258],"rotation":90,"texture":"#2","tintindex":0},"west":{"uv":[1.508,6.008,2.125,6.242],"rotation":270,"texture":"#2","tintindex":0},"up":{"uv":[6.008,2.008,6.625,2.242],"rotation":0,"texture":"#2","tintindex":0},"down":{"uv":[6.008,1.508,6.625,1.742],"rotation":180,"texture":"#2","tintindex":0}}},{"from":[7.843609,7.5477166,-7.8799105],"to":[8.157895,7.833431,-5.9370537],"rotation":{"angle":22.5,"axis":"x","origin":[8.0007515,7.833431,-7.05134]},"faces":{"east":{"uv":[2.125,6.258,2.008,7.125],"rotation":90,"texture":"#2","tintindex":0},"south":{"uv":[6.875,0.508,6.758,0.625],"rotation":90,"texture":"#2","tintindex":0},"north":{"uv":[6.875,0.375,6.758,0.258],"rotation":90,"texture":"#2","tintindex":0},"west":{"uv":[2.008,6.258,2.125,7.125],"rotation":270,"texture":"#2","tintindex":0},"up":{"uv":[6.008,6.258,6.125,7.125],"rotation":0,"texture":"#2","tintindex":0},"down":{"uv":[5.508,6.258,5.625,7.125],"rotation":180,"texture":"#2","tintindex":0}}},{"from":[7.857895,7.142987,-6.159485],"to":[8.143609,8.857273,-3.8737698],"rotation":{"angle":0.0,"axis":"y","origin":[8.0007515,8.285844,0.7928972]},"faces":{"east":{"uv":[5.242,1.258,4.508,2.242],"rotation":90,"texture":"#2","tintindex":0},"south":{"uv":[6.992,5.508,6.258,5.625],"rotation":90,"texture":"#2","tintindex":0},"north":{"uv":[6.992,5.375,6.258,5.258],"rotation":90,"texture":"#2","tintindex":0},"west":{"uv":[4.508,1.258,5.242,2.242],"rotation":270,"texture":"#2","tintindex":0},"up":{"uv":[5.258,6.008,5.375,6.992],"rotation":0,"texture":"#2","tintindex":0},"down":{"uv":[5.008,6.008,5.125,6.992],"rotation":180,"texture":"#2","tintindex":0}}},{"from":[7.843609,8.166829,-7.8799105],"to":[8.157895,8.452543,-5.9370537],"rotation":{"angle":-22.5,"axis":"x","origin":[8.0007515,8.166829,-7.05134]},"faces":{"east":{"uv":[6.375,6.258,6.258,7.125],"rotation":90,"texture":"#2","tintindex":0},"south":{"uv":[6.875,1.008,6.758,1.125],"rotation":90,"texture":"#2","tintindex":0},"north":{"uv":[6.875,0.875,6.758,0.758],"rotation":90,"texture":"#2","tintindex":0},"west":{"uv":[6.258,6.258,6.375,7.125],"rotation":270,"texture":"#2","tintindex":0},"up":{"uv":[0.258,6.508,0.375,7.375],"rotation":0,"texture":"#2","tintindex":0},"down":{"uv":[0.008,6.508,0.125,7.375],"rotation":180,"texture":"#2","tintindex":0}}},{"from":[7.8721805,7.296417,-4.245282],"to":[8.129323,8.296417,-3.1024256],"rotation":{"angle":-22.5,"axis":"x","origin":[8.0007515,8.15356,-3.6738539]},"faces":{"east":{"uv":[5.742,5.008,5.258,5.492],"rotation":90,"texture":"#2","tintindex":0},"south":{"uv":[1.742,6.508,1.258,6.625],"rotation":90,"texture":"#2","tintindex":0},"north":{"uv":[6.742,5.875,6.258,5.758],"rotation":90,"texture":"#2","tintindex":0},"west":{"uv":[5.258,5.008,5.742,5.492],"rotation":270,"texture":"#2","tintindex":0},"up":{"uv":[6.508,1.008,6.625,1.492],"rotation":0,"texture":"#2","tintindex":0},"down":{"uv":[1.008,6.508,1.125,6.992],"rotation":180,"texture":"#2","tintindex":0}}},{"from":[7.886466,7.7038426,-4.245282],"to":[8.115038,8.703842,-3.1024256],"rotation":{"angle":22.5,"axis":"x","origin":[8.0007515,7.8466997,-3.6738539]},"faces":{"east":{"uv":[2.492,5.508,2.008,5.992],"rotation":90,"texture":"#2","tintindex":0},"south":{"uv":[6.992,4.008,6.508,4.125],"rotation":90,"texture":"#2","tintindex":0},"north":{"uv":[6.992,3.875,6.508,3.758],"rotation":90,"texture":"#2","tintindex":0},"west":{"uv":[2.008,5.508,2.492,5.992],"rotation":270,"texture":"#2","tintindex":0},"up":{"uv":[6.508,3.258,6.625,3.742],"rotation":0,"texture":"#2","tintindex":0},"down":{"uv":[1.758,6.508,1.875,6.992],"rotation":180,"texture":"#2","tintindex":0}}},{"from":[7.857895,7.7144156,-7.445199],"to":[8.143609,8.285844,-6.159485],"rotation":{"angle":0.0,"axis":"y","origin":[8.0007515,8.285844,0.7928972]},"faces":{"east":{"uv":[2.492,4.508,2.258,5.125],"rotation":90,"texture":"#2","tintindex":0},"south":{"uv":[6.742,4.258,6.508,4.375],"rotation":90,"texture":"#2","tintindex":0},"north":{"uv":[2.492,5.375,2.258,5.258],"rotation":90,"texture":"#2","tintindex":0},"west":{"uv":[2.258,4.508,2.492,5.125],"rotation":270,"texture":"#2","tintindex":0},"up":{"uv":[0.758,6.508,0.875,7.125],"rotation":0,"texture":"#2","tintindex":0},"down":{"uv":[0.508,6.508,0.625,7.125],"rotation":180,"texture":"#2","tintindex":0}}},{"from":[7.857895,7.4287014,-6.730913],"to":[8.143609,7.7144156,-6.159485],"rotation":{"angle":0.0,"axis":"y","origin":[8.0007515,8.285844,0.7928972]},"faces":{"east":{"uv":[4.625,6.508,4.508,6.742],"rotation":90,"texture":"#2","tintindex":0},"south":{"uv":[6.875,1.258,6.758,1.375],"rotation":90,"texture":"#2","tintindex":0},"north":{"uv":[1.375,6.875,1.258,6.758],"rotation":90,"texture":"#2","tintindex":0},"west":{"uv":[4.508,6.508,4.625,6.742],"rotation":270,"texture":"#2","tintindex":0},"up":{"uv":[6.508,4.758,6.625,4.992],"rotation":0,"texture":"#2","tintindex":0},"down":{"uv":[6.508,4.508,6.625,4.742],"rotation":180,"texture":"#2","tintindex":0}}},{"from":[7.857895,8.285844,-6.730913],"to":[8.143609,8.571558,-6.159485],"rotation":{"angle":0.0,"axis":"y","origin":[8.0007515,7.7144156,0.7928972]},"faces":{"east":{"uv":[6.625,6.008,6.508,6.242],"rotation":90,"texture":"#2","tintindex":0},"south":{"uv":[6.875,1.508,6.758,1.625],"rotation":90,"texture":"#2","tintindex":0},"north":{"uv":[1.625,6.875,1.508,6.758],"rotation":90,"texture":"#2","tintindex":0},"west":{"uv":[6.508,6.008,6.625,6.242],"rotation":270,"texture":"#2","tintindex":0},"up":{"uv":[6.758,0.008,6.875,0.242],"rotation":0,"texture":"#2","tintindex":0},"down":{"uv":[6.508,6.258,6.625,6.492],"rotation":180,"texture":"#2","tintindex":0}}},{"from":[7.286466,7.285844,17.269089],"to":[8.715037,8.714416,17.840517],"rotation":{"angle":0.0,"axis":"y","origin":[8.0007515,8.00013,0.22146845]},"faces":{"east":{"uv":[6.008,2.758,6.625,2.992],"rotation":90,"texture":"#2","tintindex":0},"south":{"uv":[5.125,4.508,4.508,5.125],"rotation":90,"texture":"#2","tintindex":0},"north":{"uv":[5.125,4.375,4.508,3.758],"rotation":90,"texture":"#2","tintindex":0},"west":{"uv":[6.008,2.258,6.625,2.492],"rotation":270,"texture":"#2","tintindex":0},"up":{"uv":[6.008,3.008,6.625,3.242],"rotation":0,"texture":"#2","tintindex":0},"down":{"uv":[6.008,2.508,6.625,2.742],"rotation":180,"texture":"#2","tintindex":0}}},{"from":[7.5721803,7.5715585,17.840517],"to":[8.429323,8.428701,18.983374],"rotation":{"angle":0.0,"axis":"y","origin":[8.0007515,8.00013,0.22146845]},"faces":{"east":{"uv":[6.008,0.508,6.375,0.992],"rotation":90,"texture":"#2","tintindex":0},"south":{"uv":[4.875,6.008,4.508,6.375],"rotation":90,"texture":"#2","tintindex":0},"north":{"uv":[6.375,4.625,6.008,4.258],"rotation":90,"texture":"#2","tintindex":0},"west":{"uv":[5.758,5.508,6.125,5.992],"rotation":270,"texture":"#2","tintindex":0},"up":{"uv":[6.008,1.008,6.375,1.492],"rotation":0,"texture":"#2","tintindex":0},"down":{"uv":[6.008,0.008,6.375,0.492],"rotation":180,"texture":"#2","tintindex":0}}},{"from":[8.0007515,6.4287014,17.840517],"to":[8.0007515,9.571558,20.697659],"rotation":{"angle":0.0,"axis":"y","origin":[8.0007515,8.00013,0.22146845]},"faces":{"east":{"uv":[1.375,4.508,0.008,5.742],"rotation":90,"texture":"#2","tintindex":0},"south":{"uv":[10.758,2.508,11.758,4.25],"rotation":0,"texture":"#1","tintindex":0},"north":{"uv":[10.758,2.508,11.758,4.25],"rotation":0,"texture":"#1","tintindex":0},"west":{"uv":[0.008,4.508,1.375,5.742],"rotation":270,"texture":"#2","tintindex":0},"up":{"uv":[10.758,2.508,11.758,4.25],"rotation":0,"texture":"#1","tintindex":0},"down":{"uv":[10.758,2.508,11.758,4.25],"rotation":0,"texture":"#1","tintindex":0}}},{"from":[8.0007515,8.428701,-2.5880556],"to":[8.0007515,13.857273,2.5548015],"rotation":{"angle":22.5,"axis":"x","origin":[8.0007515,10.857273,-0.73091316]},"faces":{"east":{"uv":[2.375,0.008,0.008,2.242],"rotation":90,"texture":"#2","tintindex":0},"south":{"uv":[10.758,2.508,11.758,4.25],"rotation":0,"texture":"#1","tintindex":0},"north":{"uv":[10.758,2.508,11.758,4.25],"rotation":0,"texture":"#1","tintindex":0},"west":{"uv":[0.008,0.008,2.375,2.242],"rotation":270,"texture":"#2","tintindex":0},"up":{"uv":[10.758,2.508,11.758,4.25],"rotation":0,"texture":"#1","tintindex":0},"down":{"uv":[10.758,2.508,11.758,4.25],"rotation":0,"texture":"#1","tintindex":0}}},{"from":[7.286466,7.285844,-0.15948391],"to":[8.715037,8.714416,1.2690873],"rotation":{"angle":-45.0,"axis":"x","origin":[8.0007515,8.00013,0.55480146]},"faces":{"east":{"uv":[5.875,1.258,5.258,1.875],"rotation":90,"texture":"#2","tintindex":0},"south":{"uv":[5.125,5.258,4.508,5.875],"rotation":90,"texture":"#2","tintindex":0},"north":{"uv":[5.875,4.875,5.258,4.258],"rotation":90,"texture":"#2","tintindex":0},"west":{"uv":[5.258,1.258,5.875,1.875],"rotation":270,"texture":"#2","tintindex":0},"up":{"uv":[5.258,3.508,5.875,4.125],"rotation":0,"texture":"#2","tintindex":0},"down":{"uv":[5.258,2.008,5.875,2.625],"rotation":180,"texture":"#2","tintindex":0}}},{"from":[7.429323,7.4287014,-2.159484],"to":[8.572181,8.571558,-1.5880556],"rotation":{"angle":0.0,"axis":"y","origin":[8.0007515,8.00013,0.22146845]},"faces":{"east":{"uv":[6.008,6.008,6.492,6.242],"rotation":90,"texture":"#2","tintindex":0},"south":{"uv":[0.992,5.758,0.508,6.242],"rotation":90,"texture":"#2","tintindex":0},"north":{"uv":[0.492,6.242,0.008,5.758],"rotation":90,"texture":"#2","tintindex":0},"west":{"uv":[6.008,4.758,6.492,4.992],"rotation":270,"texture":"#2","tintindex":0},"up":{"uv":[0.008,6.258,0.492,6.492],"rotation":0,"texture":"#2","tintindex":0},"down":{"uv":[5.508,6.008,5.992,6.242],"rotation":180,"texture":"#2","tintindex":0}}},{"from":[7.429323,7.4287014,-3.3023415],"to":[8.572181,8.571558,-2.7309132],"rotation":{"angle":0.0,"axis":"y","origin":[8.0007515,8.00013,0.22146845]},"faces":{"east":{"uv":[1.508,6.258,1.992,6.492],"rotation":90,"texture":"#2","tintindex":0},"south":{"uv":[6.242,5.008,5.758,5.492],"rotation":90,"texture":"#2","tintindex":0},"north":{"uv":[1.492,6.242,1.008,5.758],"rotation":90,"texture":"#2","tintindex":0},"west":{"uv":[0.508,6.258,0.992,6.492],"rotation":270,"texture":"#2","tintindex":0},"up":{"uv":[6.258,5.008,6.742,5.242],"rotation":0,"texture":"#2","tintindex":0},"down":{"uv":[1.008,6.258,1.492,6.492],"rotation":180,"texture":"#2","tintindex":0}}},{"from":[7.843609,7.5193014,-7.9395714],"to":[8.129323,7.676444,-7.7824287],"rotation":{"angle":45.0,"axis":"x","origin":[7.986466,7.8764443,-7.4110003]},"faces":{"east":{"uv":[6.875,2.008,6.758,2.125],"rotation":90,"texture":"#2","tintindex":0},"south":{"uv":[6.875,2.758,6.758,2.875],"rotation":90,"texture":"#2","tintindex":0},"north":{"uv":[6.875,2.625,6.758,2.508],"rotation":90,"texture":"#2","tintindex":0},"west":{"uv":[6.758,1.758,6.875,1.875],"rotation":270,"texture":"#2","tintindex":0},"up":{"uv":[6.758,2.258,6.875,2.375],"rotation":0,"texture":"#2","tintindex":0},"down":{"uv":[6.758,2.008,6.875,2.125],"rotation":180,"texture":"#2","tintindex":0}}},{"from":[8.0007515,2.1429868,-2.5880556],"to":[8.0007515,7.5715585,2.5548015],"rotation":{"angle":-22.5,"axis":"x","origin":[8.0007515,5.1429873,-0.73091316]},"faces":{"east":{"uv":[0.008,0.008,2.375,2.242],"rotation":90,"texture":"#2","tintindex":0},"south":{"uv":[10.758,2.508,11.758,4.25],"rotation":0,"texture":"#1","tintindex":0},"north":{"uv":[10.758,2.508,11.758,4.25],"rotation":0,"texture":"#1","tintindex":0},"west":{"uv":[2.375,0.008,0.008,2.242],"rotation":270,"texture":"#2","tintindex":0},"up":{"uv":[10.758,2.508,11.758,4.25],"rotation":0,"texture":"#1","tintindex":0},"down":{"uv":[10.758,2.508,11.758,4.25],"rotation":0,"texture":"#1","tintindex":0}}}],"display":{"head":{"translation":[0.0,-6.4,0.0],"scale":[4.0,4.0,4.0]}}}