{"textures":{"0":"modelengine:entity/chaos"},"elements":[{"from":[2.9142857,3.4285712,7.3142858],"to":[5.2,4.5714283,10.742857],"rotation":{"angle":0.0,"axis":"y","origin":[4.0571427,3.4285712,10.171429]},"faces":{"east":{"uv":[6.875,4.75,7.625,5.0],"rotation":0,"texture":"#0","tintindex":0},"south":{"uv":[8.875,4.75,9.375,5.0],"rotation":0,"texture":"#0","tintindex":0},"north":{"uv":[7.625,4.75,8.125,5.0],"rotation":0,"texture":"#0","tintindex":0},"west":{"uv":[8.125,4.75,8.875,5.0],"rotation":0,"texture":"#0","tintindex":0},"up":{"uv":[8.125,4.75,7.625,4.0],"rotation":0,"texture":"#0","tintindex":0},"down":{"uv":[8.625,4.0,8.125,4.75],"rotation":0,"texture":"#0","tintindex":0}}}],"display":{"head":{"translation":[0.0,-6.4,0.0],"scale":[4.0,4.0,4.0]}}}