{"textures":{"0":"modelengine:entity/chaos"},"elements":[{"from":[7.428571,8.0,6.285714],"to":[12.0,10.857143,10.285714],"rotation":{"angle":0.0,"axis":"y","origin":[8.0,8.0,8.0]},"faces":{"east":{"uv":[2.875,2.125,3.75,2.75],"rotation":0,"texture":"#0","tintindex":0},"south":{"uv":[5.625,2.125,6.625,2.75],"rotation":0,"texture":"#0","tintindex":0},"north":{"uv":[3.75,2.125,4.75,2.75],"rotation":0,"texture":"#0","tintindex":0},"west":{"uv":[4.75,2.125,5.625,2.75],"rotation":0,"texture":"#0","tintindex":0},"up":{"uv":[4.75,2.125,3.75,1.25],"rotation":0,"texture":"#0","tintindex":0},"down":{"uv":[5.75,1.25,4.75,2.125],"rotation":0,"texture":"#0","tintindex":0}}},{"from":[8.404088,9.926519,7.931123],"to":[9.718373,11.069377,9.07398],"rotation":{"angle":0.0,"axis":"y","origin":[8.004087,7.355091,7.2454085]},"faces":{"east":{"uv":[0.0,8.625,0.25,8.875],"rotation":0,"texture":"#0","tintindex":0},"south":{"uv":[0.75,8.625,1.0,8.875],"rotation":0,"texture":"#0","tintindex":0},"north":{"uv":[0.25,8.625,0.5,8.875],"rotation":0,"texture":"#0","tintindex":0},"west":{"uv":[0.5,8.625,0.75,8.875],"rotation":0,"texture":"#0","tintindex":0},"up":{"uv":[0.5,8.625,0.25,8.375],"rotation":0,"texture":"#0","tintindex":0},"down":{"uv":[0.75,8.375,0.5,8.625],"rotation":0,"texture":"#0","tintindex":0}}},{"from":[10.8,9.828571,7.428571],"to":[11.942858,11.542857,8.571428],"rotation":{"angle":0.0,"axis":"y","origin":[8.0,8.0,8.0]},"faces":{"east":{"uv":[1.625,6.0,1.875,6.375],"rotation":0,"texture":"#0","tintindex":0},"south":{"uv":[2.375,6.0,2.625,6.375],"rotation":0,"texture":"#0","tintindex":0},"north":{"uv":[1.875,6.0,2.125,6.375],"rotation":0,"texture":"#0","tintindex":0},"west":{"uv":[2.125,6.0,2.375,6.375],"rotation":0,"texture":"#0","tintindex":0},"up":{"uv":[2.125,6.0,1.875,5.75],"rotation":0,"texture":"#0","tintindex":0},"down":{"uv":[2.375,5.75,2.125,6.0],"rotation":0,"texture":"#0","tintindex":0}}}],"display":{"head":{"translation":[0.0,-6.4,0.0],"scale":[4.0,4.0,4.0]}}}