{"textures":{"0":"modelengine:entity/chaos"},"elements":[{"from":[7.714286,7.428571,7.714286],"to":[8.285714,9.714286,8.285714],"rotation":{"angle":0.0,"axis":"y","origin":[8.0,7.428571,8.171429]},"faces":{"east":{"uv":[0.0,0.125,0.125,0.625],"rotation":0,"texture":"#0","tintindex":0},"south":{"uv":[0.375,0.125,0.5,0.625],"rotation":0,"texture":"#0","tintindex":0},"north":{"uv":[0.125,0.125,0.25,0.625],"rotation":0,"texture":"#0","tintindex":0},"west":{"uv":[0.25,0.125,0.375,0.625],"rotation":0,"texture":"#0","tintindex":0},"up":{"uv":[0.25,0.125,0.125,0.0],"rotation":0,"texture":"#0","tintindex":0},"down":{"uv":[0.375,0.0,0.25,0.125],"rotation":0,"texture":"#0","tintindex":0}}}],"display":{"head":{"translation":[0.0,-6.4,0.0],"scale":[4.0,4.0,4.0]}}}