{"textures":{"0":"modelengine:entity/archangel"},"elements":[{"from":[7.4357142,14.290913,5.3291464],"to":[8.564285,15.433769,13.329146],"rotation":{"angle":-45.0,"axis":"x","origin":[8.007143,14.495747,14.911243]},"faces":{"east":{"uv":[8.129,4.254,9.871,4.496],"rotation":0,"texture":"#0","tintindex":0},"south":{"uv":[0.754,10.754,0.996,10.996],"rotation":0,"texture":"#0","tintindex":0},"north":{"uv":[6.629,10.629,6.871,10.871],"rotation":0,"texture":"#0","tintindex":0},"west":{"uv":[8.129,4.629,9.871,4.871],"rotation":0,"texture":"#0","tintindex":0},"up":{"uv":[6.871,9.621,6.629,7.879],"rotation":0,"texture":"#0","tintindex":0},"down":{"uv":[4.246,8.004,4.004,9.746],"rotation":0,"texture":"#0","tintindex":0}}},{"from":[7.4357142,15.377827,12.294529],"to":[8.564285,16.520683,18.008816],"rotation":{"angle":-22.5,"axis":"x","origin":[8.007143,14.495747,14.911243]},"faces":{"east":{"uv":[9.379,3.879,10.621,4.121],"rotation":0,"texture":"#0","tintindex":0},"south":{"uv":[10.754,5.004,10.996,5.246],"rotation":0,"texture":"#0","tintindex":0},"north":{"uv":[10.754,4.629,10.996,4.871],"rotation":0,"texture":"#0","tintindex":0},"west":{"uv":[9.504,5.879,10.746,6.121],"rotation":0,"texture":"#0","tintindex":0},"up":{"uv":[3.621,10.621,3.379,9.379],"rotation":0,"texture":"#0","tintindex":0},"down":{"uv":[5.246,9.504,5.004,10.746],"rotation":0,"texture":"#0","tintindex":0}}},{"from":[8.0,-1.3052082,8.426683],"to":[8.0,17.551937,16.998112],"rotation":{"angle":0.0,"axis":"y","origin":[8.571428,14.495747,14.911243]},"faces":{"east":{"uv":[0.004,4.254,1.871,8.371],"rotation":0,"texture":"#0","tintindex":0},"south":{"uv":[1.004,11.379,0.992,15.496],"rotation":0,"texture":"#0","tintindex":0},"north":{"uv":[0.879,11.379,0.879,15.496],"rotation":0,"texture":"#0","tintindex":0},"west":{"uv":[1.871,4.254,0.004,8.371],"rotation":0,"texture":"#0","tintindex":0},"up":{"uv":[2.754,13.246,2.742,11.379],"rotation":0,"texture":"#0","tintindex":0},"down":{"uv":[2.879,11.379,2.879,13.246],"rotation":0,"texture":"#0","tintindex":0}}},{"from":[7.428571,13.663542,12.323101],"to":[8.571428,16.506397,13.4373865],"rotation":{"angle":-22.5,"axis":"x","origin":[8.0,14.495747,14.911243]},"faces":{"east":{"uv":[10.379,6.629,10.621,7.246],"rotation":0,"texture":"#0","tintindex":0},"south":{"uv":[9.254,10.379,9.496,10.996],"rotation":0,"texture":"#0","tintindex":0},"north":{"uv":[5.379,10.379,5.621,10.996],"rotation":0,"texture":"#0","tintindex":0},"west":{"uv":[9.629,10.379,9.871,10.996],"rotation":0,"texture":"#0","tintindex":0},"up":{"uv":[10.996,4.121,10.754,3.879],"rotation":0,"texture":"#0","tintindex":0},"down":{"uv":[10.996,4.254,10.754,4.496],"rotation":0,"texture":"#0","tintindex":0}}}],"display":{"head":{"translation":[0.0,-6.4,0.0],"scale":[4.0,4.0,4.0]}}}