{"textures":{"0":"modelengine:entity/archangel"},"elements":[{"from":[6.7539406,4.6811557,6.8918123],"to":[9.039655,8.109727,9.177526],"rotation":{"angle":0.0,"axis":"y","origin":[3.8967977,-5.890274,8.03467]},"faces":{"east":{"uv":[1.879,8.504,2.371,9.246],"rotation":0,"texture":"#0","tintindex":0},"south":{"uv":[2.504,8.504,2.996,9.246],"rotation":0,"texture":"#0","tintindex":0},"north":{"uv":[1.254,8.504,1.746,9.246],"rotation":0,"texture":"#0","tintindex":0},"west":{"uv":[3.129,8.504,3.621,9.246],"rotation":0,"texture":"#0","tintindex":0},"up":{"uv":[8.121,9.996,7.629,9.504],"rotation":0,"texture":"#0","tintindex":0},"down":{"uv":[8.746,9.504,8.254,9.996],"rotation":0,"texture":"#0","tintindex":0}}},{"from":[7.6110835,5.7954416,6.606098],"to":[9.325369,8.081156,9.463242],"rotation":{"angle":0.0,"axis":"y","origin":[3.8967977,-5.890274,8.03467]},"faces":{"east":{"uv":[9.129,1.629,9.746,2.121],"rotation":0,"texture":"#0","tintindex":0},"south":{"uv":[5.879,10.129,6.246,10.621],"rotation":0,"texture":"#0","tintindex":0},"north":{"uv":[0.754,10.129,1.121,10.621],"rotation":0,"texture":"#0","tintindex":0},"west":{"uv":[9.129,7.754,9.746,8.246],"rotation":0,"texture":"#0","tintindex":0},"up":{"uv":[10.121,1.371,9.754,0.754],"rotation":0,"texture":"#0","tintindex":0},"down":{"uv":[4.746,9.754,4.379,10.371],"rotation":0,"texture":"#0","tintindex":0}}},{"from":[7.228398,6.7287045,6.606098],"to":[7.7998266,7.1572757,9.463242],"rotation":{"angle":0.0,"axis":"y","origin":[4.085541,-6.099867,8.03467]},"faces":{"east":{"uv":[10.504,8.879,11.121,8.996],"rotation":0,"texture":"#0","tintindex":0},"south":{"uv":[9.254,10.129,9.371,10.246],"rotation":0,"texture":"#0","tintindex":0},"north":{"uv":[10.129,6.629,10.246,6.746],"rotation":0,"texture":"#0","tintindex":0},"west":{"uv":[10.629,2.879,11.246,2.996],"rotation":0,"texture":"#0","tintindex":0},"up":{"uv":[3.871,9.121,3.754,8.504],"rotation":0,"texture":"#0","tintindex":0},"down":{"uv":[6.496,8.754,6.379,9.371],"rotation":0,"texture":"#0","tintindex":0}}},{"from":[7.370661,7.015316,6.5918126],"to":[7.942089,8.015316,9.477527],"rotation":{"angle":-22.5,"axis":"z","origin":[7.656375,7.443887,8.03467]},"faces":{"east":{"uv":[8.379,3.129,8.996,3.371],"rotation":0,"texture":"#0","tintindex":0},"south":{"uv":[11.004,11.004,11.121,11.246],"rotation":0,"texture":"#0","tintindex":0},"north":{"uv":[10.754,11.004,10.871,11.246],"rotation":0,"texture":"#0","tintindex":0},"west":{"uv":[9.879,8.004,10.496,8.246],"rotation":0,"texture":"#0","tintindex":0},"up":{"uv":[6.496,10.746,6.379,10.129],"rotation":0,"texture":"#0","tintindex":0},"down":{"uv":[0.621,10.629,0.504,11.246],"rotation":0,"texture":"#0","tintindex":0}}},{"from":[7.370661,5.8612814,6.5918126],"to":[7.942089,6.8612814,9.477527],"rotation":{"angle":22.5,"axis":"z","origin":[7.656375,6.43271,8.03467]},"faces":{"east":{"uv":[10.004,3.504,10.621,3.746],"rotation":0,"texture":"#0","tintindex":0},"south":{"uv":[11.129,0.004,11.246,0.246],"rotation":0,"texture":"#0","tintindex":0},"north":{"uv":[0.004,11.129,0.121,11.371],"rotation":0,"texture":"#0","tintindex":0},"west":{"uv":[10.129,6.254,10.746,6.496],"rotation":0,"texture":"#0","tintindex":0},"up":{"uv":[2.871,11.246,2.754,10.629],"rotation":0,"texture":"#0","tintindex":0},"down":{"uv":[3.121,10.629,3.004,11.246],"rotation":0,"texture":"#0","tintindex":0}}}],"display":{"head":{"translation":[0.0,-6.4,0.0],"scale":[4.0,4.0,4.0]}}}