{"textures":{"0":"modelengine:entity/hell"},"elements":[{"from":[8.158863,7.379193,6.857143],"to":[8.730291,9.093478,9.142858],"rotation":{"angle":0.0,"axis":"y","origin":[6.5714283,-2.8571434,8.0]},"faces":{"east":{"uv":[7.25,2.625,7.75,3.0],"rotation":0,"texture":"#0","tintindex":0},"south":{"uv":[5.625,7.5,5.75,7.875],"rotation":0,"texture":"#0","tintindex":0},"north":{"uv":[5.5,7.5,5.625,7.875],"rotation":0,"texture":"#0","tintindex":0},"west":{"uv":[7.25,3.0,7.75,3.375],"rotation":0,"texture":"#0","tintindex":0},"up":{"uv":[5.375,7.875,5.25,7.375],"rotation":0,"texture":"#0","tintindex":0},"down":{"uv":[5.5,7.375,5.375,7.875],"rotation":0,"texture":"#0","tintindex":0}}}],"display":{"head":{"translation":[0.0,-6.4,0.0],"scale":[4.0,4.0,4.0]}}}