{"textures":{"0":"modelengine:entity/hell"},"elements":[{"from":[5.714286,4.5714283,6.857143],"to":[10.285714,5.142857,9.142858],"rotation":{"angle":0.0,"axis":"y","origin":[8.0,-4.5714293,8.0]},"faces":{"east":{"uv":[7.375,1.0,7.875,1.125],"rotation":0,"texture":"#0","tintindex":0},"south":{"uv":[7.25,4.25,8.25,4.375],"rotation":0,"texture":"#0","tintindex":0},"north":{"uv":[7.25,4.125,8.25,4.25],"rotation":0,"texture":"#0","tintindex":0},"west":{"uv":[1.5,7.375,2.0,7.5],"rotation":0,"texture":"#0","tintindex":0},"up":{"uv":[6.0,4.25,5.0,3.75],"rotation":0,"texture":"#0","tintindex":0},"down":{"uv":[5.0,5.0,4.0,5.5],"rotation":0,"texture":"#0","tintindex":0}}}],"display":{"head":{"translation":[0.0,-6.4,0.0],"scale":[4.0,4.0,4.0]}}}