{"textures":{"0":"modelengine:entity/hell"},"elements":[{"from":[7.028571,7.401481,7.104502],"to":[8.971429,11.115767,9.390217],"rotation":{"angle":0.0,"axis":"y","origin":[9.314285,6.285714,8.0]},"faces":{"east":{"uv":[0.0,6.0,0.5,6.875],"rotation":0,"texture":"#0","tintindex":0},"south":{"uv":[5.25,6.5,5.625,7.375],"rotation":0,"texture":"#0","tintindex":0},"north":{"uv":[4.875,6.5,5.25,7.375],"rotation":0,"texture":"#0","tintindex":0},"west":{"uv":[6.0,0.0,6.5,0.875],"rotation":0,"texture":"#0","tintindex":0},"up":{"uv":[6.375,7.625,6.0,7.125],"rotation":0,"texture":"#0","tintindex":0},"down":{"uv":[7.625,1.125,7.25,1.625],"rotation":0,"texture":"#0","tintindex":0}}}],"display":{"head":{"translation":[0.0,-6.4,0.0],"scale":[4.0,4.0,4.0]}}}