{"textures":{"0":"modelengine:entity/hell"},"elements":[{"from":[7.0857143,7.401481,7.104502],"to":[9.028571,11.115767,9.390217],"rotation":{"angle":0.0,"axis":"y","origin":[9.314285,6.285714,8.0]},"faces":{"east":{"uv":[0.5,6.0,1.0,6.875],"rotation":0,"texture":"#0","tintindex":0},"south":{"uv":[6.5,5.75,6.875,6.625],"rotation":0,"texture":"#0","tintindex":0},"north":{"uv":[5.625,6.5,6.0,7.375],"rotation":0,"texture":"#0","tintindex":0},"west":{"uv":[6.0,0.875,6.5,1.75],"rotation":0,"texture":"#0","tintindex":0},"up":{"uv":[7.625,2.125,7.25,1.625],"rotation":0,"texture":"#0","tintindex":0},"down":{"uv":[7.625,2.125,7.25,2.625],"rotation":0,"texture":"#0","tintindex":0}}}],"display":{"head":{"translation":[0.0,-6.4,0.0],"scale":[4.0,4.0,4.0]}}}