{"textures":{"0":"modelengine:entity/dopel"},"elements":[{"from":[8.0,6.4,7.428571],"to":[8.0,9.6,8.571428],"rotation":{"angle":0.0,"axis":"y","origin":[8.0,8.0,8.0]},"faces":{"east":{"uv":[5.0,10.625,5.25,11.25],"rotation":0,"texture":"#0","tintindex":0},"south":{"uv":[5.5,10.625,5.5,11.25],"rotation":0,"texture":"#0","tintindex":0},"north":{"uv":[5.25,10.625,5.25,11.25],"rotation":0,"texture":"#0","tintindex":0},"west":{"uv":[5.25,10.625,5.5,11.25],"rotation":0,"texture":"#0","tintindex":0},"up":{"uv":[5.25,10.625,5.25,10.375],"rotation":0,"texture":"#0","tintindex":0},"down":{"uv":[5.25,10.375,5.25,10.625],"rotation":0,"texture":"#0","tintindex":0}}}],"display":{"head":{"translation":[0.0,-6.4,0.0],"scale":[4.0,4.0,4.0]}}}