{"textures":{"0":"modelengine:entity/dopel"},"elements":[{"from":[7.714286,7.714286,7.2285714],"to":[8.285714,8.285714,8.771429],"rotation":{"angle":0.0,"axis":"y","origin":[8.0,8.0,8.0]},"faces":{"east":{"uv":[10.75,11.0,11.0,11.125],"rotation":0,"texture":"#0","tintindex":0},"south":{"uv":[11.375,11.0,11.5,11.125],"rotation":0,"texture":"#0","tintindex":0},"north":{"uv":[11.0,11.0,11.125,11.125],"rotation":0,"texture":"#0","tintindex":0},"west":{"uv":[11.125,11.0,11.375,11.125],"rotation":0,"texture":"#0","tintindex":0},"up":{"uv":[11.125,11.0,11.0,10.75],"rotation":0,"texture":"#0","tintindex":0},"down":{"uv":[11.25,10.75,11.125,11.0],"rotation":0,"texture":"#0","tintindex":0}}}],"display":{"head":{"translation":[0.0,-6.4,0.0],"scale":[4.0,4.0,4.0]}}}