{"textures":{"0":"modelengine:entity/dopel"},"elements":[{"from":[8.0,5.714286,7.6857142],"to":[8.0,10.285714,8.314285],"rotation":{"angle":0.0,"axis":"y","origin":[8.0,8.0,8.0]},"faces":{"east":{"uv":[2.0,9.625,2.125,10.625],"rotation":0,"texture":"#0","tintindex":0},"south":{"uv":[2.25,9.625,2.25,10.625],"rotation":0,"texture":"#0","tintindex":0},"north":{"uv":[2.125,9.625,2.125,10.625],"rotation":0,"texture":"#0","tintindex":0},"west":{"uv":[2.125,9.625,2.25,10.625],"rotation":0,"texture":"#0","tintindex":0},"up":{"uv":[2.125,9.625,2.125,9.5],"rotation":0,"texture":"#0","tintindex":0},"down":{"uv":[2.125,9.5,2.125,9.625],"rotation":0,"texture":"#0","tintindex":0}}}],"display":{"head":{"translation":[0.0,-6.4,0.0],"scale":[4.0,4.0,4.0]}}}