{"textures":{"0":"modelengine:entity/dopel"},"elements":[{"from":[7.714286,7.428571,7.714286],"to":[8.285714,8.571428,8.285714],"rotation":{"angle":0.0,"axis":"y","origin":[8.0,8.0,8.0]},"faces":{"east":{"uv":[8.5,6.0,8.625,6.25],"rotation":0,"texture":"#0","tintindex":0},"south":{"uv":[8.875,6.0,9.0,6.25],"rotation":0,"texture":"#0","tintindex":0},"north":{"uv":[8.625,6.0,8.75,6.25],"rotation":0,"texture":"#0","tintindex":0},"west":{"uv":[8.75,6.0,8.875,6.25],"rotation":0,"texture":"#0","tintindex":0},"up":{"uv":[8.75,6.0,8.625,5.875],"rotation":0,"texture":"#0","tintindex":0},"down":{"uv":[8.875,5.875,8.75,6.0],"rotation":0,"texture":"#0","tintindex":0}}}],"display":{"head":{"translation":[0.0,-6.4,0.0],"scale":[4.0,4.0,4.0]}}}