{"textures":{"0":"modelengine:entity/dopel"},"elements":[{"from":[8.0,6.4,7.142857],"to":[8.0,9.6,8.857143],"rotation":{"angle":0.0,"axis":"y","origin":[8.0,8.0,8.0]},"faces":{"east":{"uv":[4.0,6.5,4.375,7.125],"rotation":0,"texture":"#0","tintindex":0},"south":{"uv":[4.75,6.5,4.75,7.125],"rotation":0,"texture":"#0","tintindex":0},"north":{"uv":[4.375,6.5,4.375,7.125],"rotation":0,"texture":"#0","tintindex":0},"west":{"uv":[4.375,6.5,4.75,7.125],"rotation":0,"texture":"#0","tintindex":0},"up":{"uv":[4.375,6.5,4.375,6.125],"rotation":0,"texture":"#0","tintindex":0},"down":{"uv":[4.375,6.125,4.375,6.5],"rotation":0,"texture":"#0","tintindex":0}}}],"display":{"head":{"translation":[0.0,-6.4,0.0],"scale":[4.0,4.0,4.0]}}}