{"textures":{"0":"modelengine:entity/dopel"},"elements":[{"from":[5.3667707,7.403468,4.4068274],"to":[9.938199,12.260612,8.978256],"rotation":{"angle":0.0,"axis":"y","origin":[7.652485,9.83204,6.692542]},"faces":{"east":{"uv":[0.0,6.875,1.0,7.875],"rotation":0,"texture":"#0","tintindex":0},"south":{"uv":[3.0,6.875,4.0,7.875],"rotation":0,"texture":"#0","tintindex":0},"north":{"uv":[1.0,6.875,2.0,7.875],"rotation":0,"texture":"#0","tintindex":0},"west":{"uv":[2.0,6.875,3.0,7.875],"rotation":0,"texture":"#0","tintindex":0},"up":{"uv":[2.0,6.875,1.0,5.875],"rotation":0,"texture":"#0","tintindex":0},"down":{"uv":[3.0,5.875,2.0,6.875],"rotation":0,"texture":"#0","tintindex":0}}}],"display":{"head":{"translation":[0.0,-6.4,0.0],"scale":[4.0,4.0,4.0]}}}