{"textures":{"0":"modelengine:entity/hell"},"elements":[{"from":[8.275076,8.124743,7.9819713],"to":[9.932219,8.6390295,8.5534],"rotation":{"angle":0.0,"axis":"y","origin":[8.0,8.0,8.0]},"faces":{"east":{"uv":[7.625,1.25,7.75,1.375],"rotation":0,"texture":"#0","tintindex":0},"south":{"uv":[3.0,7.5,3.375,7.625],"rotation":0,"texture":"#0","tintindex":0},"north":{"uv":[2.625,7.5,3.0,7.625],"rotation":0,"texture":"#0","tintindex":0},"west":{"uv":[1.375,7.625,1.5,7.75],"rotation":0,"texture":"#0","tintindex":0},"up":{"uv":[3.75,7.625,3.375,7.5],"rotation":0,"texture":"#0","tintindex":0},"down":{"uv":[4.125,7.5,3.75,7.625],"rotation":0,"texture":"#0","tintindex":0}}}],"display":{"head":{"translation":[0.0,-6.4,0.0],"scale":[4.0,4.0,4.0]}}}