{"textures":{"0":"modelengine:entity/hell"},"elements":[{"from":[6.857143,5.714286,6.857143],"to":[8.8,9.142858,9.142858],"rotation":{"angle":0.0,"axis":"y","origin":[9.085714,2.2857141,8.0]},"faces":{"east":{"uv":[2.5,6.0,3.0,6.75],"rotation":0,"texture":"#0","tintindex":0},"south":{"uv":[2.375,6.75,2.75,7.5],"rotation":0,"texture":"#0","tintindex":0},"north":{"uv":[2.0,6.75,2.375,7.5],"rotation":0,"texture":"#0","tintindex":0},"west":{"uv":[6.0,2.5,6.5,3.25],"rotation":0,"texture":"#0","tintindex":0},"up":{"uv":[0.875,7.375,0.5,6.875],"rotation":0,"texture":"#0","tintindex":0},"down":{"uv":[7.25,1.125,6.875,1.625],"rotation":0,"texture":"#0","tintindex":0}}}],"display":{"head":{"translation":[0.0,-6.4,0.0],"scale":[4.0,4.0,4.0]}}}