{"textures":{"0":"modelengine:entity/hell"},"elements":[{"from":[6.857143,6.285714,6.857143],"to":[8.571428,9.714286,9.142858],"rotation":{"angle":0.0,"axis":"y","origin":[10.857143,-4.000001,8.0]},"faces":{"east":{"uv":[3.5,6.0,4.0,6.75],"rotation":0,"texture":"#0","tintindex":0},"south":{"uv":[3.875,6.75,4.25,7.5],"rotation":0,"texture":"#0","tintindex":0},"north":{"uv":[3.5,6.75,3.875,7.5],"rotation":0,"texture":"#0","tintindex":0},"west":{"uv":[6.0,4.0,6.5,4.75],"rotation":0,"texture":"#0","tintindex":0},"up":{"uv":[7.25,3.125,6.875,2.625],"rotation":0,"texture":"#0","tintindex":0},"down":{"uv":[7.25,3.125,6.875,3.625],"rotation":0,"texture":"#0","tintindex":0}}}],"display":{"head":{"translation":[0.0,-6.4,0.0],"scale":[4.0,4.0,4.0]}}}