{"textures":{"0":"modelengine:entity/ghost"},"elements":[{"from":[5.5873013,6.6299353,8.432543],"to":[5.5873013,7.201364,10.718258],"rotation":{"angle":-45.0,"axis":"x","origin":[5.5873013,6.91565,9.5754]},"faces":{"east":{"uv":[0.0,3.0,0.5,3.125],"rotation":0,"texture":"#0","tintindex":0},"south":{"uv":[1.0,3.0,1.0,3.125],"rotation":0,"texture":"#0","tintindex":0},"north":{"uv":[0.5,3.0,0.5,3.125],"rotation":0,"texture":"#0","tintindex":0},"west":{"uv":[0.5,3.0,1.0,3.125],"rotation":0,"texture":"#0","tintindex":0},"up":{"uv":[0.5,3.0,0.5,2.5],"rotation":0,"texture":"#0","tintindex":0},"down":{"uv":[0.5,2.5,0.5,3.0],"rotation":0,"texture":"#0","tintindex":0}}},{"from":[5.415873,8.009143,5.592079],"to":[7.701587,10.294857,7.8777933],"rotation":{"angle":0.0,"axis":"y","origin":[6.55873,9.151999,6.734936]},"faces":{"east":{"uv":[7.5,6.375,8.0,6.875],"rotation":0,"texture":"#0","tintindex":0},"south":{"uv":[9.0,6.375,9.5,6.875],"rotation":0,"texture":"#0","tintindex":0},"north":{"uv":[8.0,6.375,8.5,6.875],"rotation":0,"texture":"#0","tintindex":0},"west":{"uv":[8.5,6.375,9.0,6.875],"rotation":0,"texture":"#0","tintindex":0},"up":{"uv":[8.5,6.375,8.0,5.875],"rotation":0,"texture":"#0","tintindex":0},"down":{"uv":[9.0,5.875,8.5,6.375],"rotation":0,"texture":"#0","tintindex":0}}},{"from":[7.75873,8.009143,5.592079],"to":[10.044445,10.294857,7.8777933],"rotation":{"angle":0.0,"axis":"y","origin":[8.9015875,9.151999,6.734936]},"faces":{"east":{"uv":[7.5,4.75,8.0,5.25],"rotation":0,"texture":"#0","tintindex":0},"south":{"uv":[9.0,4.75,9.5,5.25],"rotation":0,"texture":"#0","tintindex":0},"north":{"uv":[8.0,4.75,8.5,5.25],"rotation":0,"texture":"#0","tintindex":0},"west":{"uv":[8.5,4.75,9.0,5.25],"rotation":0,"texture":"#0","tintindex":0},"up":{"uv":[8.5,4.75,8.0,4.25],"rotation":0,"texture":"#0","tintindex":0},"down":{"uv":[9.0,4.25,8.5,4.75],"rotation":0,"texture":"#0","tintindex":0}}},{"from":[5.5873013,8.602633,6.877289],"to":[5.5873013,9.174063,9.734432],"rotation":{"angle":-45.0,"axis":"x","origin":[5.5873013,8.888348,8.3058605]},"faces":{"east":{"uv":[1.75,2.75,2.375,2.875],"rotation":0,"texture":"#0","tintindex":0},"south":{"uv":[3.0,2.75,3.0,2.875],"rotation":0,"texture":"#0","tintindex":0},"north":{"uv":[2.375,2.75,2.375,2.875],"rotation":0,"texture":"#0","tintindex":0},"west":{"uv":[2.375,2.75,3.0,2.875],"rotation":0,"texture":"#0","tintindex":0},"up":{"uv":[2.375,2.75,2.375,2.125],"rotation":0,"texture":"#0","tintindex":0},"down":{"uv":[2.375,2.125,2.375,2.75],"rotation":0,"texture":"#0","tintindex":0}}},{"from":[5.415873,5.7445774,5.9888043],"to":[7.701587,8.601721,8.274519],"rotation":{"angle":-22.5,"axis":"x","origin":[6.55873,7.173149,7.1316614]},"faces":{"east":{"uv":[7.25,2.5,7.75,3.125],"rotation":0,"texture":"#0","tintindex":0},"south":{"uv":[8.75,2.5,9.25,3.125],"rotation":0,"texture":"#0","tintindex":0},"north":{"uv":[7.75,2.5,8.25,3.125],"rotation":0,"texture":"#0","tintindex":0},"west":{"uv":[8.25,2.5,8.75,3.125],"rotation":0,"texture":"#0","tintindex":0},"up":{"uv":[8.25,2.5,7.75,2.0],"rotation":0,"texture":"#0","tintindex":0},"down":{"uv":[8.75,2.0,8.25,2.5],"rotation":0,"texture":"#0","tintindex":0}}},{"from":[9.930159,8.602633,6.877289],"to":[9.930159,9.174063,9.734432],"rotation":{"angle":-45.0,"axis":"x","origin":[9.930159,8.888348,8.3058605]},"faces":{"east":{"uv":[1.75,2.875,2.375,3.0],"rotation":0,"texture":"#0","tintindex":0},"south":{"uv":[3.0,2.875,3.0,3.0],"rotation":0,"texture":"#0","tintindex":0},"north":{"uv":[2.375,2.875,2.375,3.0],"rotation":0,"texture":"#0","tintindex":0},"west":{"uv":[2.375,2.875,3.0,3.0],"rotation":0,"texture":"#0","tintindex":0},"up":{"uv":[2.375,2.875,2.375,2.25],"rotation":0,"texture":"#0","tintindex":0},"down":{"uv":[2.375,2.25,2.375,2.875],"rotation":0,"texture":"#0","tintindex":0}}},{"from":[10.044445,6.3131356,8.218569],"to":[10.044445,9.170279,8.789997],"rotation":{"angle":-22.5,"axis":"x","origin":[10.044445,7.7417073,8.504283]},"faces":{"east":{"uv":[5.0,7.75,5.125,8.375],"rotation":0,"texture":"#0","tintindex":0},"south":{"uv":[5.25,7.75,5.25,8.375],"rotation":0,"texture":"#0","tintindex":0},"north":{"uv":[5.125,7.75,5.125,8.375],"rotation":0,"texture":"#0","tintindex":0},"west":{"uv":[5.125,7.75,5.25,8.375],"rotation":0,"texture":"#0","tintindex":0},"up":{"uv":[5.125,7.75,5.125,7.625],"rotation":0,"texture":"#0","tintindex":0},"down":{"uv":[5.125,7.625,5.125,7.75],"rotation":0,"texture":"#0","tintindex":0}}},{"from":[7.75873,5.7445774,5.9888043],"to":[10.044445,8.601721,8.274519],"rotation":{"angle":-22.5,"axis":"x","origin":[8.9015875,7.173149,7.1316614]},"faces":{"east":{"uv":[4.0,7.5,4.5,8.125],"rotation":0,"texture":"#0","tintindex":0},"south":{"uv":[5.5,7.5,6.0,8.125],"rotation":0,"texture":"#0","tintindex":0},"north":{"uv":[4.5,7.5,5.0,8.125],"rotation":0,"texture":"#0","tintindex":0},"west":{"uv":[5.0,7.5,5.5,8.125],"rotation":0,"texture":"#0","tintindex":0},"up":{"uv":[5.0,7.5,4.5,7.0],"rotation":0,"texture":"#0","tintindex":0},"down":{"uv":[5.5,7.0,5.0,7.5],"rotation":0,"texture":"#0","tintindex":0}}},{"from":[9.930159,6.6299353,8.432543],"to":[9.930159,7.201364,10.718258],"rotation":{"angle":-45.0,"axis":"x","origin":[9.930159,6.91565,9.5754]},"faces":{"east":{"uv":[0.0,0.875,0.5,1.0],"rotation":0,"texture":"#0","tintindex":0},"south":{"uv":[1.0,0.875,1.0,1.0],"rotation":0,"texture":"#0","tintindex":0},"north":{"uv":[0.5,0.875,0.5,1.0],"rotation":0,"texture":"#0","tintindex":0},"west":{"uv":[0.5,0.875,1.0,1.0],"rotation":0,"texture":"#0","tintindex":0},"up":{"uv":[0.5,0.875,0.5,0.375],"rotation":0,"texture":"#0","tintindex":0},"down":{"uv":[0.5,0.375,0.5,0.875],"rotation":0,"texture":"#0","tintindex":0}}}],"display":{"head":{"translation":[0.0,-6.4,0.0],"scale":[4.0,4.0,4.0]}}}