{"textures":{"0":"modelengine:entity/ghost"},"elements":[{"from":[5.8285713,6.4468684,7.409362],"to":[10.171429,6.4468684,9.695076],"rotation":{"angle":-45.0,"axis":"x","origin":[8.0,6.758409,8.446676]},"faces":{"east":{"uv":[2.25,5.25,2.75,5.25],"rotation":0,"texture":"#0","tintindex":0},"south":{"uv":[4.125,5.25,5.0,5.25],"rotation":0,"texture":"#0","tintindex":0},"north":{"uv":[2.75,5.25,3.625,5.25],"rotation":0,"texture":"#0","tintindex":0},"west":{"uv":[3.625,5.25,4.125,5.25],"rotation":0,"texture":"#0","tintindex":0},"up":{"uv":[3.625,5.25,2.75,4.75],"rotation":0,"texture":"#0","tintindex":0},"down":{"uv":[4.5,4.75,3.625,5.25],"rotation":0,"texture":"#0","tintindex":0}}},{"from":[5.8285713,9.720781,4.701012],"to":[10.171429,9.720781,7.558155],"rotation":{"angle":-45.0,"axis":"x","origin":[8.0,9.720781,6.9867268]},"faces":{"east":{"uv":[4.625,4.875,5.25,4.875],"rotation":0,"texture":"#0","tintindex":0},"south":{"uv":[6.75,4.875,7.625,4.875],"rotation":0,"texture":"#0","tintindex":0},"north":{"uv":[5.25,4.875,6.125,4.875],"rotation":0,"texture":"#0","tintindex":0},"west":{"uv":[6.125,4.875,6.75,4.875],"rotation":0,"texture":"#0","tintindex":0},"up":{"uv":[6.125,4.875,5.25,4.25],"rotation":0,"texture":"#0","tintindex":0},"down":{"uv":[7.0,4.25,6.125,4.875],"rotation":0,"texture":"#0","tintindex":0}}}],"display":{"head":{"translation":[0.0,-6.4,0.0],"scale":[4.0,4.0,4.0]}}}