{"textures":{"0":"modelengine:entity/chaos"},"elements":[{"from":[5.714286,1.1428566,6.857143],"to":[10.285714,8.0,9.714286],"rotation":{"angle":0.0,"axis":"y","origin":[8.0,-5.714287,8.0]},"faces":{"east":{"uv":[0.0,0.625,0.625,2.125],"rotation":0,"texture":"#0","tintindex":0},"south":{"uv":[2.25,0.625,3.25,2.125],"rotation":0,"texture":"#0","tintindex":0},"north":{"uv":[0.625,0.625,1.625,2.125],"rotation":0,"texture":"#0","tintindex":0},"west":{"uv":[1.625,0.625,2.25,2.125],"rotation":0,"texture":"#0","tintindex":0},"up":{"uv":[1.625,0.625,0.625,0.0],"rotation":0,"texture":"#0","tintindex":0},"down":{"uv":[2.625,0.0,1.625,0.625],"rotation":0,"texture":"#0","tintindex":0}}}],"display":{"head":{"translation":[0.0,-6.4,0.0],"scale":[4.0,4.0,4.0]}}}