{"textures":{"0":"modelengine:entity/chaos"},"elements":[{"from":[7.714286,7.714286,7.714286],"to":[8.285714,8.285714,8.285714],"rotation":{"angle":0.0,"axis":"y","origin":[6.1714287,5.2571425,9.714286]},"faces":{"east":{"uv":[2.875,2.875,3.0,3.0],"rotation":0,"texture":"#0","tintindex":0},"south":{"uv":[3.25,2.875,3.375,3.0],"rotation":0,"texture":"#0","tintindex":0},"north":{"uv":[3.0,2.875,3.125,3.0],"rotation":0,"texture":"#0","tintindex":0},"west":{"uv":[3.125,2.875,3.25,3.0],"rotation":0,"texture":"#0","tintindex":0},"up":{"uv":[3.125,2.875,3.0,2.75],"rotation":0,"texture":"#0","tintindex":0},"down":{"uv":[3.25,2.75,3.125,2.875],"rotation":0,"texture":"#0","tintindex":0}}}],"display":{"head":{"translation":[0.0,-6.4,0.0],"scale":[4.0,4.0,4.0]}}}