{"textures":{"0":"modelengine:entity/chaos"},"elements":[{"from":[7.534397,7.5559063,7.428571],"to":[8.677255,8.698764,8.571428],"rotation":{"angle":0.0,"axis":"y","origin":[5.0772543,4.013049,8.0]},"faces":{"east":{"uv":[8.5,0.25,8.75,0.5],"rotation":0,"texture":"#0","tintindex":0},"south":{"uv":[9.25,0.25,9.5,0.5],"rotation":0,"texture":"#0","tintindex":0},"north":{"uv":[8.75,0.25,9.0,0.5],"rotation":0,"texture":"#0","tintindex":0},"west":{"uv":[9.0,0.25,9.25,0.5],"rotation":0,"texture":"#0","tintindex":0},"up":{"uv":[9.0,0.25,8.75,0.0],"rotation":0,"texture":"#0","tintindex":0},"down":{"uv":[9.25,0.0,9.0,0.25],"rotation":0,"texture":"#0","tintindex":0}}},{"from":[7.028571,7.6571426,7.7714286],"to":[7.6,8.228572,8.342857],"rotation":{"angle":0.0,"axis":"y","origin":[8.0,8.0,8.0]},"faces":{"east":{"uv":[3.25,2.0,3.375,2.125],"rotation":0,"texture":"#0","tintindex":0},"south":{"uv":[3.625,2.0,3.75,2.125],"rotation":0,"texture":"#0","tintindex":0},"north":{"uv":[3.375,2.0,3.5,2.125],"rotation":0,"texture":"#0","tintindex":0},"west":{"uv":[3.5,2.0,3.625,2.125],"rotation":0,"texture":"#0","tintindex":0},"up":{"uv":[3.5,2.0,3.375,1.875],"rotation":0,"texture":"#0","tintindex":0},"down":{"uv":[3.625,1.875,3.5,2.0],"rotation":0,"texture":"#0","tintindex":0}}}],"display":{"head":{"translation":[0.0,-6.4,0.0],"scale":[4.0,4.0,4.0]}}}