{"textures":{"0":"modelengine:entity/chaos"},"elements":[{"from":[7.6747446,6.1185484,6.098938],"to":[8.246173,8.404263,8.384652],"rotation":{"angle":0.0,"axis":"y","origin":[7.903316,7.2614055,6.6703663]},"faces":{"east":{"uv":[7.75,0.5,8.25,1.0],"rotation":0,"texture":"#0","tintindex":0},"south":{"uv":[8.875,0.5,9.0,1.0],"rotation":0,"texture":"#0","tintindex":0},"north":{"uv":[8.25,0.5,8.375,1.0],"rotation":0,"texture":"#0","tintindex":0},"west":{"uv":[8.375,0.5,8.875,1.0],"rotation":0,"texture":"#0","tintindex":0},"up":{"uv":[8.375,0.5,8.25,0.0],"rotation":0,"texture":"#0","tintindex":0},"down":{"uv":[8.5,0.0,8.375,0.5],"rotation":0,"texture":"#0","tintindex":0}}},{"from":[7.78903,7.775691,7.9846525],"to":[8.360458,8.34712,9.127509],"rotation":{"angle":0.0,"axis":"y","origin":[8.017602,8.061405,8.784653]},"faces":{"east":{"uv":[4.25,3.0,4.5,3.125],"rotation":0,"texture":"#0","tintindex":0},"south":{"uv":[4.875,3.0,5.0,3.125],"rotation":0,"texture":"#0","tintindex":0},"north":{"uv":[4.5,3.0,4.625,3.125],"rotation":0,"texture":"#0","tintindex":0},"west":{"uv":[4.625,3.0,4.875,3.125],"rotation":0,"texture":"#0","tintindex":0},"up":{"uv":[4.625,3.0,4.5,2.75],"rotation":0,"texture":"#0","tintindex":0},"down":{"uv":[4.75,2.75,4.625,3.0],"rotation":0,"texture":"#0","tintindex":0}}},{"from":[7.6747446,5.54712,6.498938],"to":[8.246173,6.1185484,7.641795],"rotation":{"angle":0.0,"axis":"y","origin":[8.074744,6.232834,7.0703664]},"faces":{"east":{"uv":[0.0,2.875,0.25,3.0],"rotation":0,"texture":"#0","tintindex":0},"south":{"uv":[0.625,2.875,0.75,3.0],"rotation":0,"texture":"#0","tintindex":0},"north":{"uv":[0.25,2.875,0.375,3.0],"rotation":0,"texture":"#0","tintindex":0},"west":{"uv":[0.375,2.875,0.625,3.0],"rotation":0,"texture":"#0","tintindex":0},"up":{"uv":[0.375,2.875,0.25,2.625],"rotation":0,"texture":"#0","tintindex":0},"down":{"uv":[0.5,2.625,0.375,2.875],"rotation":0,"texture":"#0","tintindex":0}}}],"display":{"head":{"translation":[0.0,-6.4,0.0],"scale":[4.0,4.0,4.0]}}}