{"textures":{"0":"modelengine:entity/chaos"},"elements":[{"from":[6.8,3.4285712,6.857143],"to":[9.085714,8.0,9.714286],"rotation":{"angle":0.0,"axis":"y","origin":[9.085714,1.1428566,8.0]},"faces":{"east":{"uv":[4.75,6.375,5.375,7.375],"rotation":0,"texture":"#0","tintindex":0},"south":{"uv":[6.5,6.375,7.0,7.375],"rotation":0,"texture":"#0","tintindex":0},"north":{"uv":[5.375,6.375,5.875,7.375],"rotation":0,"texture":"#0","tintindex":0},"west":{"uv":[5.875,6.375,6.5,7.375],"rotation":0,"texture":"#0","tintindex":0},"up":{"uv":[5.875,6.375,5.375,5.75],"rotation":0,"texture":"#0","tintindex":0},"down":{"uv":[6.375,5.75,5.875,6.375],"rotation":0,"texture":"#0","tintindex":0}}}],"display":{"head":{"translation":[0.0,-6.4,0.0],"scale":[4.0,4.0,4.0]}}}