{"textures":{"0":"modelengine:entity/chaos"},"elements":[{"from":[6.2576246,5.1757264,6.247638],"to":[9.686196,8.604298,9.676209],"rotation":{"angle":0.0,"axis":"y","origin":[7.5147676,6.090012,7.961924]},"faces":{"east":{"uv":[4.625,5.0,5.375,5.75],"rotation":0,"texture":"#0","tintindex":0},"south":{"uv":[6.875,5.0,7.625,5.75],"rotation":0,"texture":"#0","tintindex":0},"north":{"uv":[5.375,5.0,6.125,5.75],"rotation":0,"texture":"#0","tintindex":0},"west":{"uv":[6.125,5.0,6.875,5.75],"rotation":0,"texture":"#0","tintindex":0},"up":{"uv":[6.125,5.0,5.375,4.25],"rotation":0,"texture":"#0","tintindex":0},"down":{"uv":[6.875,4.25,6.125,5.0],"rotation":0,"texture":"#0","tintindex":0}}},{"from":[0.6004815,5.690012,6.9333525],"to":[6.3147674,7.9757266,9.219067],"rotation":{"angle":0.0,"axis":"y","origin":[7.9719105,6.8900123,7.961924]},"faces":{"east":{"uv":[3.25,0.5,3.75,1.0],"rotation":0,"texture":"#0","tintindex":0},"south":{"uv":[5.5,0.5,6.75,1.0],"rotation":0,"texture":"#0","tintindex":0},"north":{"uv":[3.75,0.5,5.0,1.0],"rotation":0,"texture":"#0","tintindex":0},"west":{"uv":[5.0,0.5,5.5,1.0],"rotation":0,"texture":"#0","tintindex":0},"up":{"uv":[5.0,0.5,3.75,0.0],"rotation":0,"texture":"#0","tintindex":0},"down":{"uv":[6.25,0.0,5.0,0.5],"rotation":0,"texture":"#0","tintindex":0}}},{"from":[-3.2852335,6.204298,7.561924],"to":[0.714767,7.347155,8.704782],"rotation":{"angle":0.0,"axis":"y","origin":[7.9719105,6.8900123,7.961924]},"faces":{"east":{"uv":[0.0,3.875,0.25,4.125],"rotation":0,"texture":"#0","tintindex":0},"south":{"uv":[1.375,3.875,2.25,4.125],"rotation":0,"texture":"#0","tintindex":0},"north":{"uv":[0.25,3.875,1.125,4.125],"rotation":0,"texture":"#0","tintindex":0},"west":{"uv":[1.125,3.875,1.375,4.125],"rotation":0,"texture":"#0","tintindex":0},"up":{"uv":[1.125,3.875,0.25,3.625],"rotation":0,"texture":"#0","tintindex":0},"down":{"uv":[2.0,3.625,1.125,3.875],"rotation":0,"texture":"#0","tintindex":0}}},{"from":[-4.9995184,6.490012,7.9047813],"to":[-0.9995184,7.0614405,8.47621],"rotation":{"angle":0.0,"axis":"y","origin":[7.9719105,6.8900123,7.961924]},"faces":{"east":{"uv":[3.25,1.125,3.375,1.25],"rotation":0,"texture":"#0","tintindex":0},"south":{"uv":[4.375,1.125,5.25,1.25],"rotation":0,"texture":"#0","tintindex":0},"north":{"uv":[3.375,1.125,4.25,1.25],"rotation":0,"texture":"#0","tintindex":0},"west":{"uv":[4.25,1.125,4.375,1.25],"rotation":0,"texture":"#0","tintindex":0},"up":{"uv":[4.25,1.125,3.375,1.0],"rotation":0,"texture":"#0","tintindex":0},"down":{"uv":[5.125,1.0,4.25,1.125],"rotation":0,"texture":"#0","tintindex":0}}},{"from":[8.260822,6.023469,5.816742],"to":[10.546536,7.737755,6.9595995],"rotation":{"angle":0.0,"axis":"y","origin":[7.9719105,6.8900123,7.961924]},"faces":{"east":{"uv":[8.0,7.0,8.25,7.375],"rotation":0,"texture":"#0","tintindex":0},"south":{"uv":[9.0,7.0,9.5,7.375],"rotation":0,"texture":"#0","tintindex":0},"north":{"uv":[8.25,7.0,8.75,7.375],"rotation":0,"texture":"#0","tintindex":0},"west":{"uv":[8.75,7.0,9.0,7.375],"rotation":0,"texture":"#0","tintindex":0},"up":{"uv":[8.75,7.0,8.25,6.75],"rotation":0,"texture":"#0","tintindex":0},"down":{"uv":[9.25,6.75,8.75,7.0],"rotation":0,"texture":"#0","tintindex":0}}},{"from":[10.4861965,6.3185835,6.1333528],"to":[11.057625,6.8900123,6.704781],"rotation":{"angle":0.0,"axis":"y","origin":[7.9719105,6.8900123,7.961924]},"faces":{"east":{"uv":[2.0,3.75,2.125,3.875],"rotation":0,"texture":"#0","tintindex":0},"south":{"uv":[2.375,3.75,2.5,3.875],"rotation":0,"texture":"#0","tintindex":0},"north":{"uv":[2.125,3.75,2.25,3.875],"rotation":0,"texture":"#0","tintindex":0},"west":{"uv":[2.25,3.75,2.375,3.875],"rotation":0,"texture":"#0","tintindex":0},"up":{"uv":[2.25,3.75,2.125,3.625],"rotation":0,"texture":"#0","tintindex":0},"down":{"uv":[2.375,3.625,2.25,3.75],"rotation":0,"texture":"#0","tintindex":0}}}],"display":{"head":{"translation":[0.0,-6.4,0.0],"scale":[4.0,4.0,4.0]}}}