{"textures":{"0":"modelengine:entity/chaos"},"elements":[{"from":[7.428571,8.0,6.285714],"to":[12.0,10.857143,10.285714],"rotation":{"angle":0.0,"axis":"y","origin":[8.0,8.0,8.0]},"faces":{"east":{"uv":[0.0,3.0,0.875,3.625],"rotation":0,"texture":"#0","tintindex":0},"south":{"uv":[2.75,3.0,3.75,3.625],"rotation":0,"texture":"#0","tintindex":0},"north":{"uv":[0.875,3.0,1.875,3.625],"rotation":0,"texture":"#0","tintindex":0},"west":{"uv":[1.875,3.0,2.75,3.625],"rotation":0,"texture":"#0","tintindex":0},"up":{"uv":[1.875,3.0,0.875,2.125],"rotation":0,"texture":"#0","tintindex":0},"down":{"uv":[2.875,2.125,1.875,3.0],"rotation":0,"texture":"#0","tintindex":0}}},{"from":[6.9714284,10.742857,7.428571],"to":[9.828571,11.314286,9.142858],"rotation":{"angle":0.0,"axis":"y","origin":[8.0,8.0,8.0]},"faces":{"east":{"uv":[6.25,0.375,6.625,0.5],"rotation":0,"texture":"#0","tintindex":0},"south":{"uv":[7.625,0.375,8.25,0.5],"rotation":0,"texture":"#0","tintindex":0},"north":{"uv":[6.625,0.375,7.25,0.5],"rotation":0,"texture":"#0","tintindex":0},"west":{"uv":[7.25,0.375,7.625,0.5],"rotation":0,"texture":"#0","tintindex":0},"up":{"uv":[7.25,0.375,6.625,0.0],"rotation":0,"texture":"#0","tintindex":0},"down":{"uv":[7.875,0.0,7.25,0.375],"rotation":0,"texture":"#0","tintindex":0}}}],"display":{"head":{"translation":[0.0,-6.4,0.0],"scale":[4.0,4.0,4.0]}}}