{"textures":{"0":"modelengine:entity/chaos"},"elements":[{"from":[7.542857,7.4857144,6.742857],"to":[8.6285715,8.514286,10.4],"rotation":{"angle":0.0,"axis":"y","origin":[7.2,9.257143,5.3714285]},"faces":{"east":{"uv":[2.375,8.0,3.125,8.125],"rotation":0,"texture":"#0","tintindex":0},"south":{"uv":[4.0,8.0,4.125,8.125],"rotation":0,"texture":"#0","tintindex":0},"north":{"uv":[3.125,8.0,3.25,8.125],"rotation":0,"texture":"#0","tintindex":0},"west":{"uv":[3.25,8.0,4.0,8.125],"rotation":0,"texture":"#0","tintindex":0},"up":{"uv":[3.25,8.0,3.125,7.25],"rotation":0,"texture":"#0","tintindex":0},"down":{"uv":[3.375,7.25,3.25,8.0],"rotation":0,"texture":"#0","tintindex":0}}}],"display":{"head":{"translation":[0.0,-6.4,0.0],"scale":[4.0,4.0,4.0]}}}