{"textures":{"0":"modelengine:entity/chaos"},"elements":[{"from":[6.857143,7.142857,7.428571],"to":[9.142858,8.857143,8.571428],"rotation":{"angle":0.0,"axis":"y","origin":[8.0,8.0,8.0]},"faces":{"east":{"uv":[1.25,8.375,1.5,8.75],"rotation":0,"texture":"#0","tintindex":0},"south":{"uv":[2.25,8.375,2.75,8.75],"rotation":0,"texture":"#0","tintindex":0},"north":{"uv":[1.5,8.375,2.0,8.75],"rotation":0,"texture":"#0","tintindex":0},"west":{"uv":[2.0,8.375,2.25,8.75],"rotation":0,"texture":"#0","tintindex":0},"up":{"uv":[2.0,8.375,1.5,8.125],"rotation":0,"texture":"#0","tintindex":0},"down":{"uv":[2.5,8.125,2.0,8.375],"rotation":0,"texture":"#0","tintindex":0}}}],"display":{"head":{"translation":[0.0,-6.4,0.0],"scale":[4.0,4.0,4.0]}}}