{"textures":{"0":"modelengine:entity/chaos"},"elements":[{"from":[7.428571,7.428571,7.428571],"to":[8.571428,8.571428,8.571428],"rotation":{"angle":0.0,"axis":"y","origin":[8.6285715,7.885714,6.9714284]},"faces":{"east":{"uv":[2.625,0.25,2.875,0.5],"rotation":0,"texture":"#0","tintindex":0},"south":{"uv":[3.375,0.25,3.625,0.5],"rotation":0,"texture":"#0","tintindex":0},"north":{"uv":[2.875,0.25,3.125,0.5],"rotation":0,"texture":"#0","tintindex":0},"west":{"uv":[3.125,0.25,3.375,0.5],"rotation":0,"texture":"#0","tintindex":0},"up":{"uv":[3.125,0.25,2.875,0.0],"rotation":0,"texture":"#0","tintindex":0},"down":{"uv":[3.375,0.0,3.125,0.25],"rotation":0,"texture":"#0","tintindex":0}}}],"display":{"head":{"translation":[0.0,-6.4,0.0],"scale":[4.0,4.0,4.0]}}}