{"textures":{"0":"modelengine:entity/chaos"},"elements":[{"from":[7.428571,4.5714283,5.714286],"to":[8.571428,9.714286,10.857143],"rotation":{"angle":0.0,"axis":"y","origin":[12.685715,-0.22857189,7.8285713]},"faces":{"east":{"uv":[2.625,3.875,3.75,5.0],"rotation":0,"texture":"#0","tintindex":0},"south":{"uv":[5.125,3.875,5.375,5.0],"rotation":0,"texture":"#0","tintindex":0},"north":{"uv":[3.75,3.875,4.0,5.0],"rotation":0,"texture":"#0","tintindex":0},"west":{"uv":[4.0,3.875,5.125,5.0],"rotation":0,"texture":"#0","tintindex":0},"up":{"uv":[4.0,3.875,3.75,2.75],"rotation":0,"texture":"#0","tintindex":0},"down":{"uv":[4.25,2.75,4.0,3.875],"rotation":0,"texture":"#0","tintindex":0}}},{"from":[6.9714284,6.0,7.142857],"to":[8.114285,8.285714,9.428572],"rotation":{"angle":0.0,"axis":"y","origin":[8.0,8.0,8.0]},"faces":{"east":{"uv":[0.0,7.875,0.5,8.375],"rotation":0,"texture":"#0","tintindex":0},"south":{"uv":[1.25,7.875,1.5,8.375],"rotation":0,"texture":"#0","tintindex":0},"north":{"uv":[0.5,7.875,0.75,8.375],"rotation":0,"texture":"#0","tintindex":0},"west":{"uv":[0.75,7.875,1.25,8.375],"rotation":0,"texture":"#0","tintindex":0},"up":{"uv":[0.75,7.875,0.5,7.375],"rotation":0,"texture":"#0","tintindex":0},"down":{"uv":[1.0,7.375,0.75,7.875],"rotation":0,"texture":"#0","tintindex":0}}},{"from":[7.714286,4.8,5.2571425],"to":[8.857143,9.3714285,5.8285713],"rotation":{"angle":0.0,"axis":"y","origin":[8.0,8.0,8.0]},"faces":{"east":{"uv":[8.125,2.75,8.25,3.75],"rotation":0,"texture":"#0","tintindex":0},"south":{"uv":[8.625,2.75,8.875,3.75],"rotation":0,"texture":"#0","tintindex":0},"north":{"uv":[8.25,2.75,8.5,3.75],"rotation":0,"texture":"#0","tintindex":0},"west":{"uv":[8.5,2.75,8.625,3.75],"rotation":0,"texture":"#0","tintindex":0},"up":{"uv":[8.5,2.75,8.25,2.625],"rotation":0,"texture":"#0","tintindex":0},"down":{"uv":[8.75,2.625,8.5,2.75],"rotation":0,"texture":"#0","tintindex":0}}},{"from":[7.714286,4.8,10.6285715],"to":[8.857143,9.3714285,11.2],"rotation":{"angle":0.0,"axis":"y","origin":[8.0,8.0,8.0]},"faces":{"east":{"uv":[5.625,7.5,5.75,8.5],"rotation":0,"texture":"#0","tintindex":0},"south":{"uv":[6.125,7.5,6.375,8.5],"rotation":0,"texture":"#0","tintindex":0},"north":{"uv":[5.75,7.5,6.0,8.5],"rotation":0,"texture":"#0","tintindex":0},"west":{"uv":[6.0,7.5,6.125,8.5],"rotation":0,"texture":"#0","tintindex":0},"up":{"uv":[6.0,7.5,5.75,7.375],"rotation":0,"texture":"#0","tintindex":0},"down":{"uv":[6.25,7.375,6.0,7.5],"rotation":0,"texture":"#0","tintindex":0}}},{"from":[8.228572,3.6,7.257143],"to":[8.8,5.885714,9.542857],"rotation":{"angle":0.0,"axis":"y","origin":[8.0,8.0,8.0]},"faces":{"east":{"uv":[7.75,2.125,8.25,2.625],"rotation":0,"texture":"#0","tintindex":0},"south":{"uv":[8.875,2.125,9.0,2.625],"rotation":0,"texture":"#0","tintindex":0},"north":{"uv":[8.25,2.125,8.375,2.625],"rotation":0,"texture":"#0","tintindex":0},"west":{"uv":[8.375,2.125,8.875,2.625],"rotation":0,"texture":"#0","tintindex":0},"up":{"uv":[8.375,2.125,8.25,1.625],"rotation":0,"texture":"#0","tintindex":0},"down":{"uv":[8.5,1.625,8.375,2.125],"rotation":0,"texture":"#0","tintindex":0}}},{"from":[8.114285,3.142857,7.885714],"to":[8.685715,4.285714,9.028571],"rotation":{"angle":0.0,"axis":"y","origin":[8.0,8.0,8.0]},"faces":{"east":{"uv":[0.0,2.375,0.25,2.625],"rotation":0,"texture":"#0","tintindex":0},"south":{"uv":[0.625,2.375,0.75,2.625],"rotation":0,"texture":"#0","tintindex":0},"north":{"uv":[0.25,2.375,0.375,2.625],"rotation":0,"texture":"#0","tintindex":0},"west":{"uv":[0.375,2.375,0.625,2.625],"rotation":0,"texture":"#0","tintindex":0},"up":{"uv":[0.375,2.375,0.25,2.125],"rotation":0,"texture":"#0","tintindex":0},"down":{"uv":[0.5,2.125,0.375,2.375],"rotation":0,"texture":"#0","tintindex":0}}}],"display":{"head":{"translation":[0.0,-6.4,0.0],"scale":[4.0,4.0,4.0]}}}