{"textures":{"0":"modelengine:entity/chaos"},"elements":[{"from":[7.714286,6.285714,7.428571],"to":[8.285714,9.142858,10.285714],"rotation":{"angle":0.0,"axis":"y","origin":[5.542857,1.7142854,8.0]},"faces":{"east":{"uv":[1.625,7.375,2.25,8.0],"rotation":0,"texture":"#0","tintindex":0},"south":{"uv":[3.0,7.375,3.125,8.0],"rotation":0,"texture":"#0","tintindex":0},"north":{"uv":[2.25,7.375,2.375,8.0],"rotation":0,"texture":"#0","tintindex":0},"west":{"uv":[2.375,7.375,3.0,8.0],"rotation":0,"texture":"#0","tintindex":0},"up":{"uv":[2.375,7.375,2.25,6.75],"rotation":0,"texture":"#0","tintindex":0},"down":{"uv":[2.5,6.75,2.375,7.375],"rotation":0,"texture":"#0","tintindex":0}}},{"from":[7.714286,8.6285715,9.257143],"to":[8.285714,10.342857,9.828571],"rotation":{"angle":0.0,"axis":"y","origin":[8.0,8.0,8.0]},"faces":{"east":{"uv":[0.0,5.875,0.125,6.25],"rotation":0,"texture":"#0","tintindex":0},"south":{"uv":[0.375,5.875,0.5,6.25],"rotation":0,"texture":"#0","tintindex":0},"north":{"uv":[0.125,5.875,0.25,6.25],"rotation":0,"texture":"#0","tintindex":0},"west":{"uv":[0.25,5.875,0.375,6.25],"rotation":0,"texture":"#0","tintindex":0},"up":{"uv":[0.25,5.875,0.125,5.75],"rotation":0,"texture":"#0","tintindex":0},"down":{"uv":[0.375,5.75,0.25,5.875],"rotation":0,"texture":"#0","tintindex":0}}},{"from":[7.714286,7.8285713,8.685715],"to":[8.285714,9.542857,9.257143],"rotation":{"angle":0.0,"axis":"y","origin":[8.0,8.0,8.0]},"faces":{"east":{"uv":[5.25,2.875,5.375,3.25],"rotation":0,"texture":"#0","tintindex":0},"south":{"uv":[5.625,2.875,5.75,3.25],"rotation":0,"texture":"#0","tintindex":0},"north":{"uv":[5.375,2.875,5.5,3.25],"rotation":0,"texture":"#0","tintindex":0},"west":{"uv":[5.5,2.875,5.625,3.25],"rotation":0,"texture":"#0","tintindex":0},"up":{"uv":[5.5,2.875,5.375,2.75],"rotation":0,"texture":"#0","tintindex":0},"down":{"uv":[5.625,2.75,5.5,2.875],"rotation":0,"texture":"#0","tintindex":0}}}],"display":{"head":{"translation":[0.0,-6.4,0.0],"scale":[4.0,4.0,4.0]}}}