{"textures":{"0":"modelengine:entity/chaos"},"elements":[{"from":[6.285714,3.4285712,6.857143],"to":[8.571428,9.142858,9.142858],"rotation":{"angle":0.0,"axis":"y","origin":[10.857143,-4.5714293,8.0]},"faces":{"east":{"uv":[6.125,2.75,6.625,4.0],"rotation":0,"texture":"#0","tintindex":0},"south":{"uv":[7.625,2.75,8.125,4.0],"rotation":0,"texture":"#0","tintindex":0},"north":{"uv":[6.625,2.75,7.125,4.0],"rotation":0,"texture":"#0","tintindex":0},"west":{"uv":[7.125,2.75,7.625,4.0],"rotation":0,"texture":"#0","tintindex":0},"up":{"uv":[7.125,2.75,6.625,2.25],"rotation":0,"texture":"#0","tintindex":0},"down":{"uv":[7.625,2.25,7.125,2.75],"rotation":0,"texture":"#0","tintindex":0}}}],"display":{"head":{"translation":[0.0,-6.4,0.0],"scale":[4.0,4.0,4.0]}}}