{"textures":{"0":"modelengine:entity/chaos"},"elements":[{"from":[6.9142857,3.4285712,6.857143],"to":[9.2,8.0,9.714286],"rotation":{"angle":0.0,"axis":"y","origin":[6.9142857,1.1428566,8.0]},"faces":{"east":{"uv":[0.0,6.375,0.625,7.375],"rotation":0,"texture":"#0","tintindex":0},"south":{"uv":[1.75,6.375,2.25,7.375],"rotation":0,"texture":"#0","tintindex":0},"north":{"uv":[0.625,6.375,1.125,7.375],"rotation":0,"texture":"#0","tintindex":0},"west":{"uv":[1.125,6.375,1.75,7.375],"rotation":0,"texture":"#0","tintindex":0},"up":{"uv":[1.125,6.375,0.625,5.75],"rotation":0,"texture":"#0","tintindex":0},"down":{"uv":[1.625,5.75,1.125,6.375],"rotation":0,"texture":"#0","tintindex":0}}}],"display":{"head":{"translation":[0.0,-6.4,0.0],"scale":[4.0,4.0,4.0]}}}