{"textures":{"0":"modelengine:entity/rpg_skeleton"},"elements":[{"from":[7.142857,7.142857,6.0],"to":[8.857143,8.857143,6.5714283],"rotation":{"angle":0.0,"axis":"y","origin":[13.428572,-5.4285717,7.142857]},"faces":{"east":{"uv":[0.75,12.25,0.5,13.0],"rotation":0,"texture":"#0","tintindex":0},"south":{"uv":[4.5,11.5,3.75,12.25],"rotation":0,"texture":"#0","tintindex":0},"north":{"uv":[3.25,11.5,2.5,12.25],"rotation":0,"texture":"#0","tintindex":0},"west":{"uv":[0.5,12.25,0.25,13.0],"rotation":0,"texture":"#0","tintindex":0},"up":{"uv":[11.75,1.5,12.5,1.25],"rotation":0,"texture":"#0","tintindex":0},"down":{"uv":[11.75,7.25,12.5,7.5],"rotation":0,"texture":"#0","tintindex":0}}},{"from":[5.428571,7.142857,6.5714283],"to":[8.285714,10.0,9.428572],"rotation":{"angle":0.0,"axis":"y","origin":[13.428572,-5.4285717,10.0]},"faces":{"east":{"uv":[1.25,9.0,0.0,10.25],"rotation":0,"texture":"#0","tintindex":0},"south":{"uv":[10.0,8.0,8.75,9.25],"rotation":0,"texture":"#0","tintindex":0},"north":{"uv":[9.75,6.75,8.5,8.0],"rotation":0,"texture":"#0","tintindex":0},"west":{"uv":[5.0,8.75,3.75,10.0],"rotation":0,"texture":"#0","tintindex":0},"up":{"uv":[1.25,10.25,2.5,9.0],"rotation":0,"texture":"#0","tintindex":0},"down":{"uv":[2.5,9.0,3.75,10.25],"rotation":0,"texture":"#0","tintindex":0}}},{"from":[7.142857,7.142857,9.428572],"to":[8.857143,8.857143,10.0],"rotation":{"angle":0.0,"axis":"y","origin":[13.428572,-5.4285717,10.571428]},"faces":{"east":{"uv":[2.0,12.25,1.75,13.0],"rotation":0,"texture":"#0","tintindex":0},"south":{"uv":[12.5,0.0,11.75,0.75],"rotation":0,"texture":"#0","tintindex":0},"north":{"uv":[12.25,11.0,11.5,11.75],"rotation":0,"texture":"#0","tintindex":0},"west":{"uv":[12.5,1.5,12.25,2.25],"rotation":0,"texture":"#0","tintindex":0},"up":{"uv":[12.0,6.25,12.75,6.0],"rotation":0,"texture":"#0","tintindex":0},"down":{"uv":[12.0,9.5,12.75,9.75],"rotation":0,"texture":"#0","tintindex":0}}},{"from":[6.857143,3.142857,6.857143],"to":[6.857143,8.285714,9.142858],"rotation":{"angle":0.0,"axis":"y","origin":[6.285714,4.8571424,7.428571]},"faces":{"east":{"uv":[2.25,5.75,3.25,8.0],"rotation":0,"texture":"#0","tintindex":0},"south":{"uv":[0.0,0.0,0.0,2.25],"rotation":0,"texture":"#0","tintindex":0},"north":{"uv":[0.0,0.0,0.0,2.25],"rotation":0,"texture":"#0","tintindex":0},"west":{"uv":[3.25,5.75,2.25,8.0],"rotation":0,"texture":"#0","tintindex":0},"up":{"uv":[0.0,1.0,0.0,0.0],"rotation":0,"texture":"#0","tintindex":0},"down":{"uv":[0.0,0.0,0.0,1.0],"rotation":0,"texture":"#0","tintindex":0}}}],"display":{"head":{"translation":[0.0,-6.4,0.0],"scale":[4.0,4.0,4.0]}}}