{"textures":{"0":"modelengine:entity/texture"},"elements":[{"from":[2.2857141,5.714286,6.857143],"to":[13.714286,10.285714,9.142858],"rotation":{"angle":0.0,"axis":"y","origin":[8.0,5.714286,8.0]},"faces":{"east":{"uv":[8.375,5.75,8.625,6.25],"rotation":0,"texture":"#0","tintindex":0},"south":{"uv":[10.125,5.75,11.375,6.25],"rotation":0,"texture":"#0","tintindex":0},"north":{"uv":[8.625,5.75,9.875,6.25],"rotation":0,"texture":"#0","tintindex":0},"west":{"uv":[9.875,5.75,10.125,6.25],"rotation":0,"texture":"#0","tintindex":0},"up":{"uv":[9.875,5.75,8.625,5.5],"rotation":0,"texture":"#0","tintindex":0},"down":{"uv":[11.125,5.5,9.875,5.75],"rotation":0,"texture":"#0","tintindex":0}}}],"display":{"head":{"translation":[0.0,-6.4,0.0],"scale":[4.0,4.0,4.0]}}}