{"textures":{"0":"modelengine:entity/texture"},"elements":[{"from":[5.2,5.714286,4.5714283],"to":[10.914286,10.285714,11.428572],"rotation":{"angle":0.0,"axis":"y","origin":[-3.9428577,-20.914286,8.0]},"faces":{"east":{"uv":[6.25,8.75,7.0,9.25],"rotation":0,"texture":"#0","tintindex":0},"south":{"uv":[8.375,8.75,9.0,9.25],"rotation":0,"texture":"#0","tintindex":0},"north":{"uv":[7.0,8.75,7.625,9.25],"rotation":0,"texture":"#0","tintindex":0},"west":{"uv":[7.625,8.75,8.375,9.25],"rotation":0,"texture":"#0","tintindex":0},"up":{"uv":[7.625,8.75,7.0,8.0],"rotation":0,"texture":"#0","tintindex":0},"down":{"uv":[8.25,8.0,7.625,8.75],"rotation":0,"texture":"#0","tintindex":0}}},{"from":[5.6571426,6.857143,4.0],"to":[10.228572,9.142858,12.0],"rotation":{"angle":0.0,"axis":"y","origin":[-25.314285,-31.085716,8.0]},"faces":{"east":{"uv":[6.5,6.375,7.375,6.625],"rotation":0,"texture":"#0","tintindex":0},"south":{"uv":[8.75,6.375,9.25,6.625],"rotation":0,"texture":"#0","tintindex":0},"north":{"uv":[7.375,6.375,7.875,6.625],"rotation":0,"texture":"#0","tintindex":0},"west":{"uv":[7.875,6.375,8.75,6.625],"rotation":0,"texture":"#0","tintindex":0},"up":{"uv":[7.875,6.375,7.375,5.5],"rotation":0,"texture":"#0","tintindex":0},"down":{"uv":[8.375,5.5,7.875,6.375],"rotation":0,"texture":"#0","tintindex":0}}}],"display":{"head":{"translation":[0.0,-6.4,0.0],"scale":[4.0,4.0,4.0]}}}