{"textures":{"0":"modelengine:entity/texture"},"elements":[{"from":[8.0,6.285714,4.5714283],"to":[8.0,9.714286,11.428572],"rotation":{"angle":0.0,"axis":"y","origin":[9.142858,7.428571,8.0]},"faces":{"east":{"uv":[7.75,3.75,8.5,4.125],"rotation":0,"texture":"#0","tintindex":0},"south":{"uv":[9.25,3.75,9.25,4.125],"rotation":0,"texture":"#0","tintindex":0},"north":{"uv":[8.5,3.75,8.5,4.125],"rotation":0,"texture":"#0","tintindex":0},"west":{"uv":[8.5,3.75,9.25,4.125],"rotation":0,"texture":"#0","tintindex":0},"up":{"uv":[8.5,3.75,8.5,3.0],"rotation":0,"texture":"#0","tintindex":0},"down":{"uv":[8.5,3.0,8.5,3.75],"rotation":0,"texture":"#0","tintindex":0}}}],"display":{"head":{"translation":[0.0,-6.4,0.0],"scale":[4.0,4.0,4.0]}}}