{"textures":{"0":"modelengine:entity/texture"},"elements":[{"from":[4.462331,6.8523264,7.019859],"to":[11.319474,9.138041,8.162716],"rotation":{"angle":0.0,"axis":"y","origin":[7.890902,7.9951835,7.591287]},"faces":{"east":{"uv":[11.375,5.875,11.5,6.125],"rotation":0,"texture":"#0","tintindex":0},"south":{"uv":[12.375,5.875,13.125,6.125],"rotation":0,"texture":"#0","tintindex":0},"north":{"uv":[11.5,5.875,12.25,6.125],"rotation":0,"texture":"#0","tintindex":0},"west":{"uv":[12.25,5.875,12.375,6.125],"rotation":0,"texture":"#0","tintindex":0},"up":{"uv":[12.25,5.875,11.5,5.75],"rotation":0,"texture":"#0","tintindex":0},"down":{"uv":[13.0,5.75,12.25,5.875],"rotation":0,"texture":"#0","tintindex":0}}},{"from":[2.5330606,7.4542503,7.6426606],"to":[4.8187747,8.597108,8.785518],"rotation":{"angle":0.0,"axis":"y","origin":[3.6759176,8.025679,8.214089]},"faces":{"east":{"uv":[7.75,2.625,7.875,2.75],"rotation":0,"texture":"#0","tintindex":0},"south":{"uv":[8.25,2.625,8.5,2.75],"rotation":0,"texture":"#0","tintindex":0},"north":{"uv":[7.875,2.625,8.125,2.75],"rotation":0,"texture":"#0","tintindex":0},"west":{"uv":[8.125,2.625,8.25,2.75],"rotation":0,"texture":"#0","tintindex":0},"up":{"uv":[8.125,2.625,7.875,2.5],"rotation":0,"texture":"#0","tintindex":0},"down":{"uv":[8.375,2.5,8.125,2.625],"rotation":0,"texture":"#0","tintindex":0}}},{"from":[11.290323,7.4077086,7.6231947],"to":[13.576037,8.550566,8.766052],"rotation":{"angle":0.0,"axis":"y","origin":[12.43318,7.9791374,8.194623]},"faces":{"east":{"uv":[6.5,6.25,6.625,6.375],"rotation":0,"texture":"#0","tintindex":0},"south":{"uv":[7.0,6.25,7.25,6.375],"rotation":0,"texture":"#0","tintindex":0},"north":{"uv":[6.625,6.25,6.875,6.375],"rotation":0,"texture":"#0","tintindex":0},"west":{"uv":[6.875,6.25,7.0,6.375],"rotation":0,"texture":"#0","tintindex":0},"up":{"uv":[6.875,6.25,6.625,6.125],"rotation":0,"texture":"#0","tintindex":0},"down":{"uv":[7.125,6.125,6.875,6.25],"rotation":0,"texture":"#0","tintindex":0}}}],"display":{"head":{"translation":[0.0,-6.4,0.0],"scale":[4.0,4.0,4.0]}}}