{"textures":{"0":"modelengine:entity/texture"},"elements":[{"from":[4.5714283,2.2857141,7.428571],"to":[11.428572,13.714286,8.571428],"rotation":{"angle":0.0,"axis":"y","origin":[3.9295273,9.031149,5.485714]},"faces":{"east":{"uv":[2.75,10.0,2.875,11.25],"rotation":0,"texture":"#0","tintindex":0},"south":{"uv":[3.75,10.0,4.5,11.25],"rotation":0,"texture":"#0","tintindex":0},"north":{"uv":[2.875,10.0,3.625,11.25],"rotation":0,"texture":"#0","tintindex":0},"west":{"uv":[3.625,10.0,3.75,11.25],"rotation":0,"texture":"#0","tintindex":0},"up":{"uv":[3.625,10.0,2.875,9.875],"rotation":0,"texture":"#0","tintindex":0},"down":{"uv":[4.375,9.875,3.625,10.0],"rotation":0,"texture":"#0","tintindex":0}}}],"display":{"head":{"translation":[0.0,-6.4,0.0],"scale":[4.0,4.0,4.0]}}}