{"textures":{"0":"modelengine:entity/texture"},"elements":[{"from":[6.857143,7.428571,-2.285715],"to":[9.142858,8.571428,18.285715],"rotation":{"angle":0.0,"axis":"y","origin":[20.820423,11.893034,19.445568]},"faces":{"east":{"uv":[3.75,6.625,6.0,6.75],"rotation":0,"texture":"#0","tintindex":0},"south":{"uv":[8.5,6.625,8.75,6.75],"rotation":0,"texture":"#0","tintindex":0},"north":{"uv":[6.0,6.625,6.25,6.75],"rotation":0,"texture":"#0","tintindex":0},"west":{"uv":[6.25,6.625,8.5,6.75],"rotation":0,"texture":"#0","tintindex":0},"up":{"uv":[6.25,6.625,6.0,4.375],"rotation":0,"texture":"#0","tintindex":0},"down":{"uv":[6.5,4.375,6.25,6.625],"rotation":0,"texture":"#0","tintindex":0}}}],"display":{"head":{"translation":[0.0,-6.4,0.0],"scale":[4.0,4.0,4.0]}}}