{"textures":{"0":"modelengine:entity/texture"},"elements":[{"from":[4.0,3.4285712,7.428571],"to":[12.0,12.571428,8.571428],"rotation":{"angle":0.0,"axis":"y","origin":[-3.7230024,6.342857,5.485714]},"faces":{"east":{"uv":[9.625,3.875,9.75,4.875],"rotation":0,"texture":"#0","tintindex":0},"south":{"uv":[10.75,3.875,11.625,4.875],"rotation":0,"texture":"#0","tintindex":0},"north":{"uv":[9.75,3.875,10.625,4.875],"rotation":0,"texture":"#0","tintindex":0},"west":{"uv":[10.625,3.875,10.75,4.875],"rotation":0,"texture":"#0","tintindex":0},"up":{"uv":[10.625,3.875,9.75,3.75],"rotation":0,"texture":"#0","tintindex":0},"down":{"uv":[11.5,3.75,10.625,3.875],"rotation":0,"texture":"#0","tintindex":0}}}],"display":{"head":{"translation":[0.0,-6.4,0.0],"scale":[4.0,4.0,4.0]}}}