{"textures":{"0":"modelengine:entity/texture"},"elements":[{"from":[4.5714283,4.5714283,9.657143],"to":[11.428572,11.428572,9.657143],"rotation":{"angle":0.0,"axis":"y","origin":[16.240734,-21.838312,11.620337]},"faces":{"east":{"uv":[11.25,6.25,11.25,7.0],"rotation":0,"texture":"#0","tintindex":0},"south":{"uv":[12.0,6.25,12.75,7.0],"rotation":0,"texture":"#0","tintindex":0},"north":{"uv":[11.25,6.25,12.0,7.0],"rotation":0,"texture":"#0","tintindex":0},"west":{"uv":[12.0,6.25,12.0,7.0],"rotation":0,"texture":"#0","tintindex":0},"up":{"uv":[12.0,6.25,11.25,6.25],"rotation":0,"texture":"#0","tintindex":0},"down":{"uv":[12.75,6.25,12.0,6.25],"rotation":0,"texture":"#0","tintindex":0}}}],"display":{"head":{"translation":[0.0,-6.4,0.0],"scale":[4.0,4.0,4.0]}}}