{"textures":{"0":"modelengine:entity/texture"},"elements":[{"from":[6.857143,6.8,5.8285713],"to":[9.142858,9.085714,11.542857],"rotation":{"angle":0.0,"axis":"y","origin":[8.0,6.8,10.4]},"faces":{"east":{"uv":[7.125,11.125,7.75,11.375],"rotation":0,"texture":"#0","tintindex":0},"south":{"uv":[8.625,11.125,8.875,11.375],"rotation":0,"texture":"#0","tintindex":0},"north":{"uv":[7.75,11.125,8.0,11.375],"rotation":0,"texture":"#0","tintindex":0},"west":{"uv":[8.0,11.125,8.625,11.375],"rotation":0,"texture":"#0","tintindex":0},"up":{"uv":[8.0,11.125,7.75,10.5],"rotation":0,"texture":"#0","tintindex":0},"down":{"uv":[8.25,10.5,8.0,11.125],"rotation":0,"texture":"#0","tintindex":0}}},{"from":[6.285714,6.8,6.9714284],"to":[9.714286,9.085714,11.542857],"rotation":{"angle":0.0,"axis":"y","origin":[8.571428,6.8,10.4]},"faces":{"east":{"uv":[10.5,7.75,11.0,8.0],"rotation":0,"texture":"#0","tintindex":0},"south":{"uv":[11.875,7.75,12.25,8.0],"rotation":0,"texture":"#0","tintindex":0},"north":{"uv":[11.0,7.75,11.375,8.0],"rotation":0,"texture":"#0","tintindex":0},"west":{"uv":[11.375,7.75,11.875,8.0],"rotation":0,"texture":"#0","tintindex":0},"up":{"uv":[11.375,7.75,11.0,7.25],"rotation":0,"texture":"#0","tintindex":0},"down":{"uv":[11.75,7.25,11.375,7.75],"rotation":0,"texture":"#0","tintindex":0}}},{"from":[7.428571,6.8,4.9142857],"to":[8.571428,7.9428573,6.0571427],"rotation":{"angle":0.0,"axis":"y","origin":[8.571428,6.8,6.0571427]},"faces":{"east":{"uv":[6.25,8.125,6.375,8.25],"rotation":0,"texture":"#0","tintindex":0},"south":{"uv":[6.625,8.125,6.75,8.25],"rotation":0,"texture":"#0","tintindex":0},"north":{"uv":[6.375,8.125,6.5,8.25],"rotation":0,"texture":"#0","tintindex":0},"west":{"uv":[6.5,8.125,6.625,8.25],"rotation":0,"texture":"#0","tintindex":0},"up":{"uv":[6.5,8.125,6.375,8.0],"rotation":0,"texture":"#0","tintindex":0},"down":{"uv":[6.625,8.0,6.5,8.125],"rotation":0,"texture":"#0","tintindex":0}}},{"from":[6.857143,8.171429,7.428571],"to":[9.142858,9.314285,9.714286],"rotation":{"angle":0.0,"axis":"y","origin":[8.0,8.171429,8.571428]},"faces":{"east":{"uv":[1.5,10.75,1.75,10.875],"rotation":0,"texture":"#0","tintindex":0},"south":{"uv":[2.25,10.75,2.5,10.875],"rotation":0,"texture":"#0","tintindex":0},"north":{"uv":[1.75,10.75,2.0,10.875],"rotation":0,"texture":"#0","tintindex":0},"west":{"uv":[2.0,10.75,2.25,10.875],"rotation":0,"texture":"#0","tintindex":0},"up":{"uv":[2.0,10.75,1.75,10.5],"rotation":0,"texture":"#0","tintindex":0},"down":{"uv":[2.25,10.5,2.0,10.75],"rotation":0,"texture":"#0","tintindex":0}}}],"display":{"head":{"translation":[0.0,-6.4,0.0],"scale":[4.0,4.0,4.0]}}}