{"textures":{"0":"modelengine:entity/hell"},"elements":[{"from":[5.714286,6.857143,6.857143],"to":[10.285714,10.857143,9.142858],"rotation":{"angle":0.0,"axis":"y","origin":[8.0,-2.8571434,8.0]},"faces":{"east":{"uv":[5.0,4.25,5.5,5.125],"rotation":0,"texture":"#0","tintindex":0},"south":{"uv":[5.0,1.875,6.0,2.75],"rotation":0,"texture":"#0","tintindex":0},"north":{"uv":[5.0,1.0,6.0,1.875],"rotation":0,"texture":"#0","tintindex":0},"west":{"uv":[5.0,5.125,5.5,6.0],"rotation":0,"texture":"#0","tintindex":0},"up":{"uv":[6.0,3.25,5.0,2.75],"rotation":0,"texture":"#0","tintindex":0},"down":{"uv":[6.0,3.25,5.0,3.75],"rotation":0,"texture":"#0","tintindex":0}}}],"display":{"head":{"translation":[0.0,-6.4,0.0],"scale":[4.0,4.0,4.0]}}}