{"textures":{"0":"modelengine:entity/hell"},"elements":[{"from":[8.092529,-2.4435062,8.626596],"to":[17.235386,11.270781,8.626596],"rotation":{"angle":0.0,"axis":"x","origin":[12.663958,4.4136376,8.11231]},"faces":{"east":{"uv":[0.0,0.0,0.0,3.0],"rotation":0,"texture":"#0","tintindex":0},"south":{"uv":[2.0,3.0,3.875,5.975],"rotation":0,"texture":"#0","tintindex":0},"north":{"uv":[3.875,3.0,2.0,5.975],"rotation":0,"texture":"#0","tintindex":0},"west":{"uv":[0.0,0.0,0.0,3.0],"rotation":0,"texture":"#0","tintindex":0},"up":{"uv":[2.0,0.0,0.0,0.0],"rotation":0,"texture":"#0","tintindex":0},"down":{"uv":[2.0,0.0,0.0,0.0],"rotation":0,"texture":"#0","tintindex":0}}}],"display":{"head":{"translation":[0.0,-6.4,0.0],"scale":[4.0,4.0,4.0]}}}