{"textures":{"0":"modelengine:entity/hell"},"elements":[{"from":[7.3771024,7.379193,6.857143],"to":[7.9485307,10.236336,9.142858],"rotation":{"angle":0.0,"axis":"y","origin":[6.5714283,-2.8571434,8.0]},"faces":{"east":{"uv":[6.0,6.5,6.5,7.125],"rotation":0,"texture":"#0","tintindex":0},"south":{"uv":[7.25,5.5,7.375,6.125],"rotation":0,"texture":"#0","tintindex":0},"north":{"uv":[7.25,4.875,7.375,5.5],"rotation":0,"texture":"#0","tintindex":0},"west":{"uv":[6.5,6.625,7.0,7.25],"rotation":0,"texture":"#0","tintindex":0},"up":{"uv":[0.875,7.875,0.75,7.375],"rotation":0,"texture":"#0","tintindex":0},"down":{"uv":[4.875,7.375,4.75,7.875],"rotation":0,"texture":"#0","tintindex":0}}}],"display":{"head":{"translation":[0.0,-6.4,0.0],"scale":[4.0,4.0,4.0]}}}