{"textures":{"0":"modelengine:entity/hell"},"elements":[{"from":[7.323515,8.284499,7.294041],"to":[7.8949437,9.427357,7.86547],"rotation":{"angle":0.0,"axis":"y","origin":[10.0,-2.0,7.142857]},"faces":{"east":{"uv":[7.25,7.5,7.375,7.75],"rotation":0,"texture":"#0","tintindex":0},"south":{"uv":[7.375,7.5,7.5,7.75],"rotation":0,"texture":"#0","tintindex":0},"north":{"uv":[7.5,7.0,7.625,7.25],"rotation":0,"texture":"#0","tintindex":0},"west":{"uv":[7.5,7.5,7.625,7.75],"rotation":0,"texture":"#0","tintindex":0},"up":{"uv":[7.75,1.625,7.625,1.5],"rotation":0,"texture":"#0","tintindex":0},"down":{"uv":[1.75,7.625,1.625,7.75],"rotation":0,"texture":"#0","tintindex":0}}}],"display":{"head":{"translation":[0.0,-6.4,0.0],"scale":[4.0,4.0,4.0]}}}