{"textures":{"0":"modelengine:entity/hell"},"elements":[{"from":[8.105057,8.284499,7.351184],"to":[8.676485,9.427356,7.9226127],"rotation":{"angle":0.0,"axis":"y","origin":[10.0,-2.0,7.142857]},"faces":{"east":{"uv":[7.625,0.0,7.75,0.25],"rotation":0,"texture":"#0","tintindex":0},"south":{"uv":[0.125,7.625,0.25,7.875],"rotation":0,"texture":"#0","tintindex":0},"north":{"uv":[0.0,7.625,0.125,7.875],"rotation":0,"texture":"#0","tintindex":0},"west":{"uv":[0.25,7.625,0.375,7.875],"rotation":0,"texture":"#0","tintindex":0},"up":{"uv":[7.75,1.75,7.625,1.625],"rotation":0,"texture":"#0","tintindex":0},"down":{"uv":[1.875,7.625,1.75,7.75],"rotation":0,"texture":"#0","tintindex":0}}}],"display":{"head":{"translation":[0.0,-6.4,0.0],"scale":[4.0,4.0,4.0]}}}