{"textures":{"0":"modelengine:entity/hell"},"elements":[{"from":[7.8285713,8.836842,6.304426],"to":[8.4,10.151127,6.7044263],"rotation":{"angle":0.0,"axis":"z","origin":[8.285714,8.571428,8.285714]},"faces":{"east":{"uv":[6.75,7.5,6.875,7.75],"rotation":0,"texture":"#0","tintindex":0},"south":{"uv":[7.5,6.75,7.625,7.0],"rotation":0,"texture":"#0","tintindex":0},"north":{"uv":[7.5,6.5,7.625,6.75],"rotation":0,"texture":"#0","tintindex":0},"west":{"uv":[6.875,7.5,7.0,7.75],"rotation":0,"texture":"#0","tintindex":0},"up":{"uv":[0.75,7.75,0.625,7.625],"rotation":0,"texture":"#0","tintindex":0},"down":{"uv":[7.75,0.625,7.625,0.75],"rotation":0,"texture":"#0","tintindex":0}}}],"display":{"head":{"translation":[0.0,-6.4,0.0],"scale":[4.0,4.0,4.0]}}}