{"textures":{"0":"modelengine:entity/hell"},"elements":[{"from":[7.6853094,15.813882,8.885715],"to":[8.256738,16.95674,9.228572],"rotation":{"angle":0.0,"axis":"z","origin":[8.256738,16.95674,9.0]},"faces":{"east":{"uv":[5.75,7.5,5.875,7.75],"rotation":0,"texture":"#0","tintindex":0},"south":{"uv":[7.5,6.0,7.625,6.25],"rotation":0,"texture":"#0","tintindex":0},"north":{"uv":[6.375,5.75,6.5,6.0],"rotation":0,"texture":"#0","tintindex":0},"west":{"uv":[7.5,6.25,7.625,6.5],"rotation":0,"texture":"#0","tintindex":0},"up":{"uv":[0.625,7.75,0.5,7.625],"rotation":0,"texture":"#0","tintindex":0},"down":{"uv":[7.75,0.5,7.625,0.625],"rotation":0,"texture":"#0","tintindex":0}}}],"display":{"head":{"translation":[0.0,-6.4,0.0],"scale":[4.0,4.0,4.0]}}}