{"textures":{"0":"modelengine:entity/hell"},"elements":[{"from":[8.055798,7.562688,7.428571],"to":[9.770083,8.076973,8.571428],"rotation":{"angle":0.0,"axis":"y","origin":[8.096392,8.313105,8.0]},"faces":{"east":{"uv":[6.5,4.625,6.75,4.75],"rotation":0,"texture":"#0","tintindex":0},"south":{"uv":[5.5,7.375,5.875,7.5],"rotation":0,"texture":"#0","tintindex":0},"north":{"uv":[7.375,5.375,7.75,5.5],"rotation":0,"texture":"#0","tintindex":0},"west":{"uv":[7.5,5.25,7.75,5.375],"rotation":0,"texture":"#0","tintindex":0},"up":{"uv":[6.375,6.0,6.0,5.75],"rotation":0,"texture":"#0","tintindex":0},"down":{"uv":[4.625,7.25,4.25,7.5],"rotation":0,"texture":"#0","tintindex":0}}}],"display":{"head":{"translation":[0.0,-6.4,0.0],"scale":[4.0,4.0,4.0]}}}