{"textures":{"0":"modelengine:entity/hell"},"elements":[{"from":[6.857143,6.5583186,6.0195694],"to":[8.571428,10.558319,8.305284],"rotation":{"angle":0.0,"axis":"y","origin":[10.857143,-4.5714293,8.0]},"faces":{"east":{"uv":[4.5,5.5,5.0,6.375],"rotation":0,"texture":"#0","tintindex":0},"south":{"uv":[6.5,3.75,6.875,4.625],"rotation":0,"texture":"#0","tintindex":0},"north":{"uv":[6.5,2.875,6.875,3.75],"rotation":0,"texture":"#0","tintindex":0},"west":{"uv":[5.5,5.125,6.0,6.0],"rotation":0,"texture":"#0","tintindex":0},"up":{"uv":[7.25,6.125,6.875,5.625],"rotation":0,"texture":"#0","tintindex":0},"down":{"uv":[7.25,6.125,6.875,6.625],"rotation":0,"texture":"#0","tintindex":0}}}],"display":{"head":{"translation":[0.0,-6.4,0.0],"scale":[4.0,4.0,4.0]}}}